filename,source,split,tvnt_true,tvnt_score,mitotic_true,mitotic_pred,nucleol_true,nucleol_pred,hyperchrom_true,hyperchrom_pred
OSCC_400x_236_jpg.rf.145442bc5ce258ac61321ec1fa6807ca.jpg,OSCC_400x_236_jpg,val,1,0.99999976,0,-0.040618,6,6.007753,36,27.883593
OSCC_400x_236_jpg.rf.a6bf636abd524dca31d016ccc7911bee.jpg,OSCC_400x_236_jpg,val,1,0.99285972,0,0.101401,6,2.295166,36,5.556773
OSCC_400x_21_jpg.rf.e699530ff21c14ebeb0b2a462f5d7dd8.jpg,OSCC_400x_21_jpg,val,1,0.97222137,1,0.110041,5,3.010374,1,0.823362
OSCC_400x_412_jpg.rf.cbfb163cfc5f52bb0066d6de540c2968.jpg,OSCC_400x_412_jpg,val,1,0.90611112,0,0.102785,0,0.786820,3,1.713850
OSCC_400x_475_jpg.rf.ace897e2e90b45f450f073adbc8fc205.jpg,OSCC_400x_475_jpg,val,1,0.95684385,0,0.031687,0,1.775589,1,2.542925
OSCC_400x_291_jpg.rf.278b79b467b8c31eced53c1a6d26ef9b.jpg,OSCC_400x_291_jpg,val,0,0.96036494,0,0.086575,0,4.167253,0,0.733023
OSCC_400x_95_jpg.rf.4a3bf3b861ffbea3e8852f1dbfd0063d.jpg,OSCC_400x_95_jpg,val,1,0.99440801,0,0.012275,2,6.087134,1,3.299319
OSCC_400x_68_jpg.rf.9f50dab7d36014bbeb5264839ef2e479.jpg,OSCC_400x_68_jpg,val,1,0.99857569,0,0.005941,10,10.283786,1,0.578017
OSCC_400x_10_jpg.rf.c2e7618c21aa5b9d7e4bae1681e53fd7.jpg,OSCC_400x_10_jpg,val,1,0.99998546,0,0.142686,3,3.148469,18,17.312675
OSCC_400x_16_jpg.rf.bf10e867f27b55a9e8668e9dbf3a7e67.jpg,OSCC_400x_16_jpg,val,1,0.99688244,0,0.098972,8,7.881878,1,-0.124963
OSCC_400x_138_jpg.rf.bfa4bd9102b51ee35c93dfc2095b89d6.jpg,OSCC_400x_138_jpg,val,1,0.99716574,0,0.101174,13,8.611576,0,1.641866
OSCC_400x_455_jpg.rf.dff4499e600b8e291de8fbb2426a3907.jpg,OSCC_400x_455_jpg,val,1,0.98609239,1,0.096222,3,3.255714,1,2.761371
OSCC_400x_27_jpg.rf.17f99cdf055f7da51e29f75aa1bc61cf.jpg,OSCC_400x_27_jpg,val,1,0.99717486,0,0.172308,9,7.221995,0,-0.158315
OSCC_400x_1_jpg.rf.15aa87e0e9c0c04e9483fdf71fbddb80.jpg,OSCC_400x_1_jpg,val,1,0.99955481,0,0.147894,11,10.814568,0,1.188504
OSCC_400x_324_jpg.rf.afba78a84799bf7017a39faa1ab9150c.jpg,OSCC_400x_324_jpg,val,1,0.99729306,0,0.154149,4,4.007771,8,4.720100
OSCC_400x_71_jpg.rf.b81be53c47260c82d4999757c6d032be.jpg,OSCC_400x_71_jpg,val,1,0.88270992,0,0.030865,1,1.350543,0,0.687289
OSCC_400x_231_jpg.rf.fc1b11cc348b6af012bcef98593df29c.jpg,OSCC_400x_231_jpg,val,1,0.96342587,0,0.017333,2,1.969273,2,2.657720
OSCC_400x_258_jpg.rf.d2d40a7c4536b5d277ddc1861d24cb63.jpg,OSCC_400x_258_jpg,val,1,0.99890697,0,-0.081741,2,2.771127,11,8.631587
OSCC_400x_444_jpg.rf.67f973dd871a8b4720d07a7d711376a2.jpg,OSCC_400x_444_jpg,val,1,0.95454401,1,-0.020804,2,0.956805,5,3.435833
OSCC_400x_397_jpg.rf.40b3d179a2cbdf2bcec75564e2fb7a3f.jpg,OSCC_400x_397_jpg,val,1,0.92513144,0,0.008287,0,0.636195,4,2.395627
OSCC_400x_232_jpg.rf.44326f6fdd959f10e364400c6d07f2f0.jpg,OSCC_400x_232_jpg,val,1,0.95986933,0,0.090722,0,2.332651,1,1.398501
OSCC_400x_37_jpg.rf.b917ac01aa16d5f927bfccd87a1533b8.jpg,OSCC_400x_37_jpg,val,1,0.99177247,0,0.119819,4,4.556145,2,1.594127
OSCC_400x_414_jpg.rf.6e2ef3150b8b7c622a6b097be772f962.jpg,OSCC_400x_414_jpg,val,1,0.83005214,0,0.064533,0,0.102803,8,1.193814
OSCC_400x_324_jpg.rf.cd8a60be7c3263c22ad9ef4facc9eac8.jpg,OSCC_400x_324_jpg,val,1,0.99953985,0,0.129692,4,4.537744,8,8.106708
OSCC_400x_404_jpg.rf.6543ad742b7cedae31d2bc48e7128a51.jpg,OSCC_400x_404_jpg,val,1,0.92251259,0,0.036554,1,1.533669,0,1.018630
OSCC_400x_441_jpg.rf.e5070b3197af4dd7eb0d3a4e5596ad0d.jpg,OSCC_400x_441_jpg,val,1,0.95270604,0,0.136606,0,1.181113,3,3.504753
OSCC_400x_155_jpg.rf.14c141ff25a4611518488bdf83748f97.jpg,OSCC_400x_155_jpg,val,1,0.95584899,0,0.057386,0,2.933154,2,2.003136
OSCC_400x_282_jpg.rf.76a075b47a9a0410bf94bf8ebf12a54a.jpg,OSCC_400x_282_jpg,val,1,0.94269919,0,0.118306,0,2.446648,8,0.588068
OSCC_400x_131_jpg.rf.06bf64acf495066b24cc338dfb00720d.jpg,OSCC_400x_131_jpg,val,1,0.94522637,0,0.073138,0,1.208527,1,1.783307
OSCC_400x_320_jpg.rf.b8b03d7b33f29c1ffe2c652cf361e3ab.jpg,OSCC_400x_320_jpg,val,1,0.91965711,0,0.029287,0,0.754464,4,2.056187
OSCC_400x_246_jpg.rf.10929f292af6e71bb04aa0b1cefe794e.jpg,OSCC_400x_246_jpg,val,1,0.99032241,0,0.110593,7,4.675458,3,3.006438
OSCC_400x_359_jpg.rf.a724442621f5b1ac89ef936a9d388f2b.jpg,OSCC_400x_359_jpg,val,1,0.99444020,0,-0.057866,6,4.531464,6,7.307788
OSCC_400x_90_jpg.rf.608337aaf7aab8a501bc9bc3031de962.jpg,OSCC_400x_90_jpg,val,1,0.91618419,0,0.056207,1,1.168718,1,1.789543
OSCC_400x_457_jpg.rf.bbc793785892b8a61c2e03c0455954ee.jpg,OSCC_400x_457_jpg,val,1,0.94377828,0,0.014295,2,3.866452,7,0.650759
OSCC_400x_406_jpg.rf.cdd854a556dd0943b687d0ba7f88088e.jpg,OSCC_400x_406_jpg,val,1,0.93354547,0,0.036027,0,1.666240,3,1.249506
OSCC_400x_408_jpg.rf.6afaf5123fb083b7cfadcdaaeaac227b.jpg,OSCC_400x_408_jpg,val,1,0.93015528,0,0.073666,0,1.467115,1,1.429451
OSCC_400x_26_jpg.rf.467f20e3a76d9bab3102fe4abd5fddf0.jpg,OSCC_400x_26_jpg,val,1,0.97646946,0,0.232271,2,3.602085,0,0.410908
OSCC_400x_173_jpg.rf.d75baf86461141d9a1f35bfca2ab8c1a.jpg,OSCC_400x_173_jpg,val,1,0.92613405,0,0.035569,0,2.015718,1,0.910298
OSCC_400x_82_jpg.rf.99a27b5d778a01071172e5b265796e40.jpg,OSCC_400x_82_jpg,val,1,0.89199907,0,0.013939,3,0.523617,5,1.950259
OSCC_400x_272_jpg.rf.5955f86f06eb2d71b9be92cb001d75c3.jpg,OSCC_400x_272_jpg,val,1,0.94791663,0,0.150676,1,2.267173,1,1.198525
OSCC_400x_72_jpg.rf.3926e3c2632442a84e2b0ee0947d688b.jpg,OSCC_400x_72_jpg,val,1,0.95540589,0,0.066813,6,2.087395,2,1.425876
OSCC_400x_459_jpg.rf.e4e0d1d4863e15fa6e0c305c4667f223.jpg,OSCC_400x_459_jpg,val,1,0.97097766,0,0.056684,7,3.324193,0,2.169840
OSCC_400x_313_jpg.rf.19437a5e0bbe709c68394387d153225c.jpg,OSCC_400x_313_jpg,val,1,0.90030241,0,0.046809,2,0.808268,5,1.685904
OSCC_400x_206_jpg.rf.b89de611bb9d2316a7a426e33c724bf4.jpg,OSCC_400x_206_jpg,val,1,1.00000000,0,0.080932,28,30.437263,0,-0.740495
OSCC_400x_267_jpg.rf.33647fdcc3072b121db705fdb6accfd8.jpg,OSCC_400x_267_jpg,val,1,0.88844329,0,0.006907,0,0.831801,1,0.858149
OSCC_400x_176_jpg.rf.1cce61f7e8ba5351e82a2ccc29b3d7ab.jpg,OSCC_400x_176_jpg,val,1,0.99516946,0,0.140270,9,6.324297,0,3.076518
OSCC_400x_9_jpg.rf.1bc0a3ad69aac42b7bfbdba679a7ab81.jpg,OSCC_400x_9_jpg,val,1,0.95431614,0,0.120590,6,2.817261,2,0.472414
OSCC_400x_193_jpg.rf.b116c05efa1266ba8056edcd1ebff972.jpg,OSCC_400x_193_jpg,val,1,0.93336356,0,0.211027,1,1.507974,1,1.703632
OSCC_400x_225_jpg.rf.92ec878bbf5105d473a9a8e109a94979.jpg,OSCC_400x_225_jpg,val,1,0.96050149,0,-0.062497,0,2.840027,12,1.823328
OSCC_400x_295_jpg.rf.cf650dd9095d092411bb03bf44a8c3f2.jpg,OSCC_400x_295_jpg,val,1,0.99999452,0,0.050904,21,19.458300,1,-0.919801
OSCC_400x_314_jpg.rf.bb96116d93ab33bc38c2e367b936dd4f.jpg,OSCC_400x_314_jpg,val,1,0.88758206,0,-0.043780,0,0.817571,2,1.635664
OSCC_400x_336_jpg.rf.4bb99ef740bf7f3671eba6fefd186ea8.jpg,OSCC_400x_336_jpg,val,1,0.99955398,0,0.144099,10,9.020917,1,2.341660
OSCC_400x_322_jpg.rf.5d773d63a7efce2c14face1056749722.jpg,OSCC_400x_322_jpg,val,0,0.92384177,0,-0.002518,0,1.738194,0,0.998895
OSCC_400x_475_jpg.rf.deb65f5584a2f87fc2a7ccde6846aa02.jpg,OSCC_400x_475_jpg,val,1,0.89347595,0,0.013361,0,1.302907,1,0.913517
OSCC_400x_49_jpg.rf.d92a516d2f91b6ea54ccb8ca89387de6.jpg,OSCC_400x_49_jpg,val,1,0.85839278,0,-0.036586,0,0.357571,1,2.099676
OSCC_400x_183_jpg.rf.7f77c20ebaa1999bf41a1ca6b24bba6a.jpg,OSCC_400x_183_jpg,val,1,0.99201560,0,0.187154,11,5.330538,0,1.257798
OSCC_400x_130_jpg.rf.b2f9d616c70582eb6ec08affc4ab5445.jpg,OSCC_400x_130_jpg,val,1,0.95435137,0,0.215618,0,1.817145,1,1.048767
OSCC_400x_393_jpg.rf.d865683b20f97993768a628b732301b2.jpg,OSCC_400x_393_jpg,val,1,0.92285824,0,0.158102,0,1.034414,1,1.501016
OSCC_400x_392_jpg.rf.8e3b6ba33eb102c057787ef410900e0e.jpg,OSCC_400x_392_jpg,val,1,0.99083763,0,0.099435,7,4.495808,1,3.438937
OSCC_400x_186_jpg.rf.e3ee3fb23c6ac9369a7994987ab03b9d.jpg,OSCC_400x_186_jpg,val,1,0.89380032,0,-0.049547,0,0.439989,1,2.221414
OSCC_400x_477_jpg.rf.1de81755c833d963cca14b0e3c4796d1.jpg,OSCC_400x_477_jpg,val,1,0.95269001,0,0.025812,4,1.897784,0,1.087240
OSCC_400x_275_jpg.rf.310d0627efc43a24cfef208d85115369.jpg,OSCC_400x_275_jpg,val,1,0.97903514,0,0.030883,0,0.869483,12,6.070699
OSCC_400x_321_jpg.rf.10a252c20a5f0e3b667faaa340801470.jpg,OSCC_400x_321_jpg,val,1,0.99669802,0,0.057683,6,2.341472,14,8.071321
OSCC_400x_166_jpg.rf.4d110a43df4f4b3a67967e11281073a3.jpg,OSCC_400x_166_jpg,val,1,0.99955970,0,0.173536,11,11.012222,1,1.409422
OSCC_400x_342_jpg.rf.459bbfbc330a60af5050230bb0468087.jpg,OSCC_400x_342_jpg,val,1,0.99816847,0,-0.020609,6,3.836987,2,8.462671
OSCC_400x_106_jpg.rf.fd483c7000c2bc3468f99743145f6db2.jpg,OSCC_400x_106_jpg,val,1,0.99365258,0,0.212435,6,5.390340,2,1.187177
OSCC_400x_259_jpg.rf.667865ea613b224fdb862b6a636937e0.jpg,OSCC_400x_259_jpg,val,1,0.97568274,1,0.113145,8,4.653028,1,0.206377
OSCC_400x_250_jpg.rf.c52d454a607e415ac1d877366e0d5490.jpg,OSCC_400x_250_jpg,val,1,0.93543136,0,0.008947,0,1.123704,2,1.884852
OSCC_400x_248_jpg.rf.cc7adef7eba3eba1c25928b9dc039389.jpg,OSCC_400x_248_jpg,val,1,0.99387896,2,0.233312,6,5.568784,1,1.947315
OSCC_400x_214_jpg.rf.2e11b2d65386a2c4f13ba2160c711414.jpg,OSCC_400x_214_jpg,val,1,0.99786818,0,-0.016635,3,4.884367,4,6.560485
OSCC_400x_296_jpg.rf.af1279e213b6e977ada8f8c9ff0f3ee1.jpg,OSCC_400x_296_jpg,val,1,0.99961191,0,-0.022926,25,11.819157,9,0.548827
OSCC_400x_246_jpg.rf.c2c5ec66ca7a996fcb4166f544900e63.jpg,OSCC_400x_246_jpg,val,1,0.99459273,0,0.187447,7,4.467619,3,4.327052
OSCC_400x_96_jpg.rf.4d4cb7f29ba9aa0a2da35fcbf40d40d2.jpg,OSCC_400x_96_jpg,val,1,0.99979395,0,0.219934,9,9.553479,5,4.889518
OSCC_400x_291_jpg.rf.91cea4f6109359ae909d8f5e2250eaed.jpg,OSCC_400x_291_jpg,val,0,0.86816239,0,0.150504,0,1.555617,0,0.743093
OSCC_400x_482_jpg.rf.6687073bbaac5e8e3e1b8a78b704ba28.jpg,OSCC_400x_482_jpg,val,1,0.91682303,0,0.032097,0,0.091037,1,1.653670
OSCC_400x_88_jpg.rf.4175c35fd31441a51aef2c8b382ec7a6.jpg,OSCC_400x_88_jpg,val,1,0.88525254,0,0.105687,5,1.053082,1,1.324712
OSCC_400x_23_jpg.rf.56c40d50c3d39b9b4c1df6c33ad90bde.jpg,OSCC_400x_23_jpg,val,1,0.94046813,0,0.063508,0,0.770147,1,2.410163
OSCC_400x_85_jpg.rf.8576e158d6e909b9baa2cf7c1996010a.jpg,OSCC_400x_85_jpg,val,1,0.99528056,0,0.073911,0,6.294892,2,1.793901
OSCC_400x_359_jpg.rf.72176cb567169ad049782d06eaa0f994.jpg,OSCC_400x_359_jpg,val,1,0.97390378,0,-0.014627,6,2.852175,6,4.408050
OSCC_400x_477_jpg.rf.8e5c76988cb88c9e46c8d9b706606be8.jpg,OSCC_400x_477_jpg,val,1,0.97739750,0,0.014608,4,1.997015,0,2.981446
OSCC_400x_214_jpg.rf.e9dbdc73b648b2e9a5431f6e8fd61e6e.jpg,OSCC_400x_214_jpg,val,1,0.99671292,0,0.059790,3,4.205564,4,6.179315
OSCC_400x_290_jpg.rf.c08269e2c4b1c9495f1e86d807b9ceb6.jpg,OSCC_400x_290_jpg,val,1,0.99989390,0,0.199064,4,13.059863,0,1.374832
OSCC_400x_105_jpg.rf.6c2a7c021cc03afa80b47172faf95eca.jpg,OSCC_400x_105_jpg,val,1,0.96559840,0,-0.045850,0,1.646455,3,3.031263
OSCC_400x_108_jpg.rf.4be0536feaffeb9ba30f50db5d820e89.jpg,OSCC_400x_108_jpg,val,1,0.97519022,0,0.218414,3,3.260921,2,0.817704
OSCC_400x_78_jpg.rf.5693ef062336c7d0156fddb1665c92a9.jpg,OSCC_400x_78_jpg,val,1,0.91863686,0,-0.021443,0,1.014019,1,2.888050
OSCC_400x_61_jpg.rf.b75bdd2680fce23eaa643a26c349a431.jpg,OSCC_400x_61_jpg,val,1,0.99224257,0,0.094479,3,3.620429,3,4.011130
OSCC_400x_244_jpg.rf.6b2379de9dab227af421927b90f491e5.jpg,OSCC_400x_244_jpg,val,1,0.96803737,1,0.268136,3,3.277691,2,1.405064
OSCC_400x_350_jpg.rf.977658b32047bb33143f4116cc346b0e.jpg,OSCC_400x_350_jpg,val,1,0.99996352,0,-0.112842,3,2.961510,12,19.111811
OSCC_400x_352_jpg.rf.6ad22ae8b87331fb9a52ce04e7215437.jpg,OSCC_400x_352_jpg,val,1,0.98783153,0,-0.157859,0,0.603824,5,7.897496
OSCC_400x_143_jpg.rf.9a8f57ca92ff0a2f0fc8fa1ca9fc8216.jpg,OSCC_400x_143_jpg,val,1,0.95371073,0,0.023971,3,1.307995,2,3.419748
OSCC_400x_30_jpg.rf.da60a69f6b287421761934a8bd8dda6b.jpg,OSCC_400x_30_jpg,val,1,0.98279792,0,0.077136,3,5.126904,2,1.458648
OSCC_400x_434_jpg.rf.38c76c397add4a53c59e9ee33d56da37.jpg,OSCC_400x_434_jpg,val,1,0.99633431,0,0.145758,9,6.131647,0,1.497207
OSCC_400x_81_jpg.rf.4d2cf4d70d620ab09aa901bf336896b8.jpg,OSCC_400x_81_jpg,val,1,0.82813466,0,0.036762,1,0.468355,1,0.985838
OSCC_400x_493_jpg.rf.c47ce5c426bc94a52cc385b7605fe254.jpg,OSCC_400x_493_jpg,val,0,0.87220454,0,0.047140,0,1.218917,0,0.953779
OSCC_400x_183_jpg.rf.1ccdc75770e923eb0cfd99526d60fb74.jpg,OSCC_400x_183_jpg,val,1,0.99848598,0,0.195007,11,8.642921,0,1.038080
OSCC_400x_406_jpg.rf.5c66d34b3ffe53c68e0adf4047285d38.jpg,OSCC_400x_406_jpg,val,1,0.94733852,0,0.065432,0,1.268684,3,1.740221
OSCC_400x_211_jpg.rf.be5047b41694053666a6d833fe348aa1.jpg,OSCC_400x_211_jpg,val,1,0.99330890,0,0.026536,7,5.925382,6,5.455204
OSCC_400x_21_jpg.rf.fa818ba091c826ab5de0dc5c9a590468.jpg,OSCC_400x_21_jpg,val,1,0.97611010,1,0.203985,5,3.758517,2,0.431186
OSCC_400x_474_jpg.rf.1f3c05b0b1d9e74fe3a9d851f240cd48.jpg,OSCC_400x_474_jpg,val,1,0.86280680,0,0.037474,0,0.758369,1,1.047581
OSCC_400x_13_jpg.rf.78637e2763f941e482fbcc1a32c234d9.jpg,OSCC_400x_13_jpg,val,1,0.99991238,0,0.082010,15,13.587639,0,-0.235180
OSCC_400x_177_jpg.rf.b7e4216cd399fd028485605fcc181d6f.jpg,OSCC_400x_177_jpg,val,1,0.98027211,0,0.165532,3,4.366308,0,-0.086083
OSCC_400x_181_jpg.rf.b7151f1b318679e5d2df53b7453586d2.jpg,OSCC_400x_181_jpg,val,1,0.96891934,0,0.102469,5,3.279583,0,1.097705
OSCC_400x_363_jpg.rf.3dd5141e0898cb49c7580b5cfdc1aea0.jpg,OSCC_400x_363_jpg,val,1,0.98497725,0,-0.007416,5,4.207024,2,2.123834
OSCC_400x_131_jpg.rf.1b5acbdf22bc8824986ebd2e7b53f12e.jpg,OSCC_400x_131_jpg,val,1,0.92434895,0,0.081288,0,1.568952,1,0.975925
OSCC_400x_85_jpg.rf.a89cf88d4d4026d848ac980fa4424bb3.jpg,OSCC_400x_85_jpg,val,1,0.96544468,0,-0.054856,0,3.607325,1,1.549762
OSCC_400x_294_jpg.rf.1215b4215dbd83b777e8433df52b7e57.jpg,OSCC_400x_294_jpg,val,1,0.89679128,0,0.018292,0,1.968151,24,1.696259
OSCC_400x_313_jpg.rf.d9675e21021c9115a107e72644fac848.jpg,OSCC_400x_313_jpg,val,1,0.99282432,0,0.058298,2,4.566347,5,2.746470
OSCC_400x_26_jpg.rf.790319f2c2860eb6b530760d68cbe5db.jpg,OSCC_400x_26_jpg,val,1,0.96858805,0,0.184405,2,2.485009,0,0.957333
OSCC_400x_168_jpg.rf.e99af91eef7e4aeada6e4fcbd5aa0432.jpg,OSCC_400x_168_jpg,val,1,0.98568130,0,0.092735,4,4.541985,2,0.747858
OSCC_400x_244_jpg.rf.56daaa0e25e7026cf63a2bb04d9523dd.jpg,OSCC_400x_244_jpg,train,1,0.99522358,1,0.238232,3,6.397976,2,2.626477
OSCC_400x_250_jpg.rf.4042b438957b1204b30dd17f231673b9.jpg,OSCC_400x_250_jpg,train,1,0.92336273,0,0.071336,0,1.075543,2,1.577999
OSCC_400x_431_jpg.rf.78af082d88b7693555fd776867047dfa.jpg,OSCC_400x_431_jpg,train,1,0.99028933,0,0.049706,7,5.451104,3,1.882475
OSCC_400x_10_jpg.rf.a35337448ca4d2be3d86eef91bb4f314.jpg,OSCC_400x_10_jpg,train,1,0.99991143,0,0.170660,3,2.333997,18,13.346829
OSCC_400x_393_jpg.rf.769bc9952d5f2fcc032192debd98dc7d.jpg,OSCC_400x_393_jpg,train,1,0.87705028,0,0.146090,0,1.084075,1,0.251997
OSCC_400x_246_jpg.rf.8580bc3d5cdd5297cf9e0ccdf1c5876e.jpg,OSCC_400x_246_jpg,train,1,0.99144006,0,0.194264,7,4.590858,3,2.765317
OSCC_400x_59_jpg.rf.945ecdb3b99c15d5794237c1bdd3a521.jpg,OSCC_400x_59_jpg,train,1,0.94082159,1,0.106252,3,1.183043,2,2.399910
OSCC_400x_366_jpg.rf.c5e91d439c6f034d3f025941a8e12eb1.jpg,OSCC_400x_366_jpg,train,0,0.85464287,0,0.055117,0,0.944379,0,1.865557
OSCC_400x_175_jpg.rf.a30b0ed43641a98b07aad5fc82bf18f6.jpg,OSCC_400x_175_jpg,train,1,0.99797076,0,0.099491,8,8.477543,1,0.847337
OSCC_400x_71_jpg.rf.4e3df1ebc40a47e4a855cc3fc0a0d488.jpg,OSCC_400x_71_jpg,train,1,0.93638271,0,0.034511,1,1.844564,0,1.894529
OSCC_400x_370_jpg.rf.c8c1de362b0eaad97aa63757d12544a4.jpg,OSCC_400x_370_jpg,train,1,0.95109916,0,0.035692,2,1.016886,0,2.306422
OSCC_400x_317_jpg.rf.486afa7af35eac746251779d726964ff.jpg,OSCC_400x_317_jpg,train,0,0.85143107,0,0.038393,0,0.887123,0,1.238467
OSCC_400x_258_jpg.rf.3d15693862ab78c9d34b4cf6877f4598.jpg,OSCC_400x_258_jpg,train,1,0.99702126,0,0.024224,2,2.273544,10,7.752160
OSCC_400x_228_jpg.rf.741241205c02755a1dacc901b817bd66.jpg,OSCC_400x_228_jpg,train,1,0.99575967,0,-0.072323,2,3.984575,9,6.128076
OSCC_400x_63_jpg.rf.0716ad798e629d1a81942e1f981ad1e0.jpg,OSCC_400x_63_jpg,train,1,0.96477091,0,-0.046003,1,1.329232,5,3.609687
OSCC_400x_370_jpg.rf.246d0fe940f9764afc3aee744894f125.jpg,OSCC_400x_370_jpg,train,1,0.93979979,0,0.062249,2,1.624215,0,1.195058
OSCC_400x_431_jpg.rf.0d02eefa1dd5c63b1865860054758a42.jpg,OSCC_400x_431_jpg,train,1,0.99360609,0,0.058609,8,6.383889,3,1.753873
OSCC_400x_16_jpg.rf.77676d2fa3d62354ac8c21e299c2fbbc.jpg,OSCC_400x_16_jpg,train,1,0.99595755,0,0.238870,7,6.837256,1,-0.227005
OSCC_400x_23_jpg.rf.216b745d20fe8403ae1f1c798a048c80.jpg,OSCC_400x_23_jpg,train,1,0.94175845,0,0.068537,0,0.745353,1,2.350219
OSCC_400x_13_jpg.rf.a5e0e84fed231830bd1cd3d2e16fe581.jpg,OSCC_400x_13_jpg,train,1,0.99994898,0,0.009140,15,14.257327,0,-0.359484
OSCC_400x_280_jpg.rf.5bf381901ef80ae1768a07dcf20c398f.jpg,OSCC_400x_280_jpg,train,1,0.99019927,1,0.190360,3,5.865194,3,1.168435
OSCC_400x_492_jpg.rf.4358905b4af85b0339c27a039fbe7d19.jpg,OSCC_400x_492_jpg,train,1,0.97159475,0,-0.005124,0,-0.743346,9,6.752183
OSCC_400x_494_jpg.rf.de3415ba6f28a4db600213fa6167bf6f.jpg,OSCC_400x_494_jpg,train,1,0.93065387,0,-0.023554,1,0.515937,3,1.578270
OSCC_400x_111_jpg.rf.7e37ce22a49a2aa22e63660e88c08019.jpg,OSCC_400x_111_jpg,train,1,0.98993963,0,0.115665,0,2.268722,7,6.401935
OSCC_400x_458_jpg.rf.052c07fd9d9486edc2ad8325e82458df.jpg,OSCC_400x_458_jpg,train,1,0.98323452,0,0.094020,5,3.936842,9,3.921769
OSCC_400x_172_jpg.rf.db86d211ee95f619dd963779eb55b41a.jpg,OSCC_400x_172_jpg,train,1,0.96061236,0,0.107721,0,1.324996,2,2.497379
OSCC_400x_404_jpg.rf.5455f79c5a70a375adf87be4a0d2412c.jpg,OSCC_400x_404_jpg,train,1,0.89469016,0,0.038241,1,1.221392,0,0.689529
OSCC_400x_404_jpg.rf.87650923ab2f56047525bdd799a13ca8.jpg,OSCC_400x_404_jpg,train,1,0.97175682,0,-0.026525,1,3.199724,0,1.283108
OSCC_400x_470_jpg.rf.84de2360b6253790d8281c748ff03093.jpg,OSCC_400x_470_jpg,train,1,0.99988675,0,-0.168859,13,12.281103,4,4.368367
OSCC_400x_65_jpg.rf.d8f6319483821d0984a4be970febda37.jpg,OSCC_400x_65_jpg,train,1,0.99999928,0,0.114880,23,23.600025,2,2.477706
OSCC_400x_179_jpg.rf.9a4460b0c57f275826cfc368565dec94.jpg,OSCC_400x_179_jpg,train,1,0.98873693,0,0.239205,4,2.730249,2,2.776472
OSCC_400x_214_jpg.rf.5915250ef78105ae62bb09565260eaa2.jpg,OSCC_400x_214_jpg,train,1,0.99509060,0,-0.013122,3,2.591558,4,6.160903
OSCC_400x_29_jpg.rf.cae8cf327375e112eb12f4b70c9b44e1.jpg,OSCC_400x_29_jpg,train,1,0.99505770,0,0.041222,6,5.704875,2,0.999699
OSCC_400x_394_jpg.rf.55366c2ef62317dc8218faa083ee35c6.jpg,OSCC_400x_394_jpg,train,1,0.98490679,0,0.336106,2,3.388133,1,1.358857
OSCC_400x_483_jpg.rf.674a4cc7439d7327f5f68eac60465f1e.jpg,OSCC_400x_483_jpg,train,1,0.98653364,0,-0.106891,0,0.717911,9,7.283647
OSCC_400x_109_jpg.rf.893ea63a54bb00b34a03cde4673f78ab.jpg,OSCC_400x_109_jpg,train,1,0.99423522,0,0.204320,6,5.941455,0,0.004912
OSCC_400x_267_jpg.rf.8d50cbed2d9b41a973cb3768079a6b07.jpg,OSCC_400x_267_jpg,train,1,0.91805243,0,0.163155,0,0.869830,1,1.158395
OSCC_400x_412_jpg.rf.52785018efa8e37d51cfd3961211d4dd.jpg,OSCC_400x_412_jpg,train,1,0.88719499,0,0.081815,0,0.185184,3,1.862919
OSCC_400x_399_jpg.rf.a8ae0890f2e4a6720acc59c6c4537f07.jpg,OSCC_400x_399_jpg,train,1,0.94408143,0,0.012010,0,1.423864,1,2.001594
OSCC_400x_393_jpg.rf.125b8e84d65da3c4c8d9d5c28a2e8dde.jpg,OSCC_400x_393_jpg,train,1,0.88934076,0,0.036470,0,1.188491,1,0.543351
OSCC_400x_131_jpg.rf.b360002c2a7548b6cc678398785f3253.jpg,OSCC_400x_131_jpg,train,1,0.94924712,0,0.111458,0,2.026303,1,1.233982
OSCC_400x_200_jpg.rf.00e6d4ce9d652ec9743ae01a5bbd4fd2.jpg,OSCC_400x_200_jpg,train,1,0.96424830,0,0.088624,2,3.175571,1,0.383654
OSCC_400x_250_jpg.rf.73245fab1745941f89ba7b782c0f4c3b.jpg,OSCC_400x_250_jpg,train,1,0.91664273,0,0.084974,0,1.026165,2,1.642344
OSCC_400x_432_jpg.rf.d0528137f353eac711dec43356dd55b8.jpg,OSCC_400x_432_jpg,train,1,0.99958962,0,-0.049601,13,12.347099,0,2.424539
OSCC_400x_350_jpg.rf.b763b7a8a97a17768b2d74cdfd915f54.jpg,OSCC_400x_350_jpg,train,1,0.99967670,0,-0.100904,3,2.325934,12,14.885263
OSCC_400x_65_jpg.rf.42631f96a47c0a15dfa1f2376bf2cc27.jpg,OSCC_400x_65_jpg,train,1,0.99999857,0,0.043517,23,23.184698,2,1.841285
OSCC_400x_481_jpg.rf.ec28e5a0a246b83b9ef26b56b546f906.jpg,OSCC_400x_481_jpg,train,1,0.89050519,0,0.034807,0,0.171178,1,1.092386
OSCC_400x_119_jpg.rf.21d66e7e7e933253b2a0366de98e020a.jpg,OSCC_400x_119_jpg,train,1,0.98553747,4,0.347106,0,1.667126,11,4.220117
OSCC_400x_155_jpg.rf.5f7c4180e8a9b9f26406eba3e51dea2d.jpg,OSCC_400x_155_jpg,train,1,0.87113684,0,0.055263,0,1.436813,2,1.235780
OSCC_400x_143_jpg.rf.70eda6a1d2fb041d97ec063617321fda.jpg,OSCC_400x_143_jpg,train,1,0.98719329,0,0.034895,3,3.661349,2,6.015549
OSCC_400x_378_jpg.rf.012dfe348785131ebeec4e9eded17d04.jpg,OSCC_400x_378_jpg,train,1,0.99989116,0,0.251701,19,13.593736,0,0.593489
OSCC_400x_125_jpg.rf.810e8fde3e9a0daa25964f8ae619a302.jpg,OSCC_400x_125_jpg,train,1,0.99620569,0,0.058364,0,0.545006,10,8.702669
OSCC_400x_415_jpg.rf.ad33b3d93d1de55889598c4846afcd2b.jpg,OSCC_400x_415_jpg,train,1,0.82218564,0,0.028866,0,-0.113838,1,1.364801
OSCC_400x_24_jpg.rf.aaa50b26a0fe3a298f75c0f0ea1142f5.jpg,OSCC_400x_24_jpg,train,1,0.99998772,0,-0.173786,14,16.987741,0,2.535042
OSCC_400x_446_jpg.rf.39d5e9c56c49e0968356148bf4621ea3.jpg,OSCC_400x_446_jpg,train,1,0.99574357,1,0.116773,7,6.893162,2,3.624429
OSCC_400x_286_jpg.rf.dddf0628fc8d3849272829ea73f98309.jpg,OSCC_400x_286_jpg,train,1,1.00000000,0,0.510221,36,32.173641,0,1.476023
OSCC_400x_374_jpg.rf.3ed2d774afc9593a3938b79f9b0fe2f8.jpg,OSCC_400x_374_jpg,train,1,0.99990320,0,0.019941,1,4.703637,9,16.669262
OSCC_400x_406_jpg.rf.5c170000bf670b62962b36fb9006b150.jpg,OSCC_400x_406_jpg,train,1,0.91666937,0,0.069134,0,1.406102,3,0.852748
OSCC_400x_201_jpg.rf.0e261b8031db56fa27ae8034042f6eb7.jpg,OSCC_400x_201_jpg,train,1,0.99936599,0,0.176422,10,5.295148,5,5.815320
OSCC_400x_397_jpg.rf.d1fd1cc6818e8d764ad1fc3608352160.jpg,OSCC_400x_397_jpg,train,1,0.94100207,0,-0.072597,0,0.476162,4,3.342381
OSCC_400x_196_jpg.rf.1b402442aae0e06cc7bf75f0731e620d.jpg,OSCC_400x_196_jpg,train,1,0.99611109,0,0.234052,8,5.653811,0,3.034420
OSCC_400x_423_jpg.rf.ceec580b259608a30814a8e45d135702.jpg,OSCC_400x_423_jpg,train,1,0.92149776,0,0.105237,0,0.792239,1,1.560052
OSCC_400x_8_jpg.rf.d9873fa64524304f4458d66dff5a34ab.jpg,OSCC_400x_8_jpg,train,1,0.88315809,0,-0.012396,1,0.489939,3,2.183178
OSCC_400x_458_jpg.rf.bdfc88dbd5d25e3346fbdf7461dd6119.jpg,OSCC_400x_458_jpg,train,1,0.99067444,0,0.065501,5,4.411784,9,5.208508
OSCC_400x_88_jpg.rf.5e3807d17162c045a19c97b09f5a1cdf.jpg,OSCC_400x_88_jpg,train,1,0.85404497,0,0.094638,5,0.557501,1,1.500970
OSCC_400x_459_jpg.rf.3b85ef8f839c0ecf1d86cd9db2d744c4.jpg,OSCC_400x_459_jpg,train,1,0.95946121,0,0.044957,6,3.850891,0,1.839264
OSCC_400x_176_jpg.rf.0aa3b294a3ff15d43680e0c4cd3bd99c.jpg,OSCC_400x_176_jpg,train,1,0.99755979,0,0.088668,9,8.855249,0,0.470543
OSCC_400x_50_jpg.rf.c05ae252c60ea0602b7bd900024279c6.jpg,OSCC_400x_50_jpg,train,1,0.91834241,0,0.033646,2,1.825309,2,1.523273
OSCC_400x_70_jpg.rf.2da5149bff21f30a36625eb04cb6b16a.jpg,OSCC_400x_70_jpg,train,1,0.98548698,0,0.033201,4,3.139707,1,3.433268
OSCC_400x_135_jpg.rf.98176c65f8260870a6a33bbe8f82c3da.jpg,OSCC_400x_135_jpg,train,1,0.97996336,0,0.181015,2,1.222994,7,3.972649
OSCC_400x_274_jpg.rf.8d56bd571fd0afccf43ebef9400eb621.jpg,OSCC_400x_274_jpg,train,1,0.94855255,0,0.125449,4,2.631063,1,0.721194
OSCC_400x_455_jpg.rf.906e5dbd23a834452b3312066405560d.jpg,OSCC_400x_455_jpg,train,1,0.94269508,1,0.115326,3,1.745363,1,1.784775
OSCC_400x_207_jpg.rf.957be66020553a745cf299f033592bde.jpg,OSCC_400x_207_jpg,train,1,0.99492681,0,0.025676,4,5.982312,1,1.972682
OSCC_400x_128_jpg.rf.4f1caf278c35936cd9bb52110897ce3d.jpg,OSCC_400x_128_jpg,train,1,0.98297977,0,-0.037645,0,0.969913,5,7.844334
OSCC_400x_193_jpg.rf.f133c2249019709d027d1de04f1faef9.jpg,OSCC_400x_193_jpg,train,1,0.94500786,0,0.122779,0,1.309219,1,1.782271
OSCC_400x_290_jpg.rf.3fe6a6f94103e52e184b083ab42b091a.jpg,OSCC_400x_290_jpg,train,1,0.98671746,0,0.082519,4,3.870762,0,1.582058
OSCC_400x_380_jpg.rf.49410658d3ef1e64822f0c85329fdaaf.jpg,OSCC_400x_380_jpg,train,1,0.96490455,0,-0.072403,0,0.833739,6,3.782147
OSCC_400x_227_jpg.rf.ede11eecf3dac71fde0bd6b48f193086.jpg,OSCC_400x_227_jpg,train,1,0.94270831,0,0.020646,2,1.780631,3,2.524123
OSCC_400x_360_jpg.rf.21dc39a24c6b57b4a386466578db416b.jpg,OSCC_400x_360_jpg,train,1,0.94595981,0,0.030399,3,2.905866,0,0.903587
OSCC_400x_32_jpg.rf.4159fec5e09b2db3c17c8ed49cd72fbc.jpg,OSCC_400x_32_jpg,train,1,0.94627076,0,0.131549,0,1.298901,2,2.044712
OSCC_400x_18_jpg.rf.a7e2ebe3e0e11259e7ba7153a29c26e9.jpg,OSCC_400x_18_jpg,train,1,0.97649866,1,0.291322,4,3.861673,0,0.004222
OSCC_400x_24_jpg.rf.4a9529660ca6f05c07484316b070f3a3.jpg,OSCC_400x_24_jpg,train,1,0.99994838,0,-0.036479,16,14.121790,0,2.060370
OSCC_400x_320_jpg.rf.17abb167bd73e0bf334a3052f181cec7.jpg,OSCC_400x_320_jpg,train,1,0.91899830,0,0.002102,0,0.763856,4,1.865278
OSCC_400x_291_jpg.rf.0b5d9ccb58503d2844161a43c8247801.jpg,OSCC_400x_291_jpg,train,0,0.92457306,0,0.106356,0,2.395073,0,1.030709
OSCC_400x_4_jpg.rf.82b743449dfb6261d11723a056986084.jpg,OSCC_400x_4_jpg,train,1,0.94999361,0,-0.031108,0,0.595008,6,3.808931
OSCC_400x_364_jpg.rf.4e8c0643e61d1e623e56300133d25398.jpg,OSCC_400x_364_jpg,train,1,0.99544299,0,0.162297,8,7.407100,0,1.349720
OSCC_400x_156_jpg.rf.35bd2d6a46a65ac40ab68dd8e2ee2103.jpg,OSCC_400x_156_jpg,train,1,0.99999332,0,-0.238210,15,15.905294,12,8.205217
OSCC_400x_103_jpg.rf.06f0d5c9ffb811d2849717a23d2f6585.jpg,OSCC_400x_103_jpg,train,1,0.97245377,0,0.077387,0,2.540298,1,1.978559
OSCC_400x_72_jpg.rf.27edcedf4857c36c0d6359d3a3aa6a50.jpg,OSCC_400x_72_jpg,train,1,0.95513505,0,0.085263,6,2.376457,2,1.475485
OSCC_400x_381_jpg.rf.36f98dd4bcf080eea8f96047e298bde8.jpg,OSCC_400x_381_jpg,train,1,0.93827999,0,0.049376,2,2.752084,2,1.142433
OSCC_400x_423_jpg.rf.36e046a008003c45395deb88748a0c63.jpg,OSCC_400x_423_jpg,train,1,0.87715024,0,0.069395,0,0.274762,1,1.333867
OSCC_400x_36_jpg.rf.2f9bca101747d599cc5fcb1ce483b353.jpg,OSCC_400x_36_jpg,train,1,0.95357990,0,0.084816,2,1.568508,2,2.354093
OSCC_400x_168_jpg.rf.7fd9ba500a44d4d1aa5f8f725047822c.jpg,OSCC_400x_168_jpg,train,1,0.98738796,0,0.123139,4,3.986739,2,1.202812
OSCC_400x_322_jpg.rf.2b908b6a967b9cb2eeb1f80d71a5331d.jpg,OSCC_400x_322_jpg,train,0,0.84442538,0,0.114811,0,0.794818,0,0.830277
OSCC_400x_423_jpg.rf.f6bbd1f5e6c152fd8d60e4bccef08eed.jpg,OSCC_400x_423_jpg,train,1,0.83632058,0,0.031901,0,0.091822,1,1.061413
OSCC_400x_106_jpg.rf.b23ed27340522d695ca3ef52fbfe7f24.jpg,OSCC_400x_106_jpg,train,1,0.99901724,0,0.102413,6,8.105844,2,1.780405
OSCC_400x_8_jpg.rf.1c9e2056ae2ed2b28fffb20e49a9d567.jpg,OSCC_400x_8_jpg,train,1,0.88808596,0,-0.018578,1,0.421724,3,2.232176
OSCC_400x_4_jpg.rf.98a1b492d7a93ed0785433c793828af1.jpg,OSCC_400x_4_jpg,train,1,0.97245425,0,-0.098594,0,0.304376,6,4.731757
OSCC_400x_137_jpg.rf.55209d702775324a59268092e06b1382.jpg,OSCC_400x_137_jpg,train,1,0.97727251,0,0.134114,6,3.292377,1,3.475234
OSCC_400x_128_jpg.rf.7fca0ae8f25324a5cd8c08cbac72bfbf.jpg,OSCC_400x_128_jpg,train,1,0.96792632,0,0.030776,0,0.605431,6,6.164534
OSCC_400x_275_jpg.rf.84c7b35d307113009e9aa9b66f89c0de.jpg,OSCC_400x_275_jpg,train,1,0.99505639,0,-0.119080,0,1.291460,12,9.949510
OSCC_400x_351_jpg.rf.a96b6f7275917a12832dca1b24f1b5eb.jpg,OSCC_400x_351_jpg,train,1,0.95269227,0,0.027291,0,0.259423,4,3.822409
OSCC_400x_23_jpg.rf.d7f7a0aa9fe0b5f22d50eb61f8211e12.jpg,OSCC_400x_23_jpg,train,1,0.94635481,0,0.086253,0,1.314126,1,1.540503
OSCC_400x_232_jpg.rf.049ccfa926fda174ec44e438c0b182bd.jpg,OSCC_400x_232_jpg,train,1,0.92091870,0,0.028839,0,0.934102,1,1.581132
OSCC_400x_149_jpg.rf.04e69a4ee5765e238cc2d0c5f5c3fe29.jpg,OSCC_400x_149_jpg,train,1,0.97366118,0,0.028439,0,3.331170,2,2.591372
OSCC_400x_186_jpg.rf.6a609415e71c36446f4caad2b2cfdaf2.jpg,OSCC_400x_186_jpg,train,1,0.89268243,0,-0.073662,0,0.493926,1,2.179129
OSCC_400x_328_jpg.rf.63e8e3ce524b08b944616430ec2ba090.jpg,OSCC_400x_328_jpg,train,1,0.95423865,1,0.201970,2,0.772644,2,1.832232
OSCC_400x_59_jpg.rf.1e96930015d527bcb865d4e931acc503.jpg,OSCC_400x_59_jpg,train,1,0.97324401,1,0.148399,3,3.083975,2,1.921525
OSCC_400x_384_jpg.rf.af5a3e61613651c88c49c77c02842b03.jpg,OSCC_400x_384_jpg,train,1,0.99864632,0,-0.100771,8,8.136613,5,5.005299
OSCC_400x_108_jpg.rf.7cbc54407e689e0bf8a497655f35499f.jpg,OSCC_400x_108_jpg,train,1,0.97406876,0,0.136762,3,3.626377,2,1.473710
OSCC_400x_189_jpg.rf.4f92b0666d81d6dd2ad3f979111d0d16.jpg,OSCC_400x_189_jpg,train,1,0.99703288,1,0.094114,10,8.286223,2,2.850505
OSCC_400x_327_jpg.rf.6342fc0e17b2b19c1ce46a8d29c6342f.jpg,OSCC_400x_327_jpg,train,1,0.98357219,2,0.368048,4,2.725381,0,3.088943
OSCC_400x_272_jpg.rf.aa53895e99499f1b0e9a9523eb1eef14.jpg,OSCC_400x_272_jpg,train,1,0.96075881,0,0.156497,1,2.568803,1,1.146240
OSCC_400x_382_jpg.rf.4ef8985ecba5e05aedc0d282c043622b.jpg,OSCC_400x_382_jpg,train,1,0.99839646,0,-0.029217,11,8.353466,4,3.786910
OSCC_400x_136_jpg.rf.e2e94943db6af3448cdbb44f19f2ec8a.jpg,OSCC_400x_136_jpg,train,1,0.99124080,0,-0.010871,0,2.710782,7,6.209177
OSCC_400x_324_jpg.rf.7b573e23710c568d6ac557bc64e8079d.jpg,OSCC_400x_324_jpg,train,1,0.99398285,0,0.135168,4,3.997379,8,2.901113
OSCC_400x_152_jpg.rf.70c0ea84cde7b2913d92672f2fd2b195.jpg,OSCC_400x_152_jpg,train,1,0.84662586,0,0.037340,0,0.474628,1,1.732800
OSCC_400x_372_jpg.rf.507508c01fabf7fc808688acf80ffb2d.jpg,OSCC_400x_372_jpg,train,1,0.89615464,0,0.034974,0,0.961153,4,3.332260
OSCC_400x_34_jpg.rf.90b635d2914dc04f98f49d3184591aa6.jpg,OSCC_400x_34_jpg,train,1,0.88954061,0,0.064942,0,0.721863,1,1.838683
OSCC_400x_72_jpg.rf.459a63daa3c7105880bd90e2ed4cce56.jpg,OSCC_400x_72_jpg,train,1,0.97471082,0,0.179600,6,3.659414,2,1.151031
OSCC_400x_132_jpg.rf.bac8002306f59379e82de3fc32c59e05.jpg,OSCC_400x_132_jpg,train,1,0.96168160,0,0.147227,0,2.193698,2,1.662213
OSCC_400x_74_jpg.rf.fb922dd68818d7d6c5786e6a621a8041.jpg,OSCC_400x_74_jpg,train,1,0.97331244,0,-0.007328,4,2.213080,3,2.645717
OSCC_400x_9_jpg.rf.175b315d7f6e31220689d7e32c6eeb07.jpg,OSCC_400x_9_jpg,train,1,0.95965803,0,0.126202,6,3.359908,2,0.613539
OSCC_400x_363_jpg.rf.4d6d7c04fc0540b98da955439d8f3116.jpg,OSCC_400x_363_jpg,train,1,0.98651969,0,-0.007343,4,3.994534,2,1.934602
OSCC_400x_242_jpg.rf.e62dd775f371ab88d29b664c64fc94d6.jpg,OSCC_400x_242_jpg,train,1,0.99999738,0,0.211503,11,17.947248,3,7.107630
OSCC_400x_82_jpg.rf.09e4fac0b89f17fdaf72ad9f6a87906f.jpg,OSCC_400x_82_jpg,train,1,0.88003409,0,0.008299,3,0.209341,5,2.082560
OSCC_400x_161_jpg.rf.8edff088a0ccf571970cde2e60127f75.jpg,OSCC_400x_161_jpg,train,1,0.99997699,0,-0.040282,13,18.947098,0,2.224928
OSCC_400x_440_jpg.rf.32a651b9795607624c40bbccff3c1a18.jpg,OSCC_400x_440_jpg,train,1,0.96251690,1,0.471956,3,3.040859,0,0.001330
OSCC_400x_56_jpg.rf.05ae5ec8ebfe53d928623408bd5ef165.jpg,OSCC_400x_56_jpg,train,1,0.99999678,0,-0.022546,9,7.158255,15,18.523788
OSCC_400x_283_jpg.rf.df1b44881c49a564b46df2bf34b1fba2.jpg,OSCC_400x_283_jpg,train,1,0.95140290,0,0.025511,5,3.663788,4,0.820436
OSCC_400x_360_jpg.rf.f43ac95541df24988d6e0c9b066e4067.jpg,OSCC_400x_360_jpg,train,1,0.93074763,0,0.046749,3,2.599586,0,0.183682
OSCC_400x_204_jpg.rf.768be2731d46482e8dbf0360038e84c7.jpg,OSCC_400x_204_jpg,train,1,0.97428858,0,0.101259,8,4.347597,1,1.588575
OSCC_400x_494_jpg.rf.cb80b279d08130253d431a35e8236768.jpg,OSCC_400x_494_jpg,train,1,0.94603127,0,0.030269,1,0.725759,3,2.016304
OSCC_400x_47_jpg.rf.a6e1cf6f90c7a12d2361b90f28c1793e.jpg,OSCC_400x_47_jpg,train,1,0.85502869,0,0.026966,0,0.545558,1,1.256202
OSCC_400x_457_jpg.rf.4b36a6fcde9ee3be90bd9867b0c66af6.jpg,OSCC_400x_457_jpg,train,1,0.98965013,0,0.128708,2,3.689754,9,4.144800
OSCC_400x_61_jpg.rf.906c3547753444d6186e8c11859cb3d0.jpg,OSCC_400x_61_jpg,train,1,0.98866934,0,0.141414,3,3.610322,3,3.104117
OSCC_400x_179_jpg.rf.d93dffa6ff6c568755ae728c301d2b3c.jpg,OSCC_400x_179_jpg,train,1,0.98784387,0,0.068536,4,3.456077,2,2.495597
OSCC_400x_159_jpg.rf.b687d77f093de865e11859ca40f2104a.jpg,OSCC_400x_159_jpg,train,0,0.79451185,0,-0.053268,0,1.222071,0,1.815141
OSCC_400x_440_jpg.rf.3dd9719c17ee9087bc704583963bedc6.jpg,OSCC_400x_440_jpg,train,1,0.97730845,1,0.453581,2,3.675981,0,0.089268
OSCC_400x_36_jpg.rf.bf29c63ae7c2867b771ad1796be1f01b.jpg,OSCC_400x_36_jpg,train,1,0.96658081,0,0.102688,2,2.264692,2,2.260696
OSCC_400x_107_jpg.rf.dc3854360dc6fcf34d01a2bcfe70c8ed.jpg,OSCC_400x_107_jpg,train,1,0.99869871,0,0.168329,9,8.485586,0,0.136156
OSCC_400x_50_jpg.rf.438cf01c7fdc038e359fad113ce5ea76.jpg,OSCC_400x_50_jpg,train,1,0.93359989,0,0.013541,2,1.513681,2,1.709242
OSCC_400x_207_jpg.rf.f61e336d6d74e839cf75552aff341d1e.jpg,OSCC_400x_207_jpg,train,1,0.95482248,0,0.072112,4,2.720240,1,1.369399
OSCC_400x_57_jpg.rf.7aa6c9cc8bdd65e46269a44298bc7005.jpg,OSCC_400x_57_jpg,train,1,0.98924363,0,0.175128,7,5.062641,1,2.221375
OSCC_400x_18_jpg.rf.940738aa954af09e43eab70e64c751c6.jpg,OSCC_400x_18_jpg,train,1,0.98021209,1,0.353350,4,4.122211,0,-0.082784
OSCC_400x_168_jpg.rf.f2fdd9cdd9e2eaa71b9910cedcb14b09.jpg,OSCC_400x_168_jpg,train,1,0.98666757,0,0.166623,4,4.131855,2,1.449796
OSCC_400x_173_jpg.rf.e131e5d8603c04eacb96b969de8b4b55.jpg,OSCC_400x_173_jpg,train,1,0.92669082,0,-0.014835,0,1.866865,1,0.990084
OSCC_400x_107_jpg.rf.63aa06268ca3ed99585adb722c4a0e06.jpg,OSCC_400x_107_jpg,train,1,0.99804628,0,0.184376,7,8.072374,0,0.232774
OSCC_400x_93_jpg.rf.f9eda78ab7dc4e305abf98095c575e1b.jpg,OSCC_400x_93_jpg,train,1,0.99930620,0,0.012309,12,9.362098,3,3.155563
OSCC_400x_137_jpg.rf.d215b49b54edb0cd1354ef00db1e43c6.jpg,OSCC_400x_137_jpg,train,1,0.97507477,0,0.074942,6,3.955807,1,2.588276
OSCC_400x_57_jpg.rf.24eaf676277f468ae81babde3b80cf5c.jpg,OSCC_400x_57_jpg,train,1,0.99458140,0,0.227129,9,6.007107,1,3.323799
OSCC_400x_49_jpg.rf.405b3150e00c2fed342b5d3cfd9e4c12.jpg,OSCC_400x_49_jpg,train,1,0.83459926,0,0.025581,0,0.696657,1,1.165259
OSCC_400x_430_jpg.rf.0922d46ab0ec30480eccf8e91646d50b.jpg,OSCC_400x_430_jpg,train,1,0.97021443,0,0.020789,3,3.721519,2,2.631257
OSCC_400x_431_jpg.rf.f7271ac1c090d494dd8a074f725a8456.jpg,OSCC_400x_431_jpg,train,1,0.99164331,0,0.080557,8,6.146353,3,1.257695
OSCC_400x_319_jpg.rf.9cba12fe6b3a2839498be90211039ba3.jpg,OSCC_400x_319_jpg,train,1,0.86312479,0,0.031760,4,0.557321,1,1.083609
OSCC_400x_474_jpg.rf.ce166f57925e2eb9895f6b13af2cbd35.jpg,OSCC_400x_474_jpg,train,1,0.86494738,0,0.011733,0,0.961751,1,0.929507
OSCC_400x_156_jpg.rf.f5323469b0d6f6f4fbc849541f3d8982.jpg,OSCC_400x_156_jpg,train,1,0.99980086,0,0.099916,13,8.155132,12,8.149945
OSCC_400x_380_jpg.rf.7af4858ac5e0823acb0c2291d280df21.jpg,OSCC_400x_380_jpg,train,1,0.98745292,0,-0.044610,0,1.305751,6,5.958268
OSCC_400x_470_jpg.rf.4938fe29314d421cf45724ab07210e92.jpg,OSCC_400x_470_jpg,train,1,0.99986708,0,-0.003139,13,11.857347,4,3.099216
OSCC_400x_151_jpg.rf.b0d686ca8fc48d6d4da1908c61f0148d.jpg,OSCC_400x_151_jpg,train,1,0.96462482,0,0.120715,0,1.406886,7,2.890351
OSCC_400x_380_jpg.rf.34e09c3ef43579dfd7a1d32973366792.jpg,OSCC_400x_380_jpg,train,1,0.96720326,0,-0.051184,0,0.585748,6,3.774399
OSCC_400x_378_jpg.rf.0538a39c611424778bcb1a114b7926fa.jpg,OSCC_400x_378_jpg,train,1,0.99992847,0,0.262026,17,14.685893,0,1.326040
OSCC_400x_384_jpg.rf.4a7d415f7c29e7f735831bd43daa4e4f.jpg,OSCC_400x_384_jpg,train,1,0.99002951,0,-0.028078,8,5.069544,5,2.040566
OSCC_400x_459_jpg.rf.ce8545d1fa080f7ab0246d56ace6d7b5.jpg,OSCC_400x_459_jpg,train,1,0.99028838,0,0.042055,7,6.852589,0,2.663355
OSCC_400x_338_jpg.rf.3666761d02d21b7c0f6f9b7adc0761d2.jpg,OSCC_400x_338_jpg,train,1,0.99999988,0,0.306411,22,24.720547,1,-0.629628
OSCC_400x_161_jpg.rf.de12588df127161a53c3ca0eb8f9e063.jpg,OSCC_400x_161_jpg,train,1,0.99998176,0,-0.084557,15,19.265266,0,3.713856
OSCC_400x_267_jpg.rf.33194e76b4656da531a1f5e05a82260f.jpg,OSCC_400x_267_jpg,train,1,0.89758861,0,0.154720,0,0.834359,1,0.796607
OSCC_400x_241_jpg.rf.e364bf74dd68fc72ba31402f3a4d2ebc.jpg,OSCC_400x_241_jpg,train,1,0.99999964,0,0.246211,21,23.316946,12,5.883972
OSCC_400x_377_jpg.rf.1177ebc330157b89024a8472c410ebbd.jpg,OSCC_400x_377_jpg,train,1,0.99999845,0,0.349880,30,22.737139,7,3.196121
OSCC_400x_470_jpg.rf.38f569aff43945d81c625f644aede6d5.jpg,OSCC_400x_470_jpg,train,1,0.99973875,0,-0.049382,13,10.648874,4,3.057544
OSCC_400x_76_jpg.rf.9db3473f9e85eb6e7486b9ea59a9604c.jpg,OSCC_400x_76_jpg,train,1,0.99984086,0,0.073271,14,12.601795,6,6.322291
OSCC_400x_413_jpg.rf.ecdd5425b73fc2f4bf072a6e16edcc3f.jpg,OSCC_400x_413_jpg,train,1,0.88824087,0,0.064484,0,0.235347,2,2.013437
OSCC_400x_274_jpg.rf.9e14b878431985e00ac25a0acd26f094.jpg,OSCC_400x_274_jpg,train,1,0.95905298,0,0.116712,4,2.705070,1,1.002200
OSCC_400x_477_jpg.rf.32050bdca85e479a5db1f52069121ef9.jpg,OSCC_400x_477_jpg,train,1,0.96850175,0,0.014743,4,2.605497,0,0.897985
OSCC_400x_68_jpg.rf.d968c8dd26920efb73b13fd43c8817ac.jpg,OSCC_400x_68_jpg,train,1,0.99097836,0,-0.021965,10,6.396402,1,1.231927
OSCC_400x_327_jpg.rf.8e29482fe671df59d6dca65e208d5896.jpg,OSCC_400x_327_jpg,train,1,0.99441409,2,0.287446,3,4.755220,0,2.175488
OSCC_400x_138_jpg.rf.0ce530a10b87ff57bb5aa6c4052d3f09.jpg,OSCC_400x_138_jpg,train,1,0.99996781,0,0.174811,15,17.943195,0,1.355161
OSCC_400x_204_jpg.rf.391b0db2438ad7539baa2be1ce649563.jpg,OSCC_400x_204_jpg,train,1,0.98022056,0,0.060515,8,4.776971,1,1.992498
OSCC_400x_251_jpg.rf.aabf20c735bdf677f2e99176f88a1a45.jpg,OSCC_400x_251_jpg,train,1,0.98758078,0,0.043994,5,4.648796,1,1.792825
OSCC_400x_230_jpg.rf.e7d6a40603b3bb10e8d00656274f4708.jpg,OSCC_400x_230_jpg,train,1,0.91298574,0,0.016005,0,1.676473,2,1.558657
OSCC_400x_483_jpg.rf.746771dc79e5fe0980f878e1eba05508.jpg,OSCC_400x_483_jpg,train,1,0.97028750,0,-0.058487,0,0.028949,8,5.506063
OSCC_400x_314_jpg.rf.8262cae2d9453a2fa177166da8107728.jpg,OSCC_400x_314_jpg,train,1,0.94790590,0,0.052492,0,2.077954,2,1.089249
OSCC_400x_95_jpg.rf.d7730e60cbcbed45151f7c304d320b8a.jpg,OSCC_400x_95_jpg,train,1,0.94263864,0,0.003457,2,2.904391,1,0.986430
OSCC_400x_321_jpg.rf.b0542de95736e6452038a3198d62e559.jpg,OSCC_400x_321_jpg,train,1,0.99949872,0,0.096731,6,3.311510,14,11.148371
OSCC_400x_314_jpg.rf.e2496f3cdd80c9382ef69096781c7d4e.jpg,OSCC_400x_314_jpg,train,1,0.89113694,0,0.028233,0,0.988584,2,1.349966
OSCC_400x_13_jpg.rf.52cb2aca39db4b20f80d5da049e1323b.jpg,OSCC_400x_13_jpg,train,1,0.99995565,0,0.161351,15,14.397514,0,-0.244497
OSCC_400x_184_jpg.rf.1e2af3adbe386bfb020f21943b072559.jpg,OSCC_400x_184_jpg,train,1,0.88904238,0,0.013037,0,0.725854,1,1.504829
OSCC_400x_5_jpg.rf.64766db980bb7ebff588db23899d3f6f.jpg,OSCC_400x_5_jpg,train,1,0.99997640,0,-0.051376,11,11.585213,6,6.721330
OSCC_400x_290_jpg.rf.481cf28924388a153d93c634c37b7383.jpg,OSCC_400x_290_jpg,train,1,0.99167305,0,0.149103,4,4.686920,0,1.467523
OSCC_400x_441_jpg.rf.032645b5c6f0d999e41c6d1abc8de44e.jpg,OSCC_400x_441_jpg,train,1,0.96240306,0,0.154651,1,1.509358,3,2.092449
OSCC_400x_346_jpg.rf.8204f461e74d51641cd44c9a24c69793.jpg,OSCC_400x_346_jpg,train,1,0.97423542,0,-0.035149,2,2.132577,4,3.222523
OSCC_400x_188_jpg.rf.784bfd1a189e265d01901513206f6712.jpg,OSCC_400x_188_jpg,train,1,0.99999547,0,0.208765,18,17.969570,9,5.913625
OSCC_400x_139_jpg.rf.daf780478bd3dbe8a682c2a3ebdc82a2.jpg,OSCC_400x_139_jpg,train,1,0.99919730,0,0.136025,9,9.619570,1,0.783217
OSCC_400x_253_jpg.rf.ad34623cd6de92c5e22f73bfb0a0edfb.jpg,OSCC_400x_253_jpg,train,1,0.97200882,0,0.132582,4,4.019619,4,0.867179
OSCC_400x_34_jpg.rf.12af172b8ca1a464fcaf817d1e66efc3.jpg,OSCC_400x_34_jpg,train,1,0.85048670,0,0.030313,0,0.739698,1,1.536952
OSCC_400x_492_jpg.rf.612d861306159ec1540a29bf1bedc427.jpg,OSCC_400x_492_jpg,train,1,0.97079909,0,-0.038489,0,-0.728324,9,7.054312
OSCC_400x_176_jpg.rf.eff2dd0a9c7da2bb180f4839ccca9ad8.jpg,OSCC_400x_176_jpg,train,1,0.96535695,0,0.040785,9,4.062914,0,0.867982
OSCC_400x_78_jpg.rf.9475dfd7059eff37b959cb1840d3ca57.jpg,OSCC_400x_78_jpg,train,1,0.87020028,0,0.016362,0,1.069080,1,1.360251
OSCC_400x_46_jpg.rf.a5fcba2fcaae30cd949a0d4215a2b7fe.jpg,OSCC_400x_46_jpg,train,1,0.93316829,0,0.087538,2,1.511507,5,2.326017
OSCC_400x_199_jpg.rf.dbdf1a9f676f4bea0a716784516ba052.jpg,OSCC_400x_199_jpg,train,1,0.98698527,0,0.222330,7,4.323521,0,1.487993
OSCC_400x_181_jpg.rf.87fa8d27ed58dc5942e2f4260694b9da.jpg,OSCC_400x_181_jpg,train,1,0.97517222,0,0.031031,5,3.302516,0,1.269295
OSCC_400x_373_jpg.rf.128f6a85379cdf11619e8b75fafd4529.jpg,OSCC_400x_373_jpg,train,1,0.99998581,0,-0.220066,7,8.175871,14,19.765589
OSCC_400x_373_jpg.rf.a553b6d484c64fc55881ef8924aad530.jpg,OSCC_400x_373_jpg,train,1,0.99999785,0,-0.186770,7,8.263420,14,24.523537
OSCC_400x_93_jpg.rf.586ec3c63ff3a515c1dd218fbc21e824.jpg,OSCC_400x_93_jpg,train,1,0.99807310,0,0.237517,11,9.210360,3,0.656588
OSCC_400x_125_jpg.rf.625f92f0751ea9a33c6499c38ce785cc.jpg,OSCC_400x_125_jpg,train,1,0.99044985,0,0.067265,0,0.413259,10,6.581111
OSCC_400x_364_jpg.rf.6a195c5d471deff0d2cd020c02cb628d.jpg,OSCC_400x_364_jpg,train,1,0.96895099,0,0.102369,7,4.097281,0,1.204607
OSCC_400x_90_jpg.rf.51505cd32906556ba8c5d5ade792fe0a.jpg,OSCC_400x_90_jpg,train,1,0.94655412,0,-0.016790,1,1.331515,1,2.647365
OSCC_400x_144_jpg.rf.ff9df5e188f61d015f2714f961af06c0.jpg,OSCC_400x_144_jpg,train,1,0.99884146,0,-0.050094,0,4.492335,12,12.171992
OSCC_400x_187_jpg.rf.db2903e631ab4eddac435a8d3f3351b8.jpg,OSCC_400x_187_jpg,train,1,0.97720498,0,-0.034017,1,0.124592,8,6.740940
OSCC_400x_1_jpg.rf.3c9242fcc1b9cd50bd9ecce74ded2b56.jpg,OSCC_400x_1_jpg,train,1,0.99941432,0,0.202208,11,10.075096,0,0.692119
OSCC_400x_103_jpg.rf.dd5421cb11c9d2d27ff3c71a7754b5a6.jpg,OSCC_400x_103_jpg,train,1,0.96927410,0,0.006554,0,1.225355,1,3.165068
OSCC_400x_381_jpg.rf.b0c7e3a4b9a9580c671b3a662e695397.jpg,OSCC_400x_381_jpg,train,1,0.94902164,0,0.096337,2,2.659230,2,1.687636
OSCC_400x_56_jpg.rf.437820369a30e9f44a0898321faab5ee.jpg,OSCC_400x_56_jpg,train,1,0.99999630,0,0.125210,9,8.686800,15,16.506281
OSCC_400x_394_jpg.rf.18f83583077dea434fe1225733f07848.jpg,OSCC_400x_394_jpg,train,1,0.96047497,0,0.183876,2,2.764955,1,1.613073
OSCC_400x_74_jpg.rf.12aac59d918e7324a5e50584d28018bf.jpg,OSCC_400x_74_jpg,train,1,0.95639867,0,0.001354,4,2.355041,3,2.149126
OSCC_400x_488_jpg.rf.3e6968311f7c50a351d4f6d518a53177.jpg,OSCC_400x_488_jpg,train,1,0.99977368,0,-0.031840,0,-0.086155,17,15.247991
OSCC_400x_128_jpg.rf.7e5a36a47a3f3e1f0c5603908cf0d13a.jpg,OSCC_400x_128_jpg,train,1,0.95111352,0,-0.011563,0,0.615845,7,5.943140
OSCC_400x_394_jpg.rf.6002c20c2a752c1f06c0e7c9fb505663.jpg,OSCC_400x_394_jpg,train,1,0.97216266,0,0.253740,2,3.222237,1,0.861698
OSCC_400x_222_jpg.rf.edb13d15a47a6ac2bd267da10d9080b3.jpg,OSCC_400x_222_jpg,train,0,0.83215463,0,0.013816,0,1.128443,0,0.475008
OSCC_400x_247_jpg.rf.4afe7b7bb73c869001dfe5cc9858629b.jpg,OSCC_400x_247_jpg,train,1,0.99995685,1,0.247785,21,16.030951,2,1.487519
OSCC_400x_351_jpg.rf.c4ff3157f139cf866d910117a6549034.jpg,OSCC_400x_351_jpg,train,1,0.96536958,0,-0.063903,0,0.812615,4,4.891933
OSCC_400x_103_jpg.rf.fe443dc05ca28457d7dfb165ab348baf.jpg,OSCC_400x_103_jpg,train,1,0.94618738,0,0.111107,0,1.780112,1,1.280140
OSCC_400x_27_jpg.rf.1e6d6c2b851c9ac36d8b3e4db9ff2a35.jpg,OSCC_400x_27_jpg,train,1,0.99951601,0,0.231759,9,8.989649,0,0.856258
OSCC_400x_292_jpg.rf.a901e0af6c6993b315f9dcbc1e896d3a.jpg,OSCC_400x_292_jpg,train,1,0.93248779,0,0.078686,0,1.633475,1,1.457937
OSCC_400x_184_jpg.rf.be5cca06268f6c82e62bafa711351520.jpg,OSCC_400x_184_jpg,train,1,0.87816077,0,0.070377,0,0.837223,1,1.298255
OSCC_400x_492_jpg.rf.280515b8f368a3a7ed1cb39729b5c7b7.jpg,OSCC_400x_492_jpg,train,1,0.98664838,0,-0.023200,0,-0.319348,9,7.982731
OSCC_400x_493_jpg.rf.ff1dbc99a45d3110d8d4680a3e6f1faa.jpg,OSCC_400x_493_jpg,train,0,0.86798811,0,0.025836,0,0.738399,0,0.901874
OSCC_400x_4_jpg.rf.5e0a463a7c6933c8dc176eeed865c008.jpg,OSCC_400x_4_jpg,train,1,0.96730697,0,-0.094914,0,0.090801,6,4.688833
OSCC_400x_33_jpg.rf.88c4211c61055be474d47820c8a78cc7.jpg,OSCC_400x_33_jpg,train,1,0.89301723,0,0.052575,1,1.365305,0,0.997012
OSCC_400x_429_jpg.rf.4f28165855085ce0ec08e8565a7a3bdb.jpg,OSCC_400x_429_jpg,train,1,0.94619668,0,0.042675,7,3.490294,1,1.097073
OSCC_400x_447_jpg.rf.6b92c5856e23a95f34418618d689aec5.jpg,OSCC_400x_447_jpg,train,1,0.99517739,0,0.126966,1,2.851727,2,6.244022
OSCC_400x_186_jpg.rf.8357f8c10667705b5f43eb2a6104f185.jpg,OSCC_400x_186_jpg,train,1,0.85984808,0,-0.024947,0,0.618062,1,1.405029
OSCC_400x_392_jpg.rf.70dacb643f5b67b4dba577754c45d501.jpg,OSCC_400x_392_jpg,train,1,0.99978191,0,-0.088571,10,11.346079,1,2.810531
OSCC_400x_85_jpg.rf.4f0d8484e94dddba3e9d1f83dba0f8f9.jpg,OSCC_400x_85_jpg,train,1,0.90504611,0,0.058189,0,1.395107,2,1.825499
OSCC_400x_443_jpg.rf.6a799aa21f8947fb5934baad2422b92e.jpg,OSCC_400x_443_jpg,train,1,0.99636734,0,0.100298,0,2.376849,5,7.061670
OSCC_400x_441_jpg.rf.1d0f711e3f590cba48ff724edac0e7d9.jpg,OSCC_400x_441_jpg,train,1,0.95534301,0,0.086145,1,0.870011,3,3.256468
OSCC_400x_24_jpg.rf.a7012718290044a398e762268a948d0e.jpg,OSCC_400x_24_jpg,train,1,0.99916780,0,0.175049,16,10.644911,0,0.072792
OSCC_400x_104_jpg.rf.0f6db95eeccdd9e0eca9151a902a3fe4.jpg,OSCC_400x_104_jpg,train,1,0.99173939,0,0.012790,2,1.482633,10,6.925820
OSCC_400x_356_jpg.rf.5bee0707fd4df2aaeee5c63529f468cb.jpg,OSCC_400x_356_jpg,train,1,0.97757119,0,-0.011005,0,1.983046,6,6.388867
OSCC_400x_271_jpg.rf.7e244ccef93ef9327575efcf1d951f9d.jpg,OSCC_400x_271_jpg,train,1,0.97365618,0,0.103402,1,0.835124,3,3.288326
OSCC_400x_475_jpg.rf.ec470b8d5c827e1977ac8ccea2d7a8dc.jpg,OSCC_400x_475_jpg,train,1,0.87502891,0,0.007867,0,0.995060,1,0.976251
OSCC_400x_286_jpg.rf.4cdb9db4ca75904b1f8bcaf00fa535ba.jpg,OSCC_400x_286_jpg,train,1,1.00000000,0,0.466558,34,31.741484,0,0.429069
OSCC_400x_183_jpg.rf.cef6b8e0f83785b6f2672e2b4f24f8f5.jpg,OSCC_400x_183_jpg,train,1,0.98397219,0,0.170297,11,4.359592,0,1.021586
OSCC_400x_137_jpg.rf.7c34f87566119536c9216c46d86c8ed2.jpg,OSCC_400x_137_jpg,train,1,0.96940291,0,0.043700,6,3.008479,1,2.664263
OSCC_400x_26_jpg.rf.90cfbed46b68710649cad694e7b191ce.jpg,OSCC_400x_26_jpg,train,1,0.97199976,0,0.184899,2,3.198255,0,1.022747
OSCC_400x_351_jpg.rf.155f8d07bd2471af792af4d3e89e6298.jpg,OSCC_400x_351_jpg,train,1,0.87966478,0,0.021605,0,0.377753,4,2.498423
OSCC_400x_204_jpg.rf.28f8d6be62712a7342c7d29d52b84f57.jpg,OSCC_400x_204_jpg,train,1,0.96042365,0,0.111490,8,3.952228,1,1.056950
OSCC_400x_111_jpg.rf.a645a761a7c40b1d710b8c6f1bdaa44e.jpg,OSCC_400x_111_jpg,train,1,0.98572135,0,-0.058666,0,1.867613,7,7.021082
OSCC_400x_330_jpg.rf.e1c926d5ed4fe3339eb1efee4b542d97.jpg,OSCC_400x_330_jpg,train,1,0.97377962,0,0.098606,4,4.225646,1,0.186781
OSCC_400x_412_jpg.rf.e440ec19b9a87e2cfa63d8c551c581bd.jpg,OSCC_400x_412_jpg,train,1,0.92000455,0,0.096107,0,0.284795,3,2.227731
OSCC_400x_47_jpg.rf.39976b5ed58b8dab456684cd1c488f9e.jpg,OSCC_400x_47_jpg,train,1,0.89563340,0,0.066869,0,0.666791,1,1.548862
OSCC_400x_450_jpg.rf.38a6f67c6155f9b454383597fb6a37bb.jpg,OSCC_400x_450_jpg,train,1,0.99987733,0,0.184520,9,7.375041,16,8.891503
OSCC_400x_286_jpg.rf.c40851e11f8c01929dd7e8157486d259.jpg,OSCC_400x_286_jpg,train,1,1.00000000,0,0.680880,35,30.544600,0,1.590217
OSCC_400x_187_jpg.rf.977fb3c75b94f27b6f73de91c487b043.jpg,OSCC_400x_187_jpg,train,1,0.98508006,0,-0.004667,1,0.510656,8,6.937629
OSCC_400x_82_jpg.rf.31cb9f1a82e9212eefc947a99178aa17.jpg,OSCC_400x_82_jpg,train,1,0.92632622,0,0.051510,3,1.148070,5,2.208283
OSCC_400x_37_jpg.rf.d7b108c432537dfa5551ec85cb299bbf.jpg,OSCC_400x_37_jpg,train,1,0.99608254,0,0.050982,4,6.304167,2,1.149028
OSCC_400x_156_jpg.rf.d699f51d8e79ea7cfe6c8868d229a32a.jpg,OSCC_400x_156_jpg,train,1,0.99999785,0,-0.121127,15,16.481234,12,8.872891
OSCC_400x_146_jpg.rf.8106fc5fb689f6047a1b21412a47598e.jpg,OSCC_400x_146_jpg,train,1,0.96649361,0,0.164504,2,2.479424,0,1.554766
OSCC_400x_408_jpg.rf.916a00c35dc3bb0bf4d6a5519af4f34e.jpg,OSCC_400x_408_jpg,train,1,0.86744153,0,0.103217,0,-0.018881,1,1.493266
OSCC_400x_360_jpg.rf.0efda8680837860f5723ab765101bb86.jpg,OSCC_400x_360_jpg,train,1,0.97828513,0,0.072510,3,3.448832,0,1.913461
OSCC_400x_187_jpg.rf.76457b43b1cffac4e1866c6da6f5adbe.jpg,OSCC_400x_187_jpg,train,1,0.98225433,0,0.002826,1,1.846752,8,5.291142
OSCC_400x_258_jpg.rf.e489f0de2346b50376a8ed2a5c2bd42b.jpg,OSCC_400x_258_jpg,train,1,0.99963808,0,0.081526,2,5.361264,11,8.309855
OSCC_400x_474_jpg.rf.fdd17454ab7dc758838999661f6f8a59.jpg,OSCC_400x_474_jpg,train,1,0.93037796,0,0.138267,0,1.741335,1,1.043458
OSCC_400x_90_jpg.rf.6a333a686c15c5a065c9875138b6faa8.jpg,OSCC_400x_90_jpg,train,1,0.92148209,0,0.051045,1,0.804809,1,2.171745
OSCC_400x_392_jpg.rf.59bf348aad818b211d380e8a27a39538.jpg,OSCC_400x_392_jpg,train,1,0.99909544,0,0.011218,10,9.456268,1,3.088008
OSCC_400x_456_jpg.rf.a6f1d3655023f2290659482ea244a6b1.jpg,OSCC_400x_456_jpg,train,1,0.98112077,0,0.115512,5,3.669397,3,2.958703
OSCC_400x_130_jpg.rf.65d4073d667bbf8e1949186d7f7a19e0.jpg,OSCC_400x_130_jpg,train,1,0.92428130,0,0.046967,0,1.096827,1,1.507574
OSCC_400x_96_jpg.rf.20f6150a92c5e5d78d22c7b5b195a3ad.jpg,OSCC_400x_96_jpg,train,1,0.99146891,0,0.027146,9,4.801726,5,2.270818
OSCC_400x_230_jpg.rf.782426d0fc7e425afa51e4cc8b8b0141.jpg,OSCC_400x_230_jpg,train,1,0.92733002,0,0.063304,0,1.727992,2,1.248666
OSCC_400x_251_jpg.rf.7bc50fba1ea6cae28c786995d6174eb5.jpg,OSCC_400x_251_jpg,train,1,0.96312338,0,-0.040852,5,2.354280,1,1.989545
OSCC_400x_206_jpg.rf.b3d001bd835e5aa7136e73be201cfcb0.jpg,OSCC_400x_206_jpg,train,1,1.00000000,0,0.199728,28,28.869972,0,-0.053092
OSCC_400x_184_jpg.rf.3a684bde56379948209d6365f4dfc506.jpg,OSCC_400x_184_jpg,train,1,0.86125594,0,0.055762,0,0.712041,1,1.249908
OSCC_400x_494_jpg.rf.2f7d3c9db053b7d92ecaace8aed38ae3.jpg,OSCC_400x_494_jpg,train,1,0.92442942,0,0.026117,1,0.366869,3,1.629429
OSCC_400x_167_jpg.rf.11e630619b369a11eceaad5fcc44aa85.jpg,OSCC_400x_167_jpg,train,1,0.99943310,0,0.066573,11,8.745911,1,3.136516
OSCC_400x_34_jpg.rf.e9d2aec55696002f6bcb335d0d803ec8.jpg,OSCC_400x_34_jpg,train,1,0.87836933,0,0.099681,0,1.332606,1,1.047503
OSCC_400x_359_jpg.rf.ed3b0ee2863df99b210f42bde1e8dd88.jpg,OSCC_400x_359_jpg,train,1,0.98798788,0,-0.014783,6,4.381938,6,5.896305
OSCC_400x_384_jpg.rf.89bf79b004f4670c52f82ca57a1f4733.jpg,OSCC_400x_384_jpg,train,1,0.99660635,0,-0.067637,8,6.597592,5,3.893922
OSCC_400x_366_jpg.rf.f1e2a9f5536b28163b32de09bb35c4de.jpg,OSCC_400x_366_jpg,train,0,0.87693226,0,0.046589,0,1.078285,0,2.039120
OSCC_400x_350_jpg.rf.590487cfa67932776d2c0d06d5be191b.jpg,OSCC_400x_350_jpg,train,1,0.99999690,0,0.011340,3,3.306323,12,23.432917
OSCC_400x_93_jpg.rf.56c607b263a2131f1aad055513626c0c.jpg,OSCC_400x_93_jpg,train,1,0.99920243,0,0.033386,11,8.980675,3,3.256829
OSCC_400x_59_jpg.rf.fca485603517b9d709b0c45351db29cf.jpg,OSCC_400x_59_jpg,train,1,0.96730429,1,0.180738,3,2.847052,2,1.773710
OSCC_400x_207_jpg.rf.0d1753f5407ac47023cbd1fcdfe096c6.jpg,OSCC_400x_207_jpg,train,1,0.95245117,0,0.032987,4,2.439112,1,1.278396
OSCC_400x_366_jpg.rf.fe31f045fe68e556ccfea213738a772c.jpg,OSCC_400x_366_jpg,train,0,0.81921554,0,0.039948,0,0.377243,0,1.946643
OSCC_400x_135_jpg.rf.a2f3f1b0984ed6681085188c22d30480.jpg,OSCC_400x_135_jpg,train,1,0.99370265,0,0.147017,2,3.159005,7,4.383533
OSCC_400x_177_jpg.rf.1e4286f59bd6b4853ee69fb852dd9c2d.jpg,OSCC_400x_177_jpg,train,1,0.93920076,0,0.115888,3,2.688537,0,0.044497
OSCC_400x_50_jpg.rf.2a56ad6f0ad72e671b42af60c87d53aa.jpg,OSCC_400x_50_jpg,train,1,0.89159536,0,-0.052221,1,0.669936,2,1.804352
OSCC_400x_493_jpg.rf.b82daf234bd2e7f911a25e96122d1da7.jpg,OSCC_400x_493_jpg,train,0,0.81683445,0,0.072097,0,0.468117,0,1.015155
OSCC_400x_373_jpg.rf.38297925263e51be420b82dc0e2508fa.jpg,OSCC_400x_373_jpg,train,1,0.99999547,0,-0.305767,7,7.669160,14,22.423351
OSCC_400x_206_jpg.rf.9c0ea95e22908e0d34d97fc87fb18e4c.jpg,OSCC_400x_206_jpg,train,1,1.00000000,0,0.282882,28,31.796717,0,0.789027
OSCC_400x_370_jpg.rf.0386e17005641881f5206728c382a8f3.jpg,OSCC_400x_370_jpg,train,1,0.92635679,0,0.038223,2,1.307255,0,0.784397
OSCC_400x_159_jpg.rf.21bc311e981a4c3374143931663e2654.jpg,OSCC_400x_159_jpg,train,0,0.66770601,0,-0.065803,0,0.576687,0,1.335375
OSCC_400x_316_jpg.rf.f73037280bcb0649c3261fbfc696072d.jpg,OSCC_400x_316_jpg,train,1,0.92232829,0,0.069484,0,1.104708,2,1.544430
OSCC_400x_146_jpg.rf.3f51adcb964c8bddbd62e7d4e7b11df5.jpg,OSCC_400x_146_jpg,train,1,0.96312547,0,0.142603,2,2.005608,0,2.682060
OSCC_400x_382_jpg.rf.e28c27818352320e8e82112390cb02dd.jpg,OSCC_400x_382_jpg,train,1,0.99911469,0,-0.061085,11,8.990690,4,4.037960
OSCC_400x_339_jpg.rf.5513bf5a01587e20f55d6140ffbe10c7.jpg,OSCC_400x_339_jpg,train,1,0.99999702,1,0.138105,14,18.737774,3,2.102667
OSCC_400x_248_jpg.rf.aed5d76e238b46951b4f09a8098f7e51.jpg,OSCC_400x_248_jpg,train,1,0.99795282,2,0.256955,6,7.306567,1,2.164664
OSCC_400x_68_jpg.rf.7c3e02f3ea551a83516e88872ba34414.jpg,OSCC_400x_68_jpg,train,1,0.96888798,0,0.098921,10,4.575428,1,0.863102
OSCC_400x_216_jpg.rf.34232aaf6252c2a47e98e2c51fc5174c.jpg,OSCC_400x_216_jpg,train,1,0.99997234,0,-0.027073,4,3.365311,18,17.660667
OSCC_400x_37_jpg.rf.2640908a804c5b4ac37b09ba3f2f9df2.jpg,OSCC_400x_37_jpg,train,1,0.97921741,0,0.078018,4,4.438911,2,1.031493
OSCC_400x_211_jpg.rf.2f61a26d70a5208ed5dae1b49f2d99e1.jpg,OSCC_400x_211_jpg,train,1,0.98032284,0,0.028894,7,4.810696,6,2.642406
OSCC_400x_443_jpg.rf.506cac8fb6aa3fb664c1d5cb44261686.jpg,OSCC_400x_443_jpg,train,1,0.96624660,0,0.017017,0,0.499934,5,4.133950
OSCC_400x_482_jpg.rf.b7bc7c64361be8ed10a01eea946c29bb.jpg,OSCC_400x_482_jpg,train,1,0.91985548,0,0.002880,0,0.121415,1,1.708086
OSCC_400x_382_jpg.rf.4d24611cad8429fe2aa0c63335295167.jpg,OSCC_400x_382_jpg,train,1,0.99945265,0,-0.076368,11,10.432407,4,4.596044
OSCC_400x_378_jpg.rf.8ccaf7f7d1ede972c077f5c6596ccb98.jpg,OSCC_400x_378_jpg,train,1,0.99992514,0,0.199173,19,14.312591,0,1.420652
OSCC_400x_95_jpg.rf.32e60a20e3805fd5a48c5b4925bc54cf.jpg,OSCC_400x_95_jpg,train,1,0.96184754,0,0.005420,2,3.276557,1,1.639360
OSCC_400x_5_jpg.rf.2eff2404c0532420b489405cb4844170.jpg,OSCC_400x_5_jpg,train,1,0.99999511,0,-0.000804,11,13.870726,6,7.169549
OSCC_400x_322_jpg.rf.42e4c5ca30530551791c3b4266abfd65.jpg,OSCC_400x_322_jpg,train,0,0.94841260,0,0.160268,0,2.601874,0,1.212466
OSCC_400x_363_jpg.rf.3bafcb2727ef8dab8d11084c71f928bc.jpg,OSCC_400x_363_jpg,train,1,0.95424408,0,0.043698,5,2.620438,2,1.333326
OSCC_400x_1_jpg.rf.a7a4e5fb85622aaa502ac2b3a3234352.jpg,OSCC_400x_1_jpg,train,1,0.99992752,0,0.098084,10,13.408628,0,2.130904
OSCC_400x_177_jpg.rf.a38d91b3a00d2d1dc1a7ee7d2f5e38b1.jpg,OSCC_400x_177_jpg,train,1,0.93110955,0,0.094919,3,1.851937,0,0.527461
OSCC_400x_482_jpg.rf.b59998507f8498a2bacdd61e5d8ae33b.jpg,OSCC_400x_482_jpg,train,1,0.88511032,0,0.037641,0,0.067053,1,1.597109
OSCC_400x_6_jpg.rf.d1bd45818420ccbe265e9799ca956d9b.jpg,OSCC_400x_6_jpg,train,1,1.00000000,0,-0.029333,12,9.851609,42,30.045540
OSCC_400x_247_jpg.rf.bddfbb129f8d247dab5c8c3701d325ee.jpg,OSCC_400x_247_jpg,train,1,0.99999976,1,0.407499,21,24.614750,2,4.365637
OSCC_400x_49_jpg.rf.42ac94ba8cb4db411dd795484c28954b.jpg,OSCC_400x_49_jpg,train,1,0.88948929,0,-0.033428,0,0.320402,1,2.198953
OSCC_400x_352_jpg.rf.25372d42677c646936f585e48385e352.jpg,OSCC_400x_352_jpg,train,1,0.94116962,0,-0.049420,0,0.506315,5,3.727168
OSCC_400x_143_jpg.rf.e3778a4cc11e74e2b4ce66fdb6ce2bf4.jpg,OSCC_400x_143_jpg,train,1,0.95093518,0,0.007277,3,1.205976,2,3.447996
OSCC_400x_111_jpg.rf.fd7113eb65499260b47c48ddda2f1c0d.jpg,OSCC_400x_111_jpg,train,1,0.98491019,0,-0.176591,0,2.058894,7,6.365963
OSCC_400x_340_jpg.rf.bca54e24d25ef5b38e9306e98be3cbe8.jpg,OSCC_400x_340_jpg,train,1,0.99641693,0,0.051107,9,6.007767,1,2.615826
OSCC_400x_5_jpg.rf.789412c21d069c84a2f3d468d7389397.jpg,OSCC_400x_5_jpg,train,1,0.99936408,0,-0.060115,11,6.702263,6,4.505225
OSCC_400x_349_jpg.rf.0b5d2d4b0bd59e7c7f474b724e0a6112.jpg,OSCC_400x_349_jpg,train,0,0.78098267,0,0.081440,0,-0.002093,0,1.620065
OSCC_400x_74_jpg.rf.733f5a7827cf3a6b0a4e337125bb1731.jpg,OSCC_400x_74_jpg,train,1,0.99271083,0,-0.080343,4,4.916148,3,2.776615
OSCC_400x_188_jpg.rf.6402d895fb9facf05d69262095459a4c.jpg,OSCC_400x_188_jpg,train,1,0.99999833,0,0.100226,19,22.603184,9,6.163980
OSCC_400x_138_jpg.rf.b7b15e478eb4f88c4e8ec088b8f1c0ac.jpg,OSCC_400x_138_jpg,train,1,0.99996436,0,0.189859,15,17.915627,0,2.257236
OSCC_400x_159_jpg.rf.607ca0712e3231d824e040d7b16a9161.jpg,OSCC_400x_159_jpg,train,0,0.66678327,0,-0.048719,0,0.643686,0,1.312875
OSCC_400x_81_jpg.rf.9372d7338b7d008279eb5b5420345832.jpg,OSCC_400x_81_jpg,train,1,0.84764916,0,0.054184,1,0.618947,1,1.270832
OSCC_400x_107_jpg.rf.4a57c3d2c189b7ebcc7b5f09bece5c97.jpg,OSCC_400x_107_jpg,train,1,0.99713314,0,0.167868,8,7.303219,0,0.334493
OSCC_400x_152_jpg.rf.c29e245429c403f40d9ce5fb6c4b9c6f.jpg,OSCC_400x_152_jpg,train,1,0.85054111,0,0.103589,0,0.766332,1,1.080625
OSCC_400x_56_jpg.rf.ce4794f14015fe77c2d0116f549bd2ad.jpg,OSCC_400x_56_jpg,train,1,0.99992645,0,0.136151,9,5.522823,15,13.593297
OSCC_400x_248_jpg.rf.98f715b4c82bd8ed575e4c677837153d.jpg,OSCC_400x_248_jpg,train,1,0.98956656,2,0.156593,6,5.087408,1,1.915424
OSCC_400x_146_jpg.rf.0ef8dd59f62db5a2270f59e05d973d11.jpg,OSCC_400x_146_jpg,train,1,0.94733393,0,0.099307,2,1.179544,0,2.143179
OSCC_400x_136_jpg.rf.85de6bc3e8e451a9c15ebde5dd2b8dbe.jpg,OSCC_400x_136_jpg,train,1,0.99162227,0,0.064696,0,2.882269,7,7.148581
OSCC_400x_78_jpg.rf.731f330a0fe32c4e4e424188db7be801.jpg,OSCC_400x_78_jpg,train,1,0.90254581,0,0.060372,0,1.070872,1,1.883024
OSCC_400x_244_jpg.rf.500e27a37ec98006acbfc5f03980925f.jpg,OSCC_400x_244_jpg,train,1,0.97792780,1,0.211149,3,4.097353,2,0.977343
OSCC_400x_105_jpg.rf.b30c7a40ef94a861e61fbde5e21f068b.jpg,OSCC_400x_105_jpg,train,1,0.96462202,0,0.086575,0,2.029494,3,2.295074
OSCC_400x_377_jpg.rf.17ae8ce55e0d016d6691f7288d7bedd4.jpg,OSCC_400x_377_jpg,train,1,0.99999392,0,0.191844,29,19.949951,7,2.165946
OSCC_400x_33_jpg.rf.7a43e06dcedb53ba501174cdf15033c1.jpg,OSCC_400x_33_jpg,train,1,0.89995235,0,0.079537,1,0.941355,0,0.904750
OSCC_400x_242_jpg.rf.b832b8da1b497fe2eb91357f493a6a3e.jpg,OSCC_400x_242_jpg,train,1,0.99997747,0,0.290319,10,15.302397,3,5.154769
OSCC_400x_320_jpg.rf.d0cb4451bcb5e233cb5b24b54ae5e3ab.jpg,OSCC_400x_320_jpg,train,1,0.92626423,0,-0.043966,0,0.452678,4,2.394393
OSCC_400x_488_jpg.rf.5f6c9b9fd69d098ccd16d64e134dd745.jpg,OSCC_400x_488_jpg,train,1,0.99373335,0,-0.109582,0,-0.380297,17,8.990858
OSCC_400x_216_jpg.rf.001faa0cb5a7d4ce6b623ce0ab7cafb9.jpg,OSCC_400x_216_jpg,train,1,0.99999988,0,0.144960,4,5.766362,18,28.834133
OSCC_400x_399_jpg.rf.06fd1bb5e0b7acf1d94ac73dd7bc56d6.jpg,OSCC_400x_399_jpg,train,1,0.96084058,0,0.010825,0,1.661508,1,1.894398
OSCC_400x_377_jpg.rf.0207fbf83619346e549abf849e26d257.jpg,OSCC_400x_377_jpg,train,1,0.99999428,0,0.247668,35,19.435928,7,3.156908
OSCC_400x_381_jpg.rf.857afdd4a1e3ba316d15713eaa884c8e.jpg,OSCC_400x_381_jpg,train,1,0.93768334,0,0.078093,2,2.278896,2,1.362350
OSCC_400x_36_jpg.rf.b84f445986282e19dbadb646bf29a54a.jpg,OSCC_400x_36_jpg,train,1,0.98425180,0,0.120292,2,3.108691,2,2.703383
OSCC_400x_155_jpg.rf.63da3ab45ee882a2120684e888664384.jpg,OSCC_400x_155_jpg,train,1,0.94053817,0,-0.013575,0,2.341978,2,2.259935
OSCC_400x_33_jpg.rf.d42d3da5753327daf918f22c877fdbbd.jpg,OSCC_400x_33_jpg,train,1,0.88549429,0,0.021956,1,1.273080,0,1.134416
OSCC_400x_178_jpg.rf.2fe9e07c10208f035db08f2ee4312351.jpg,OSCC_400x_178_jpg,train,1,0.99576771,3,0.250818,5,5.585482,0,1.921198
OSCC_400x_108_jpg.rf.606799ceee3d92f3583ef308395f93c8.jpg,OSCC_400x_108_jpg,train,1,0.95988578,0,0.179749,3,2.598207,2,0.601456
OSCC_400x_443_jpg.rf.440c8df71b9916e65af326ada9d6b936.jpg,OSCC_400x_443_jpg,train,1,0.97958481,0,0.033886,0,0.269364,5,4.796727
OSCC_400x_457_jpg.rf.5833301e851c8bb11b65bef43659c6b1.jpg,OSCC_400x_457_jpg,train,1,0.97982478,0,0.017028,2,2.540505,9,3.848819
OSCC_400x_271_jpg.rf.e1f3c157d95f7e591fe7cf303da11129.jpg,OSCC_400x_271_jpg,train,1,0.97187275,0,0.091000,1,0.983043,3,3.564656
OSCC_400x_105_jpg.rf.b881ace57c8fd958b4cd4f15e3b636cf.jpg,OSCC_400x_105_jpg,train,1,0.97195733,0,0.071807,0,2.091387,3,2.960067
OSCC_400x_313_jpg.rf.893c02f6eada2d1b4397f907ddd37984.jpg,OSCC_400x_313_jpg,train,1,0.98287547,0,0.052209,2,3.360566,5,2.911769
OSCC_400x_434_jpg.rf.7a9bb7cf2d7756faee8ba3989e9d6dbc.jpg,OSCC_400x_434_jpg,train,1,0.99851114,0,0.223766,9,7.290810,0,2.787158
OSCC_400x_352_jpg.rf.fd41d04c8feb2fd8e3dfea0cc5418e7a.jpg,OSCC_400x_352_jpg,train,1,0.98883784,0,-0.143767,0,0.725068,5,7.574561
OSCC_400x_125_jpg.rf.bdd46e45e8c319ce440bf30c746eb95e.jpg,OSCC_400x_125_jpg,train,1,0.99860638,0,-0.013264,0,0.716841,10,9.773650
OSCC_400x_104_jpg.rf.1857b64460a3814da8ed78a72259cdee.jpg,OSCC_400x_104_jpg,train,1,0.99492419,0,-0.065838,2,1.845200,10,7.621701
OSCC_400x_272_jpg.rf.c12903868c81a6b54d40de628b866bb3.jpg,OSCC_400x_272_jpg,train,1,0.91903454,0,0.155264,1,1.417861,1,1.091578
OSCC_400x_179_jpg.rf.33a9cf5a9c2ed404e6dc68a316c38f6f.jpg,OSCC_400x_179_jpg,train,1,0.98249060,0,0.112972,4,3.420613,2,1.377471
OSCC_400x_71_jpg.rf.a974f0726f5ea1a3f7dd0f134484ddce.jpg,OSCC_400x_71_jpg,train,1,0.89070469,0,0.035179,1,1.274672,0,1.054884
OSCC_400x_142_jpg.rf.31f7e1ce715bd537ea45af8c349faeac.jpg,OSCC_400x_142_jpg,train,1,0.99158561,0,-0.074138,2,1.746418,13,9.909127
OSCC_400x_193_jpg.rf.13d2386c8a83bd9a75ad570009168c93.jpg,OSCC_400x_193_jpg,train,1,0.94859344,0,0.241915,1,1.605461,1,2.382298
OSCC_400x_47_jpg.rf.993f5af9b9b209005588907d408a0e4e.jpg,OSCC_400x_47_jpg,train,1,0.86306834,0,0.065543,0,1.293214,1,0.735126
OSCC_400x_274_jpg.rf.e929b972082facdd58d66f88e1c688e0.jpg,OSCC_400x_274_jpg,train,1,0.98075587,1,0.067113,5,3.395023,1,1.406973
OSCC_400x_232_jpg.rf.2d1f5d2bf04e634bdb70bbc0c3936367.jpg,OSCC_400x_232_jpg,train,1,0.95613974,0,0.134181,0,2.238689,1,1.471392
OSCC_400x_136_jpg.rf.d35c7efb81bba0115281529c9e38d753.jpg,OSCC_400x_136_jpg,train,1,0.99365509,0,0.085950,0,3.021123,7,7.987196
OSCC_400x_18_jpg.rf.d8dd7031878385604395459257b8dcdf.jpg,OSCC_400x_18_jpg,train,1,0.97252965,1,0.219510,4,3.885140,0,-0.100552
OSCC_400x_65_jpg.rf.7e548e0bc405210632df07f9c4012f7c.jpg,OSCC_400x_65_jpg,train,1,0.99999952,0,0.195483,24,24.930901,2,0.290258
OSCC_400x_17_jpg.rf.a854651c915aa600b6832f981e05d1df.jpg,OSCC_400x_17_jpg,train,1,0.99982589,0,0.268229,12,11.217228,0,0.345639
OSCC_400x_152_jpg.rf.ff061ef09a0784eacd8f9c2186701cf9.jpg,OSCC_400x_152_jpg,train,1,0.91672868,0,0.078965,0,0.968326,1,1.941192
OSCC_400x_167_jpg.rf.f4350305013eb0ce17604038b94d2aff.jpg,OSCC_400x_167_jpg,train,1,0.99833953,0,0.126122,11,7.918802,1,1.357495
OSCC_400x_327_jpg.rf.3cd1e26a482e92d9089a62cafa2aad28.jpg,OSCC_400x_327_jpg,train,1,0.93235284,2,0.255392,4,1.642606,0,1.750729
OSCC_400x_319_jpg.rf.071d08732349d7f04aa2cb097b208536.jpg,OSCC_400x_319_jpg,train,1,0.85576874,0,-0.033908,4,0.499950,1,1.225174
OSCC_400x_167_jpg.rf.415f3b2a919343b314ed398c8bb576ab.jpg,OSCC_400x_167_jpg,train,1,0.99770588,0,0.143214,11,7.424146,1,1.484840
OSCC_400x_321_jpg.rf.d2b56716f30a4d29cfb5571fa54fe3ac.jpg,OSCC_400x_321_jpg,train,1,0.99999487,0,0.033827,6,5.616016,14,19.216135
OSCC_400x_440_jpg.rf.72179e26e7e4a875a32d172061930c06.jpg,OSCC_400x_440_jpg,train,1,0.96902579,1,0.471165,3,3.714128,0,-0.162883
OSCC_400x_372_jpg.rf.813727346fb64a988b77cf360b7b82ee.jpg,OSCC_400x_372_jpg,train,1,0.93725336,0,-0.025841,0,1.165398,4,4.752656
OSCC_400x_173_jpg.rf.c76fac5970addcd706a0209e3164a6b9.jpg,OSCC_400x_173_jpg,train,1,0.85761940,0,0.024204,0,1.049958,1,0.887047
OSCC_400x_195_jpg.rf.54290c420a7f12acc9201bb6847254ae.jpg,OSCC_400x_195_jpg,train,1,0.97535658,0,0.121399,7,3.751609,0,1.382913
OSCC_400x_57_jpg.rf.5afcaab2c2b8c38a7164ddc13d427f8a.jpg,OSCC_400x_57_jpg,train,1,0.99686617,0,0.183163,9,7.494132,1,1.724106
OSCC_400x_130_jpg.rf.81b2e4f6f74896cb12c2b5bca1f2aa1c.jpg,OSCC_400x_130_jpg,train,1,0.89134443,0,0.160895,0,0.712126,1,1.027108
OSCC_400x_488_jpg.rf.c7281fbf8002239ddbdb8c8fec286daa.jpg,OSCC_400x_488_jpg,train,1,0.99602687,0,-0.112797,0,-0.357150,17,9.531013
OSCC_400x_17_jpg.rf.804cea314a652b4adbb7bb3ccb615bd4.jpg,OSCC_400x_17_jpg,train,1,0.99972254,0,0.276217,12,11.579134,0,-0.736320
OSCC_400x_161_jpg.rf.192839cee1014b59889dc4649a924e41.jpg,OSCC_400x_161_jpg,train,1,0.99983037,0,0.152820,15,15.831348,0,2.326630
OSCC_400x_211_jpg.rf.54a0e6e172bdcecf4d512626b10ecdd3.jpg,OSCC_400x_211_jpg,train,1,0.98362201,0,0.052606,6,4.576933,6,4.058269
OSCC_400x_175_jpg.rf.28ebc863847c90482d1bd709a3745541.jpg,OSCC_400x_175_jpg,train,1,0.99834752,0,0.201426,9,7.320172,1,2.302226
OSCC_400x_27_jpg.rf.87d3ab8099a45fb3971d0d7e5be37900.jpg,OSCC_400x_27_jpg,train,1,0.99905509,0,-0.048783,9,8.728862,0,0.921920
OSCC_400x_61_jpg.rf.2afbfb5c5c6c7df17ec9ec2b57638b1a.jpg,OSCC_400x_61_jpg,train,1,0.96307182,0,0.047555,3,2.056515,3,2.190881
OSCC_400x_175_jpg.rf.2961a29fc20261d40e2688c3020bd99e.jpg,OSCC_400x_175_jpg,train,1,0.99139237,0,0.091327,8,6.073303,1,0.758910
OSCC_400x_135_jpg.rf.75bc72008fe64c7bcb947df9823b4fd7.jpg,OSCC_400x_135_jpg,train,1,0.99343288,0,0.120856,2,1.362404,7,6.393106
OSCC_400x_434_jpg.rf.3aba6f963990b7121be04c7717dce1f5.jpg,OSCC_400x_434_jpg,train,1,0.99861276,0,0.193240,9,7.442268,0,2.762952
OSCC_400x_271_jpg.rf.079010110ac7175a972eadbb4b35e198.jpg,OSCC_400x_271_jpg,train,1,0.94829619,0,0.149910,1,1.293746,3,1.797976
OSCC_400x_16_jpg.rf.7c9ff57e29dd6f851c2c09e0ca135dd3.jpg,OSCC_400x_16_jpg,train,1,0.99538392,0,0.118478,8,6.873993,1,0.147863
OSCC_400x_195_jpg.rf.6568440c1e72b91de63262bc41bf2f49.jpg,OSCC_400x_195_jpg,train,1,0.99042469,0,0.159183,7,5.957265,0,0.500576
OSCC_400x_81_jpg.rf.993a90b53282cf0e732b96c615f48705.jpg,OSCC_400x_81_jpg,train,1,0.83505011,0,0.016402,1,0.935978,1,0.759839
OSCC_400x_247_jpg.rf.11e15fdc7b884e73d31c87015f504ae6.jpg,OSCC_400x_247_jpg,train,1,0.99999976,1,0.401326,21,24.024212,2,4.226572
OSCC_400x_364_jpg.rf.b8af3170403e2a930818c6fd79b24373.jpg,OSCC_400x_364_jpg,train,1,0.98544729,0,0.061140,8,4.626075,0,1.696968
OSCC_400x_208_jpg.rf.cb728fa0ec3be7fb551fd8411d8b3606.jpg,OSCC_400x_208_jpg,train,1,0.99994838,0,0.025445,17,15.106068,4,2.813076
OSCC_400x_9_jpg.rf.2c81b28ffc6fda7d872c1fa2b7c2adaa.jpg,OSCC_400x_9_jpg,train,1,0.90608966,0,0.038508,6,2.051372,2,0.140865
OSCC_400x_236_jpg.rf.2c4fce7a6bce5ae6b0c52c25768bef7f.jpg,OSCC_400x_236_jpg,train,1,0.99999988,0,-0.156870,6,7.830706,35,26.624657
OSCC_400x_455_jpg.rf.2cc5dd3030eecea82ec6f7b3495f74c1.jpg,OSCC_400x_455_jpg,train,1,0.97470403,1,0.131370,3,2.687881,1,1.783133
OSCC_400x_106_jpg.rf.d06295b608e9c2cfbb8c93be6b9ff6d0.jpg,OSCC_400x_106_jpg,train,1,0.99916232,0,0.269504,6,9.174599,2,2.322809
OSCC_400x_372_jpg.rf.a8fcca9e15a3df38ddde28ddea19d733.jpg,OSCC_400x_372_jpg,train,1,0.94246399,0,0.080979,0,1.886313,4,3.532529
OSCC_400x_484_jpg.rf.1c3a980da3384e77d5b0a1f331b23ad8.jpg,OSCC_400x_484_jpg,train,1,0.87706083,0,-0.036864,0,0.610668,1,1.313391
OSCC_400x_242_jpg.rf.bb3b062861362b3aabaa1a163c7cbb87.jpg,OSCC_400x_242_jpg,train,1,0.99985230,0,0.115948,11,12.160510,3,3.915740
OSCC_400x_181_jpg.rf.1182e36c468051908166a4b5b1e660cc.jpg,OSCC_400x_181_jpg,train,1,0.94384539,0,0.133256,5,2.272683,0,0.582413
OSCC_400x_251_jpg.rf.d890e60571c901bf9618c4d7c22d2bf5.jpg,OSCC_400x_251_jpg,train,1,0.97614622,0,0.078398,5,2.817633,1,1.970118
OSCC_400x_319_jpg.rf.addba657d3d5a064ad8ed835f0b5da1b.jpg,OSCC_400x_319_jpg,train,1,0.90370411,0,0.064939,4,0.663499,1,1.468987
OSCC_400x_417_jpg.rf.7f81ec7b10b92ca3991feccc2de69488.jpg,OSCC_400x_417_jpg,train,1,0.89289981,0,0.067679,3,0.481685,1,1.518572
OSCC_400x_21_jpg.rf.b488d6b1e1e3e4e0a1f9159f66f76efa.jpg,OSCC_400x_21_jpg,train,1,0.97066486,1,0.222765,5,3.229167,2,0.495748
OSCC_400x_53_jpg.rf.698cfcf56907cc8c5cc2e73c67016fd0.jpg,OSCC_400x_53_jpg,train,1,0.93621653,0,0.034181,4,0.848673,4,2.688350
OSCC_400x_430_jpg.rf.784d06a0a45e4bf75f52623c3cd0f6ef.jpg,OSCC_400x_430_jpg,train,1,0.96627331,0,0.053270,3,2.409578,2,3.191555
OSCC_400x_310_jpg.rf.69953d3e32d97b00989008559ea8d8e1.jpg,OSCC_400x_310_jpg,train,1,0.95740867,0,-0.035263,1,1.918118,11,2.836943
OSCC_400x_216_jpg.rf.af9d9bdb67733f52940e3e92d62dabdd.jpg,OSCC_400x_216_jpg,train,1,0.99998605,0,0.182973,4,3.248295,18,19.404047
OSCC_400x_188_jpg.rf.4bdb21b38a227390d9700b0c27b36935.jpg,OSCC_400x_188_jpg,train,1,0.99998665,0,0.202898,19,18.354254,9,5.098412
OSCC_400x_399_jpg.rf.2053d17a7ffc17fb0eeb27c78dea999d.jpg,OSCC_400x_399_jpg,train,1,0.94057709,0,0.003181,0,1.266238,1,1.757853
OSCC_400x_195_jpg.rf.4848a8b0ce51f5e77d89f3fa1dc08d0d.jpg,OSCC_400x_195_jpg,train,1,0.97161192,0,0.138966,7,3.490506,0,0.740761
OSCC_400x_275_jpg.rf.0bfa5e05b6e2f3bec5988cdafe35c0a3.jpg,OSCC_400x_275_jpg,train,1,0.98279172,0,-0.089916,0,1.118388,12,6.787773
OSCC_400x_480_jpg.rf.ad86e03477f18919b059654d50246a7f.jpg,OSCC_400x_480_jpg,train,1,0.86733353,0,0.032406,0,-0.194682,1,2.678012
OSCC_400x_456_jpg.rf.0c5f857e0024ceadf464707e8d3898c0.jpg,OSCC_400x_456_jpg,train,1,0.98849386,0,0.184680,5,3.453666,3,4.511157
OSCC_400x_354_jpg.rf.b425d33f41d5ee520a01d79370a63a93.jpg,OSCC_400x_354_jpg,train,1,0.99767500,0,-0.111176,0,1.433675,9,9.774190
OSCC_400x_17_jpg.rf.1775eb74e785a2be49d9987ff6f328fd.jpg,OSCC_400x_17_jpg,train,1,0.99982435,0,0.347281,12,11.186406,0,-0.442833
OSCC_400x_456_jpg.rf.06e5738049cdd6cc0e095e223a700d33.jpg,OSCC_400x_456_jpg,train,1,0.96465111,0,0.121105,5,3.386495,3,1.668694
OSCC_400x_430_jpg.rf.78019c82765d9ab00404c81b2cc2f75d.jpg,OSCC_400x_430_jpg,train,1,0.97827506,0,0.068628,3,3.343955,2,2.791206
OSCC_400x_88_jpg.rf.774f9278a3d96c45c36b2345a12984c7.jpg,OSCC_400x_88_jpg,train,1,0.89757264,0,0.095537,3,0.994681,1,1.512099
OSCC_400x_483_jpg.rf.b9b00af5058b1c6ce70adf01e9d15037.jpg,OSCC_400x_483_jpg,train,1,0.98912990,0,-0.023847,0,0.225496,9,7.286386
OSCC_400x_104_jpg.rf.39c9c908f2a52c5478ec0287f6e5a300.jpg,OSCC_400x_104_jpg,train,1,0.99865460,0,-0.117724,2,2.262357,10,10.262517
OSCC_400x_10_jpg.rf.014484b711ae5101ec99a8593304b27c.jpg,OSCC_400x_10_jpg,train,1,0.99999905,0,0.102475,3,5.374420,18,21.391224
OSCC_400x_20_jpg.rf.8b764e1dab56d349107176da44c90588.jpg,OSCC_400x_20_jpg,train,1,0.98242605,0,0.147945,8,4.344156,1,0.241879
OSCC_400x_96_jpg.rf.845f5e9299d03b2697d44e943ae71f73.jpg,OSCC_400x_96_jpg,train,1,0.99706215,0,0.104116,9,7.466734,5,2.351151
OSCC_400x_8_jpg.rf.1b29ebf5db6ecb1e31ea84562207dd3a.jpg,OSCC_400x_8_jpg,train,1,0.86724287,0,0.005952,1,0.467482,3,2.321257
OSCC_400x_408_jpg.rf.6fc65104cab105a436a430f2f0565941.jpg,OSCC_400x_408_jpg,train,1,0.88685012,0,0.053295,0,0.143368,1,1.728016
OSCC_400x_230_jpg.rf.0c7117e7953cf6c05d562a15a3300d1c.jpg,OSCC_400x_230_jpg,train,1,0.93004060,0,0.067635,0,1.773794,2,1.527114
OSCC_400x_397_jpg.rf.1ed29a15ff29bf07a5ffa7dfaf0d7186.jpg,OSCC_400x_397_jpg,train,1,0.88182229,0,-0.040464,0,0.326479,4,2.047856
OSCC_400x_458_jpg.rf.9a657a35efa2724df913c6f921ff0087.jpg,OSCC_400x_458_jpg,train,1,0.99174953,0,0.033761,5,5.280364,9,4.482104
