test_image,train_image,matching_transform,thumb_z_rms,full_res_z_rms,pearson_r,verified_full_res
calculus-212-_jpg.rf.54a66db0ed02f2a66c373b3058beca9c.jpg,gingilagi-31-_jpg.rf.5eea63f410ae80e56d5ffa04a98dbd60.jpg,identity,0.03922086954116821,0.08362352543617259,0.9965035529968107,yes
gingivitis-344-_jpg.rf.a816e389ab70933ff39a038331f885a0.jpg,gingilagi-164-_jpg.rf.de83df553336bca12f54825df8659b10.jpg,hflip,0.04675404354929924,0.09551946835505215,0.9954380155825835,yes
gingivitis-291-_jpg.rf.463dd127ed27d4a0a6a29564f4251e5c.jpg,gingilagi-17-_jpg.rf.c35f08583cc11cd39b6fda4703d131c4.jpg,identity,0.050282299518585205,0.13110453979168543,0.9914057998230038,yes
gingivitis-511-_jpg.rf.234592af1563d60ae35ba19d77255fa0.jpg,gingilagi-108-_jpg.rf.d1a8e059388d524d2196c67f15dc2c73.jpg,identity,0.057798970490694046,0.09020803397739886,0.9959312553029661,yes
gingilagi-22-_jpg.rf.04b4c9ebfc8fc5fe3e9d20dffc02c8d2.jpg,gingivitis-297-_jpg.rf.feb2dda40cb854a94859a54796eeffc1.jpg,identity,0.05908102169632912,0.12484925771269496,0.9922063314242938,yes
gingilagi-137-_jpg.rf.d263025c8ca271af96e5dc8f87a223ce.jpg,gingivitis-297-_jpg.rf.feb2dda40cb854a94859a54796eeffc1.jpg,hflip,0.06058427318930626,0.12665053638244275,0.991979820817018,yes
gingivitis-675-_jpg.rf.d552d721ee93aa8cea9ef369c31f3fee.jpg,gingivitis-2246-_jpg.rf.2093fc1f37c2c18491fe8304bb36aa70.jpg,identity,0.06319234520196915,0.11979300780458417,0.9928248176405674,yes
gingivitis-348-_jpg.rf.e425a918b41997dd49af8ad8411359c4.jpg,gingilagi-44-_jpg.rf.dfe1cf1df940ea9a1c1e29633ad116a7.jpg,identity,0.06381744146347046,0.09690924983288265,0.9953042986484111,yes
hypodontia-184-_JPG.rf.e6830f4ad3e36c1c701ed22450c40587.jpg,hypodontia-45-_JPG.rf.0f22089150b64af1b8624c90a798eb92.jpg,identity,0.06434112787246704,0.089016625402149,0.9960380202010063,yes
gingivitis-384-_jpg.rf.3bb7873cbadfa5acb7baeab1727c361f.jpg,gingivitis-2215-_jpg.rf.ddc2f6f1ea98ed6e0ec84dcacd6d5f00.jpg,identity,0.06459538638591766,0.11960565688223547,0.9928472434208856,yes
gingivitis-365-_jpg.rf.e9e2461cb40892cebe023edcdfc5a016.jpg,gingivitis-2196-_jpg.rf.312ee467211c9f0f274422e50a5421af.jpg,identity,0.06499278545379639,0.11651229912125342,0.9932124420767422,yes
hypodontia-388-_jpg.rf.9ae19199c9483c52c1486887e310ce2c.jpg,hypodontia-805-_jpg.rf.8a9e8b22141d6ce16c8ee9c52f2d1724.jpg,vflip,0.06724733859300613,0.10941461411496645,0.994014221109038,yes
gingilagi-51-_jpg.rf.0828ba358adc0531e0b80e36648f0eda.jpg,gingivitis-271-_jpg.rf.34e7abcb16246dc83e3972c47a13de38.jpg,identity,0.07173165678977966,0.10881392548882303,0.9940797648098566,yes
hypodontia-389-_jpg.rf.db39b185de3c37a2aabd347f8d3e60e9.jpg,hypodontia-667-_jpg.rf.8cfb1e46bf781c40002f632135091c3e.jpg,hflip,0.0720086544752121,0.12042692164995228,0.9927486782709556,yes
gingivitis-290-_jpg.rf.77d508719c308264cd06aae9bac133d4.jpg,gingilagi-133-_jpg.rf.bc2ddbb10bf255ef5ae09fdbedd0bc05.jpg,hflip,0.07269325852394104,0.11862671735261025,0.9929638509650732,yes
gingilagi-94-_jpg.rf.22366e8cd1aa025ba6dd60eff223d70f.jpg,gingivitis-322-_jpg.rf.871ee72067af3c3ecbb9460e8a83c0ac.jpg,identity,0.07385727763175964,0.1139698364075013,0.9935054381946249,yes
gingivitis-269-_jpg.rf.b73a5a6b500f271619139b9974e3e176.jpg,gingilagi-65-_jpg.rf.258fe6f9c72629f72e618075034fc220.jpg,identity,0.07461681962013245,0.10871628102559351,0.9940903851199846,yes
gingivitis-305-_jpg.rf.580ad72f6d62d33494fcfcdfacf58bde.jpg,gingilagi-142-_jpg.rf.eb72ea3d63a274f0700c19a5451033b5.jpg,hflip,0.07584251463413239,0.11604475325599116,0.9932668076208788,yes
gingivitis-334-_jpg.rf.ac7303f3f246ead52a3e1265c5364144.jpg,gingilagi-158-_jpg.rf.b0c5e86f320ccca1725f18e8dee384b4.jpg,hflip,0.07674641162157059,0.10874049481302427,0.9940877523939108,yes
gingivitis-595-_jpg.rf.de734e612eb9281698a846e4cd2a8977.jpg,gingivitis-2169-_jpg.rf.38bbfc3aabe2d422154154761a56f2c3.jpg,identity,0.07730511575937271,0.12475131408102612,0.9922185548175294,yes
gingilagi-66-_jpg.rf.58e060ef690de3590d49bb979c7486f3.jpg,-344-_jpg.rf.babb5787023f28056566429e8f2ae75d.jpg,identity,0.0827784314751625,0.1080158557631775,0.9941662874518752,yes
gingivitis-573-_jpg.rf.80c67dfadaf2673891563d189e59d4db.jpg,gingivitis-2147-_jpg.rf.10cb847e003088f0e9e8ab4214143a5f.jpg,identity,0.0872446671128273,0.15612967696450264,0.9878117619854792,yes
gingivitis-404-_jpg.rf.54db3877ec7862128376d6dcfaff9646.jpg,gingilagi-58-_jpg.rf.7adcbc8f4242db88f3d6bd139dabcab1.jpg,identity,0.08771276473999023,0.11325500254301189,0.9935866521994924,yes
gingilagi-77-_jpg.rf.aa7786346bafbe350ceedbcffc3d6514.jpg,calculus-1268-_jpg.rf.4e2009bbd7239c0119dcb32fb028898b.jpg,identity,0.09073758125305176,0.14988068070324964,0.9887678907759647,yes
-278_jpg.rf.e47a79888890e1e75d72c976c96f6c67.jpg,-21_jpg.rf.8df253d5d9fa58937cf415d44eb00335.jpg,identity,0.09087739139795303,0.21082303456462692,0.9777768240484821,yes
gingilagi-163-_jpg.rf.d4c7bb43f749e3f949b30f7e40527422.jpg,calculus-1268-_jpg.rf.4e2009bbd7239c0119dcb32fb028898b.jpg,hflip,0.09149575233459473,0.15125100555220897,0.988561566659723,yes
calculus-457-_jpg.rf.6d8998fb4f1c966a0a1b86112e8cdbfb.jpg,calculus-313-_jpg.rf.7b748b5e6a2f020fbab12c93714ae6f1.jpg,identity,0.09177674353122711,0.12291987912929854,0.9924453516574184,yes
hypodontia-172-_JPG.rf.349a224de132022dc53adfab060391ca.jpg,hypodontia-33-_JPG.rf.ae6d037b6db87199e9a1f3f1681a5efb.jpg,identity,0.09217076748609543,0.10103995507643355,0.9948954637390767,yes
gingi-359-copy_jpg.rf.a022fa9ef35fb965638f2fe2eefd8332.jpg,gingilagi-210-_jpg.rf.f5a7a474fe3762fd9be1fc6c0b6c02b2.jpg,identity,0.09615608304738998,0.15043002383765444,0.9886854039641028,yes
hypodontia-185-_JPG.rf.9c25e0728677db00ad0fdd9c5ef4ed2e.jpg,hypodontia-741-_JPG.rf.8a24a4c7953e0965708f1884ca8d1c3a.jpg,vflip,0.0969831570982933,0.11335067253042384,0.9935758125184514,yes
gingivitis-288-_jpg.rf.7435e1bb4a7a679c9df140eef15d665e.jpg,gingilagi-131-_jpg.rf.6f2413ecd247c9f08dd4433f068bfa52.jpg,hflip,0.09939012676477432,0.12490249469394953,0.9921996834096146,yes
gingi-624-copy_jpg.rf.55436c4e5f4e4dfd0d896b442b40cc19.jpg,gingilagi-210-_jpg.rf.f5a7a474fe3762fd9be1fc6c0b6c02b2.jpg,hflip,0.10390815138816833,0.17970128139107128,0.9838537247332041,yes
gingivitis-592-_jpg.rf.50b1d956e0a69c35f6be2bc67aa8ac6c.jpg,gingivitis-2166-_jpg.rf.98fbaa3f4a64983737bfb51c9309fd28.jpg,identity,0.10421916842460632,0.16209531988566847,0.9868625536355807,yes
calculus-417-_jpg.rf.6d819ddc49797d7e88af2a538493a592.jpg,gingivitis-2297-_jpg.rf.a083f4bdbd6a23a7f2bf8751b29e5709.jpg,identity,0.10430720448493958,0.15875184917049234,0.9873989251924744,yes
gingivitis-722-_jpg.rf.d92093e8bc67a3e3d5d6517f0a0aa836.jpg,gingivitis-2293-_jpg.rf.3b22c248c2f0ed9c2cda67f0c054ae32.jpg,identity,0.10620369762182236,0.1304113244665694,0.9914964432254358,yes
hypodontia-195-_JPG.rf.13d55272ac018908161f6c2464631902.jpg,hypodontia-612-_JPG.rf.467fe68b027aae9958aaa4a07120f727.jpg,hflip,0.10831647366285324,0.14311944026623344,0.9897584129089397,yes
gingivitis-560-_jpg.rf.92bbb4d37fd1331bf9cc7c238f132d82.jpg,gingivitis-1356-_jpg.rf.f1813d1d7a0a1d1090b1e77e8bd7ade0.jpg,vflip,0.1086839884519577,0.13544833715038132,0.9908268739815976,yes
gingilagi-56-_jpg.rf.902f1bfc1200fab7fd466eb1d6bddf62.jpg,calculus-631-_jpg.rf.04170166952bde86976a17db6e2a3abc.jpg,hflip,0.11201399564743042,0.13565433478704464,0.9907989507267438,yes
gingivitis-561-_jpg.rf.56512011be8ce472e198379cc5e61bf1.jpg,gingivitis-1081-_jpg.rf.2d033d22e35c288b7970cb387802f410.jpg,hflip,0.11331228911876678,0.14577442252147818,0.9893749088692648,yes
gingivitis-1154-_jpg.rf.be92046db7d15407d11b368a3db2c782.jpg,gingivitis-358-_jpg.rf.ac38ed5ead9f4d5efc9e162fa1941fee.jpg,hflip,0.11507029086351395,0.13240468115151308,0.9912345002045844,yes
gingivitis-619-_jpg.rf.1109f801d264b8531c9fd614aa60e7d1.jpg,gingivitis-1415-_jpg.rf.0a227d3fc89f1793b67e713b7e173643.jpg,vflip,0.1151319146156311,0.1528673785972428,0.9883157822804062,yes
gingivitis-100-_jpg.rf.9f657835536420b9283d737fa67ded96.jpg,gingivitis-358-_jpg.rf.ac38ed5ead9f4d5efc9e162fa1941fee.jpg,identity,0.11537910997867584,0.1322766577099006,0.9912514429125506,yes
gingi-452-copy_jpg.rf.74789a0ab02843560f873ebd7947b134.jpg,gingilagi-214-_jpg.rf.fa75c2243cb5da2a5a1484d970dc1eae.jpg,identity,0.11555720120668411,0.13731048962095216,0.9905729147200302,yes
gingivitis-793-_jpg.rf.093398f8252251eae5e119661f11242b.jpg,gingivitis-533-_jpg.rf.7793d9802030dcfb2ab86920c4765197.jpg,identity,0.11603128165006638,0.15489737689013372,0.9880034013162794,yes
gingivitis-337-_jpg.rf.b46499b2e7a45ed3cc0e98975365bc1a.jpg,gingivitis-79-_jpg.rf.cd7ff206bf14577f96430267faa4290f.jpg,identity,0.1169532984495163,0.1374325004741686,0.9905561539067081,yes
gingilagi-86-_jpg.rf.0c4e43fe2b6de417ff0100b9bc42d765.jpg,gingivitis-2306-_jpg.rf.3a1d37966a1bc0d46bd2a53375c12a26.jpg,identity,0.11812774091959,0.18628270258283522,0.9826493773592183,yes
gingivitis-771-_jpg.rf.556be6c0745f9945cf3499ad00dc74fc.jpg,gingivitis-254-_jpg.rf.1a9889e1f078f020ba3c546382fd556b.jpg,identity,0.11830874532461166,0.142703225348097,0.989817894737624,yes
gingi-206-copy_jpg.rf.7eefd4dcd5957c6e96b6a40e05e2f11d.jpg,gingi-397-copy_jpg.rf.104c9b6cee5646e134f794f594b6e8a8.jpg,identity,0.12066624313592911,0.12809848443257127,0.9917953891430394,yes
calculus-183-_jpg.rf.3e216ae4ce72ea085fc2b10adb84335d.jpg,calculus-615-_jpg.rf.f0e8ba4cbe22bfef513b4b62a0403cc2.jpg,hflip,0.12120641767978668,0.14703919765259948,0.989189737176841,yes
calculus-416-_jpg.rf.0bb1de995892bcaa87e74280ea347ca1.jpg,calculus-1280-_jpg.rf.6918ba07725b39992c4ce6107501abf3.jpg,identity,0.12275686115026474,0.1721153232625774,0.9851881577491092,yes
hypodontia-386-_jpg.rf.295d11339a3c1094c1486189bf6039e2.jpg,hypodontia-664-_jpg.rf.3713e3492cf257d9913ab6a7bfcb31ed.jpg,hflip,0.12352164834737778,0.15003138808707525,0.9887452912943321,yes
hypodontia-353-_JPG.rf.cbe7346efff32b0900ed92eb5caeea53.jpg,hypodontia-75-_JPG.rf.3366ee1eb6949fd85d8713c71aa04c82.jpg,identity,0.12436994165182114,0.1582929962464572,0.9874716636696614,yes
hypodontia-724-_JPG.rf.a7702f1f588c26826550049f9d439b21.jpg,hypodontia-168-_JPG.rf.b0ea6ec1b0d080e9e5fe5a01c1fcd866.jpg,vflip,0.1248415932059288,0.1439002608727807,0.9896463574603723,yes
hypodontia-29-_JPG.rf.22405bd7cf2441574a6bd56e0dbb66fe.jpg,hypodontia-168-_JPG.rf.b0ea6ec1b0d080e9e5fe5a01c1fcd866.jpg,identity,0.12532097101211548,0.14217674362615068,0.9898928867859333,yes
calcu-652-copy_jpg.rf.9650aa6dd7ed778a9e022b71e232ef5b.jpg,calcu-367-copy_jpg.rf.6a0a350b33cf991c194b40b4e1b4e525.jpg,vflip,0.1253495067358017,0.2001929408470215,0.9799613932175095,yes
hypodontia-392-_JPG.rf.b5cfd3858ba2cc23e15f7e369bc6985a.jpg,hypodontia-670-_JPG.rf.0dcefa8d7513b15a5e0920e997c31447.jpg,hflip,0.12561361491680145,0.16404826659856275,0.9865440831130057,yes
gingivitis-720-_jpg.rf.4c4daa1fbc6508c69c78a4c8432fbaad.jpg,calculus-24-_jpg.rf.b5cb8b06efb274be3ced07fd1978fee7.jpg,identity,0.12724341452121735,0.1540444472971226,0.9881351541284618,yes
calculus-321-_jpg.rf.8377f05545467aba077fcf12cbd56d01.jpg,calculus-33-_jpg.rf.57424519d5aeedf6db2d5ce8ea9dad26.jpg,identity,0.12904581427574158,0.14798085365439806,0.9890508334758579,yes
gingivitis-779-_jpg.rf.677598d5b5dae9f98c1e7c2fd0ec0537.jpg,gingivitis-519-_jpg.rf.2c0c2dfad07db9f95b66eb57c62956fa.jpg,identity,0.12986445426940918,0.1648095698970518,0.9864189028351734,yes
calculus-411-_jpg.rf.3c8c02cc4116ee44f5228219902b09e8.jpg,gingivitis-99-_jpg.rf.727c245f1143f8e6aa49ed52a57ae85e.jpg,identity,0.12992961704730988,0.1548586060173492,0.9880094060711828,yes
hypodontia-410-_jpg.rf.abec79ceb2bd8eb5623c02ee5cc34904.jpg,hypodontia-688-_jpg.rf.e09f5cad0d719ce66701ca121074c094.jpg,hflip,0.13081108033657074,0.1600418930619698,0.9871932962325694,yes
hypodontia-302-_JPG.rf.bf3a8d8e7f3b11a05b66497e5d915334.jpg,hypodontia-719-_JPG.rf.c96110f34d109a96761d3247b48eb003.jpg,vflip,0.1338086575269699,0.15785747868700337,0.9875405082112899,yes
calculus-341-_jpg.rf.cfc0150286bd7994e773148d3bbac166.jpg,calculus-629-_jpg.rf.3d168fa6f411ae49c3372ec6c6df24ad.jpg,hflip,0.13429731130599976,0.17498972431036994,0.984689298192889,yes
gingivitis-540-_jpg.rf.101b353a8d0775ea2aa30b9ef8644b51.jpg,gingivitis-2114-_jpg.rf.a7f0c2fdcf8ff5086a765e8097600807.jpg,identity,0.13599136471748352,0.1723995201554172,0.985139202725094,yes
gingivitis-538-_jpg.rf.6f1cfd2ef282bd88e637f6895af7b2a7.jpg,calculus-835-_jpg.rf.0fc6f675ea5a2a7cdd05d1ba11df26a9.jpg,vflip,0.13902388513088226,0.16981781398170467,0.9855809550272396,yes
gingi-337-copy_jpg.rf.5b44b1d583164db6a293dec473744ce1.jpg,gingi-337-copy_jpg.rf.f6728831c5cbcac903d0dd8cbb4061c8.jpg,identity,0.13995839655399323,0.24943873376775585,0.9688901590481726,yes
gingi-654-copy_jpg.rf.369d6c46bb3f64c66e77a4b672525989.jpg,gingilagi-273-_jpg.rf.067d1b7e827ab18c5a4a4f9a7cc88492.jpg,identity,0.14401565492153168,0.1647254053970355,0.9864327704083917,yes
hypodontia-369-_JPG.rf.2dcd50387b3e8f318a1aec04243d170b.jpg,hypodontia-647-_JPG.rf.07ed99387a9ff1e5422ab123c1d43619.jpg,hflip,0.14448918402194977,0.17500569942687172,0.984686502584054,yes
hypodontia-380-_jpg.rf.92330cd94f64088d6526e5bdbc3ba333.jpg,hypodontia-1214-_jpg.rf.ce7fd25682d89a5a51ac39b96602e6fd.jpg,identity,0.14467592537403107,0.21428272325814182,0.9770414572565368,yes
hypodontia-308-_JPG.rf.647cbadbaa1ea334056419de797b4d94.jpg,hypodontia-586-_JPG.rf.fbbb743d4b176585103f01c8238bf8cd.jpg,hflip,0.1459442377090454,0.17671709365378524,0.9843855344052804,yes
calculus-306-_jpg.rf.142b99a4a56b4f0ef6a31ac33d65ffad.jpg,calculus-1170-_jpg.rf.610c2bfaf953d3cca12d322250ca3153.jpg,identity,0.14662225544452667,0.16965475307487976,0.9856086323795514,yes
calculus-301-_jpg.rf.eec7e8959409f74cfaa163c9e425639f.jpg,gingivitis-2272-_jpg.rf.edc8d8ee7caba5dea32a408a531bf690.jpg,identity,0.1474718451499939,0.19163482176418242,0.9816380475437015,yes
gingivitis-1020-_jpg.rf.b24a6cd4d1ec0b71919a36e7d0004631.jpg,gingivitis-525-_jpg.rf.5600a47a67643af195e0931f2d163ea5.jpg,identity,0.14756599068641663,0.17980248913953545,0.9838355324496159,yes
hypodontia-381-_JPG.rf.747fa7084c1894d1739703ac8fad98f1.jpg,hypodontia-1215-_JPG.rf.f6cde21b70a0c0a8a9ebe6f82e09b84d.jpg,identity,0.14778879284858704,0.22380163474443815,0.9749564141428605,yes
gingivitis-707-_jpg.rf.9e0e7aa26a56fd9e8face58dad7d208d.jpg,gingivitis-967-_jpg.rf.29b2a8c935fe4cde0c1b8c3f221d1d4f.jpg,identity,0.1485779732465744,0.18559381388206148,0.9827774681243573,yes
gingivitis-1032-_jpg.rf.be708c8cffd8d363c750d083d743e35d.jpg,gingivitis-636-_jpg.rf.e3d4701fb634c7e209765250c7b3895e.jpg,identity,0.1486048549413681,0.18937127870522147,0.9820692594007749,yes
gingivitis-339-_jpg.rf.557287f422627d87cfc3e635afaf2ca2.jpg,gingilagi-97-_jpg.rf.4173825f8c66a59033f2bebb4416c041.jpg,identity,0.14950458705425262,0.16266584795889735,0.9867699109539071,yes
hypodontia-333-_JPG.rf.8fca3f798b63eb2851b80e4d762fec89.jpg,hypodontia-750-_JPG.rf.555b85224468e7fd988e5efdebd7e88a.jpg,vflip,0.14954206347465515,0.17280286850618914,0.9850695843180155,yes
calculus-331-_jpg.rf.ec597823e2fd782497bf1328e4013267.jpg,calculus-1195-_jpg.rf.c11b4072ffac6d602f818ac1b8fcc11b.jpg,identity,0.14960701763629913,0.1821687861669138,0.9834072666732383,yes
hypodontia-376-_jpg.rf.c0d29f8ec405ff8775f7b632c57d0fb0.jpg,hypodontia-793-_jpg.rf.329a7b3b0f28ae9e0a3e43d75b97ca4d.jpg,vflip,0.15021415054798126,0.17187826150445876,0.985228931611104,yes
gingivitis-657-_jpg.rf.221da2984ff02d6be4f59e1b986eaeae.jpg,gingivitis-2228-_jpg.rf.7cc3821b3d0ed12c913ea6bca4a2f177.jpg,identity,0.1502605676651001,0.19662309336689565,0.9806696795774168,yes
hypodontia-270-_JPG.rf.73837d31499b9e3a03dae9fa91709c32.jpg,hypodontia-131-_JPG.rf.4f6048f6e43d7c1ac0fa76b2f421211a.jpg,identity,0.15032680332660675,0.16007124898464503,0.9871885976242402,yes
hypodontia-401-_jpg.rf.156dcf598e0180ec98c3001d50633791.jpg,hypodontia-540-_jpg.rf.c9420842dfb6aa29cd5ab25b6423b7ee.jpg,identity,0.15135498344898224,0.18030659962515405,0.9837447650658062,yes
gingivitis-306-_jpg.rf.f696008fb027539d9abcfe807268ac3e.jpg,gingilagi-143-_jpg.rf.84cc349b36e941ba2c5c50332358f9d8.jpg,hflip,0.15248022973537445,0.1687663065655515,0.9857589668841092,yes
hypodontia-153-_JPG.rf.83fdb4152e984874da2a009bd52f0e29.jpg,hypodontia-709-_JPG.rf.6000fb2d5e7939caea01600a0462ec9e.jpg,vflip,0.15284216403961182,0.16072634781533449,0.9870835205589746,yes
gingivitis-975-_jpg.rf.74a4c94df3bbde29c6063de5d241d61f.jpg,gingivitis-715-_jpg.rf.6ca2e4da078d6f52721232e50f13f793.jpg,identity,0.15320169925689697,0.1823633320359491,0.9833718075643736,yes
gingivitis-807-_jpg.rf.21f32831861d3f6a29d3f22b7c0a1785.jpg,gingivitis-547-_jpg.rf.c6321d253a4cd734afebd15c491cf30c.jpg,identity,0.15379619598388672,0.19275751961087106,0.9814222693167337,yes
calculus-471-_jpg.rf.584b84534d6961eb2c424b91ee6a71b9.jpg,calculus-327-_jpg.rf.44928a71fcad99022f7fb76e3b23054f.jpg,identity,0.15429340302944183,0.192628302370589,0.9814471685629126,yes
gingivitis-430-_jpg.rf.c29dc590a71d10bd9b1cb373053633c3.jpg,gingivitis-690-_jpg.rf.4773d53beb5cc4073f1080760de02163.jpg,identity,0.15630453824996948,0.18110775007815907,0.9835999914308132,yes
calculus-217-_jpg.rf.bfc76c26198673c01d248c36aa7670ba.jpg,calculus-1225-_jpg.rf.11d6561385e2645ece596549ed9baaac.jpg,identity,0.15731599926948547,0.21769950016878434,0.9763034638131317,yes
gingivitis-510-_jpg.rf.f621c53cb36684fbfcddc0f62613a70d.jpg,gingilagi-107-_jpg.rf.01b4c1016bfa14c09e6a5add27958c47.jpg,identity,0.15885770320892334,0.17128548830615992,0.9853306407478671,yes
gingi-682-copy_jpg.rf.5a56207e9e63d6558e25afbdf34d2a91.jpg,gingi-662-copy_jpg.rf.f5db3d8215359ce201525cdc877de4f7.jpg,identity,0.1594098061323166,0.33922668967071573,0.9424626265075245,no
calculus-454-_jpg.rf.97128a52980eabcecac2837c5b0d60fa.jpg,calculus-310-_jpg.rf.cf84e6cf3c1e2d78b4ceee586f17d08e.jpg,identity,0.16024628281593323,0.18822669562529237,0.982285355526991,yes
calculus-300-_jpg.rf.70d70acfa95ffe01efc9023899b81ed2.jpg,gingivitis-2280-_jpg.rf.88942f9f8dd243b579387f4aad06858f.jpg,identity,0.16102032363414764,0.20646156119509337,0.9786868118744417,yes
gingi-650-copy_jpg.rf.939c22aff2126aa1b3c8e3d131468eba.jpg,gingi-650-copy_jpg.rf.b4fcb2a1b41656348881125f7079d1f9.jpg,identity,0.1611313372850418,0.29623709158009404,0.9561217927860846,yes
calculus-463-_jpg.rf.c7184c58feaec04a67dfa9ed71c80c3d.jpg,calculus-319-_jpg.rf.871fe440b9419aabbb39ef1f19daf23c.jpg,identity,0.1611335575580597,0.19673043593030262,0.9806485677893382,yes
gingivitis-759-_jpg.rf.3516a28d5816a16ab87aa9a7926aa747.jpg,gingivitis-242-_jpg.rf.4056eb5076b7f0a0012ecf85a560a099.jpg,identity,0.16138747334480286,0.17641165761887184,0.9844394635280785,yes
gingivitis-556-_jpg.rf.dccefa52f7892883cdfeecafd8e05944.jpg,gingivitis-2130-_jpg.rf.0eec8a8138480a4ec456d21a6bf8da91.jpg,identity,0.16149528324604034,0.24032290582113616,0.9711224504688457,yes
gingivitis-651-_jpg.rf.83d101082af06203a49390f5253f2079.jpg,gingivitis-2222-_jpg.rf.968ee04941c63282d393f22b59547be9.jpg,identity,0.16449716687202454,0.1976412096213104,0.9804689761297126,yes
gingi-557-copy_jpg.rf.788f4ff2e2fa6f62a5821555c8a40a55.jpg,gingi-441-copy_jpg.rf.a876bb0b5a124e85a091a17f92b54539.jpg,identity,0.16482006013393402,0.2750778349660661,0.9621660923551925,yes
hypodontia-373-_JPG.rf.449056c2318501e4a08e9bb80b42dcf0.jpg,hypodontia-790-_JPG.rf.958d26d304c26e68a1f6e36cf9881b8d.jpg,vflip,0.16571448743343353,0.18509560332650932,0.9828698088145998,yes
calculus-375-_jpg.rf.f68673dd4a2c69ddca262e8d83b4f278.jpg,calculus-87-_jpg.rf.759ff2a34a84429f2b7eae934aee9e72.jpg,identity,0.16596534848213196,0.17713326508708982,0.9843119031997922,yes
gingi-469-copy_jpg.rf.c916ba49769e0ec39410f7ad6e766898.jpg,gingi-467-copy_jpg.rf.568a9d3771f036f2405df87b69dc8a35.jpg,identity,0.16761991381645203,0.30759088887471664,0.9526939225406331,yes
hypodontia-290-_JPG.rf.1c523c16592377a8fbc3bb95b41b20d7.jpg,hypodontia-1124-_JPG.rf.15cb1daa4960b4215cf63f965259c920.jpg,identity,0.16878435015678406,0.21529959865969264,0.9768230414084882,yes
calculus-349-_jpg.rf.dbb361f770c3edf20990f1baf7c1e951.jpg,calculus-124-_jpg.rf.dacb1a394684b55762c246a25c59582d.jpg,identity,0.1697632521390915,0.1880690667172155,0.9823150130720556,yes
gingivitis-978-_jpg.rf.2adf6b38b514b6cdda163a3a673a8efa.jpg,calculus-431-_jpg.rf.4d9e2e10c470832ca1f50d95ac0afce2.jpg,identity,0.16988995671272278,0.19749702733156113,0.9804974620975974,yes
gingivitis-612-_jpg.rf.6ca2ed5955e7bc092b93f5e7ce34fa26.jpg,gingivitis-2186-_jpg.rf.043167da3a752ed127cde5a5f73f432a.jpg,identity,0.17054930329322815,0.18353201149883752,0.9831580003775969,yes
hypodontia-329-_JPG.rf.6813c0d2c7fdc06b7187c3a24d4b3b08.jpg,hypodontia-746-_JPG.rf.ee3787b9824a53f30ca46c7ff750f0d0.jpg,vflip,0.17081470787525177,0.188160515227103,0.982297810254736,yes
gingivitis-916-_jpg.rf.c0237cd5c4f5772e81cbdbcdf8117a09.jpg,gingivitis-656-_jpg.rf.2dd8aa62dfb398ce31fc4ef451ec99b4.jpg,identity,0.1719939112663269,0.20785183607737748,0.9783988071196288,yes
calculus-333-_jpg.rf.fac33fcbc3ddd70da34998ac94d2da54.jpg,calculus-765-_jpg.rf.71dc4d07a004c0e6b506a12d17b925dd.jpg,vflip,0.17280086874961853,0.18788042904727098,0.9823504721905046,yes
hypodontia-368-_JPG.rf.69dd586758a37f2e88def416cbbffbc6.jpg,hypodontia-1202-_JPG.rf.d738e268c007bba8d4e5253f60fc62fc.jpg,identity,0.17362123727798462,0.2361605587482841,0.9721140952458514,yes
calcu-625-copy_jpg.rf.e5c01422ffee101e12ba944c72c71d46.jpg,gingi-498-copy_jpg.rf.498f1f55deb51c2e1361649d27c373ab.jpg,vflip,0.1787692904472351,0.3522787220026929,0.9379498510120761,no
gingi-200-copy_jpg.rf.6b9e874b9d1cf0e19ae7931539f459c9.jpg,gingi-302-copy_jpg.rf.d70388a78fe6fa34ba296efb66b8e35c.jpg,vflip,0.18086092174053192,0.28103972881186484,0.960508335414678,yes
gingivitis-626-_jpg.rf.2d71219a66804e68f3ceeaaeac6faefd.jpg,gingivitis-2197-_jpg.rf.d0ebb0c4173954eba8b4af459d3942d4.jpg,identity,0.18095020949840546,0.21695828939109713,0.976464550332244,yes
calculus-318-_jpg.rf.9ca84ffefd3af790da8db606c07aba36.jpg,calculus-1182-_jpg.rf.fe4a67034fac5c3dd63316aeee2b3636.jpg,identity,0.181349977850914,0.19806159346691743,0.9803858025966725,yes
calculus-392-_jpg.rf.2fffa8d97d815ced59ae6a0726dafb4e.jpg,gingivitis-2256-_jpg.rf.0cc3b75a678fb0425f5044f175de12e1.jpg,identity,0.18158844113349915,0.21632014282281714,0.9766027979045592,yes
gingi-646-copy_jpg.rf.181e80979c537a4d65e012ea52aab03d.jpg,gingi-467-copy_jpg.rf.568a9d3771f036f2405df87b69dc8a35.jpg,hflip,0.18164291977882385,0.3312563792401431,0.9451346056063542,no
gingilagi-57-_jpg.rf.234d0a2c3f4bc7435543432853c8d11a.jpg,gingivitis-402-_jpg.rf.ed52f83092189c75cfaf45549f99b4f5.jpg,identity,0.18330100178718567,0.1874802768837719,0.9824255728897944,yes
gingivitis-478-_jpg.rf.326d62a427ec3232ac0d69db06a91506.jpg,gingivitis-1534-_jpg.rf.815bc0ed598730b022a0890883a730ba.jpg,vflip,0.1852884143590927,0.20166048075377846,0.9796665252510776,yes
gingivitis-979-_jpg.rf.be281e08e7aad858c66de1a5dfe83d88.jpg,gingivitis-719-_jpg.rf.f639dabe477826238d00ce38cb81b051.jpg,identity,0.1854289472103119,0.2185063174314493,0.9761274946212716,yes
hypodontia-143-_JPG.rf.a933890c059445fdd182ad6770048ac6.jpg,hypodontia-4-_JPG.rf.610336f09fec6c930f8e0144d612aff4.jpg,identity,0.18559248745441437,0.19054069886811068,0.9818471210374273,yes
calcu-136-copy_jpg.rf.fc773a25e93c35a97090ea8585189648.jpg,gingi-698-copy_jpg.rf.9cfc2d64d3db96345dd9e1bbdf11b680.jpg,identity,0.18738552927970886,0.35072623939494757,0.9384955524999392,no
gingivitis-838-_jpg.rf.e8153b5d4a7b3fd0f5f27912e190f0b6.jpg,gingivitis-578-_jpg.rf.bd0fd508a36dcb039cffdf36265b7edc.jpg,identity,0.1895669847726822,0.23383579274116698,0.9726604110165565,yes
hypodontia-902-_JPG.rf.0f315692afd7072e7aa1e6703cfa403e.jpg,hypodontia-901-_JPG.rf.451d330ef240f7c2f6efd301cfa2e643.jpg,identity,0.1899222582578659,0.2939056499011258,0.9568097344780979,yes
hypodontia-503-_JPG.rf.58152d06f1e7255913e924846d1bafa8.jpg,hypodontia-364-_JPG.rf.6fc63395edbad2cbd82e71153964ad6b.jpg,identity,0.1901966780424118,0.2162777099930405,0.976611976080083,yes
hypodontia-358-_JPG.rf.43ca877e277542d73c29680e027438a4.jpg,hypodontia-636-_JPG.rf.d61233b854fe48791535e50165ad5c7c.jpg,hflip,0.19221171736717224,0.2082576307181011,0.9783143796238426,yes
calculus-336-_jpg.rf.ec4890c56452d07bf592577d78a942d9.jpg,calculus-1200-_jpg.rf.b831613d51bb186e55ad11231e2db995.jpg,identity,0.19267815351486206,0.22328680953320343,0.9750715003442397,yes
gingi-591-copy_jpg.rf.b2393b536c4086cbb8799f66c55a79e9.jpg,gingi-429-copy_jpg.rf.b447761ef86a861ca60b3423a61779a7.jpg,hflip,0.19428899884223938,0.3538012753478558,0.9374123287811161,no
hypodontia-534-_jpg.rf.eaa5e648e10aa0147bf87ebf853df789.jpg,hypodontia-395-_jpg.rf.9677ff9c0b82ebd3a954a4a87bc0053a.jpg,identity,0.19430403411388397,0.22296157301913241,0.975144068478415,yes
gingivitis-882-_jpg.rf.f10f5a04532a68e0f0f503d2178c0b8f.jpg,gingivitis-622-_jpg.rf.b1e41ab785216046653ad880ee6cb1b9.jpg,identity,0.19538633525371552,0.23024045563731413,0.9734946662939595,yes
calculus-337-_jpg.rf.64c2c838e94fd955853ea2e5f2926296.jpg,calculus-481-_jpg.rf.2492c35b08e345ac27a4a31a35e4f2cd.jpg,identity,0.1962243765592575,0.22191590971803682,0.9753766645070069,yes
gingi-291-copy_jpg.rf.77c8a9c8331ec2ad5c9bad61e53e245b.jpg,gingilagi-322-_jpg.rf.fc254d5e08cc84044be929992bf9fd97.jpg,identity,0.19671645760536194,0.39569537503707175,0.9217125850871377,no
gingi-272-copy_jpg.rf.701e370ace374eb19355257b95d57292.jpg,gingi-273-copy_jpg.rf.405d58cc5215882caaa61fda74460808.jpg,identity,0.1974833607673645,0.353748654843505,0.937430944598205,no
calculus-205-_jpg.rf.979162a06671838637bfd6bef949c8d8.jpg,calculus-124-_jpg.rf.dacb1a394684b55762c246a25c59582d.jpg,identity,0.1993742734193802,0.2112926538430874,0.9776777072159737,yes
gingivitis-400-_jpg.rf.283a8bc19c3c4927061bcd1da47bad10.jpg,calculus-631-_jpg.rf.04170166952bde86976a17db6e2a3abc.jpg,hflip,0.20163148641586304,0.22111561844629293,0.9755539416395567,yes
hypodontia-417-_JPG.rf.282b8d597482ccb3c92bd406c5df4550.jpg,hypodontia-1251-_JPG.rf.11373f725b9dd2cc32c0465263f8aa40.jpg,identity,0.20252196490764618,0.24799543858553916,0.9692491312203814,yes
gingivitis-794-_jpg.rf.bcc574cd95997564f75a1c9c8f044f95.jpg,gingivitis-534-_jpg.rf.de689cfccf0ceb4df2d7749954f2c4d0.jpg,identity,0.2032652199268341,0.2345929008464682,0.9724830854362208,yes
calculus-440-_jpg.rf.7f89af7cfd67b3394d6d93d9917525f0.jpg,calculus-296-_jpg.rf.91df913a80ad8e84dcd6fa5401b84986.jpg,identity,0.20389996469020844,0.23475175104785434,0.9724458076899843,yes
gingi-644-copy_jpg.rf.dfcf8c0222b344f62afe908c83972cf4.jpg,gingi-467-copy_jpg.rf.568a9d3771f036f2405df87b69dc8a35.jpg,hflip,0.20390230417251587,0.3775834295698286,0.9287153768571424,no
hypodontia-267-_jpg.rf.94751cda1c800734da4643ea5513753e.jpg,hypodontia-128-_jpg.rf.6fc7d34e5697dc800e5c1c5d8c119b7d.jpg,identity,0.20424635708332062,0.20693916264461157,0.9785880914819743,yes
calculus-369-_jpg.rf.1922f7ebbeb51ef2741ef23ef0739297.jpg,calculus-1233-_jpg.rf.47ae618e56cf83effc32804ac9188f5c.jpg,identity,0.2046615034341812,0.23975751892877517,0.9712581660585579,yes
hypodontia-208-_jpg.rf.6a81d7541bd1c3b1e5581c4825444768.jpg,hypodontia-764-_jpg.rf.fc140b6ed557a74fb642a76ad13b3b2d.jpg,vflip,0.2067543864250183,0.21889551028344992,0.9760423777888702,yes
gingi-561-copy_jpg.rf.c298516ef4c514582545a05ef4cac7d4.jpg,gingi-561-copy_jpg.rf.336ec95690efdda6459d1adc0aeebcbf.jpg,identity,0.20679186284542084,0.3266685723903314,0.9466438219062334,no
gingi-475-copy_jpg.rf.cc039d74035ccbbe8a91c9fc24524107.jpg,gingi-475-copy_jpg.rf.0c60557d8149fa0a539e4511300dca03.jpg,identity,0.21215581893920898,0.35417426023275,0.9372802966942932,no
gingivitis-1026-_jpg.rf.f265af61cdbd78f7cdf9111c31467d32.jpg,gingivitis-766-_jpg.rf.a6573dc02ed9146186c441f9598d5371.jpg,identity,0.21272368729114532,0.2443166856104508,0.9701546785661611,yes
gingi-535-copy_jpg.rf.4b470bf67a2b7145aa5d50f49b0a49c4.jpg,gingi-535-copy_jpg.rf.c8917879dcc665967448e57f8cc263b4.jpg,identity,0.2129877507686615,0.3564224104808275,0.9364815326535183,no
hypodontia-350-_JPG.rf.c7fb955eb10410e78fe441a5dbf39828.jpg,hypodontia-1184-_JPG.rf.362997b42ae987f2f0236f3921c67be4.jpg,identity,0.21344900131225586,0.28708225706000273,0.958791888840666,yes
gingivitis-419-_jpg.rf.cc780a21335b431646dd872e3d341e14.jpg,gingivitis-1215-_jpg.rf.25a08d89406934121bac0a4bded8be5b.jpg,hflip,0.21441496908664703,0.23427175609354012,0.9725583721484246,yes
calculus-195-_jpg.rf.bb2b86342289bb20af549f4afa2b681b.jpg,calculus-51-_jpg.rf.90916990d8378ee112827033eef81f89.jpg,identity,0.21760202944278717,0.23353793782815954,0.9727300157974861,yes
gingivitis-616-_jpg.rf.40effd36b9fb8f6b669d311e8fd245f7.jpg,calculus-1163-_jpg.rf.ac99892bc2cdcb0294a24ab0f1df3cba.jpg,identity,0.2178916484117508,0.2291619525308098,0.9737423997561349,yes
gingi-628-copy_jpg.rf.aa3b6791c7a5ffaa979f3bef9c972cf5.jpg,gingi-628-copy_jpg.rf.ca3499b3b9bd56cd3ed7ca680a2a08ad.jpg,identity,0.21820491552352905,0.3804998818111545,0.927609919970849,no
hypodontia-431-_JPG.rf.7c5bc684b3373196af0b21ec256be5e5.jpg,hypodontia-292-_JPG.rf.90941199ca8034f3f395f054c9d602e3.jpg,identity,0.21831059455871582,0.23694132490460526,0.9719294042762262,yes
gingi-237-copy_jpg.rf.624eed79d9978dbd7562784cfcf16c1c.jpg,gingilagi-286-_jpg.rf.61a3aa7f81407f646887daca25cf51a8.jpg,identity,0.2189137041568756,0.3458598986602701,0.9401904652493535,no
gingivitis-286-_jpg.rf.ee9f51bfdbf70290639e6332d48fc05d.jpg,gingivitis-2120-_jpg.rf.0677a69d2929264ee675530a9136f545.jpg,identity,0.21897603571414948,0.2365494870874829,0.9720221700793255,yes
gingi-186-copy_jpg.rf.01696eefe6acea5226d6b5eeb87a55a2.jpg,gingi-186-copy_jpg.rf.658823ae33b482a7469ac83d8fa828e2.jpg,identity,0.22023135423660278,0.42325118600888306,0.9104292167710366,no
gingivitis-427-_jpg.rf.9cb34e6b7e84d54baa88f044f1f476b3.jpg,gingivitis-2258-_jpg.rf.1c58a044d815ac4ef4546e45b761990c.jpg,identity,0.22128139436244965,0.24793509513618997,0.9692640942999053,yes
calcu-615-copy_jpg.rf.72aef04d9d34543cc2db622efe9e9aae.jpg,calcu-472-copy_jpg.rf.fd2bb70fabf2f8ec6178900911c26f37.jpg,rot180,0.22206546366214752,0.34920570536517137,0.9390276876702038,no
gingi-593-copy_jpg.rf.b647bd52fbb9de0757d87f1098d1ea60.jpg,gingi-429-copy_jpg.rf.b447761ef86a861ca60b3423a61779a7.jpg,hflip,0.2222580909729004,0.4034977287666949,0.9185947914400604,no
gingi-653-copy_jpg.rf.7063bbdd44608bd2ec10ce3906567f67.jpg,gingi-477-copy_jpg.rf.d67641a9c8c0da394a364b3154f9f739.jpg,hflip,0.22450532019138336,0.42315075691131887,0.9104717184626896,no
calcu-635-copy_jpg.rf.1bc2c3456e4b0a59eec25f9b7f561b9c.jpg,calcu-350-copy_jpg.rf.bca011348dfed6267a642913f2c69e78.jpg,vflip,0.22480884194374084,0.3940536391607311,0.9223608647320911,no
calcu-551-copy_jpg.rf.204fcda672761384497b3b70d511326a.jpg,calcu-267-copy_jpg.rf.7cca7e850cc9adf6194644bc338500ce.jpg,vflip,0.22520329058170319,0.36939311521314877,0.9317743632165647,no
calculus-167-_jpg.rf.0e266f65b72f5618009f013038a840d0.jpg,calculus-23-_jpg.rf.d9cd8d22d391f7c7bfc11e51c5bf8bea.jpg,identity,0.22735798358917236,0.23747074933152995,0.9718038216059623,yes
calcu-265-copy_jpg.rf.fef01ed0cc6ecc0f94a40685ee852445.jpg,calcu-549-copy_jpg.rf.9522ce80b77c613cc3651c7a4335283f.jpg,vflip,0.22867989540100098,0.3331496352602399,0.9445056602629845,no
gingivitis-829-_jpg.rf.81f93c18d9e745021206204cfb934007.jpg,gingivitis-569-_jpg.rf.be0902a69bb172f9284bd5ee65f15e87.jpg,identity,0.23021464049816132,0.2866782750241124,0.9589077833145982,yes
hypodontia-194-_JPG.rf.e22caedb16b853daf79e5c4aa544a3b6.jpg,hypodontia-611-_JPG.rf.8086f6dc0538f815a1b6a5cfb86d4291.jpg,hflip,0.23251725733280182,0.24566369939392857,0.96982467340004,yes
calcu-547-copy_jpg.rf.7421e52b543a552416561e56efba1734.jpg,calcu-354-copy_jpg.rf.6910d70665c4801ee712f987e4df8434.jpg,vflip,0.23525656759738922,0.34573801927066,0.9402326110154015,no
gingivitis-939-_jpg.rf.ae6066c5919767b8db6adfdb44bf8ecf.jpg,gingivitis-679-_jpg.rf.0b0936dc453d77c981060ec24ff61e9c.jpg,identity,0.23608587682247162,0.2736572863751959,0.9625558448068805,yes
hypodontia-180-_JPG.rf.dffc20d8d99ef01d44693a4eb453dc7b.jpg,hypodontia-41-_JPG.rf.6f3a5161764680fbf791e504a1ccc51c.jpg,identity,0.23617170751094818,0.2339320578580414,0.9726378961531505,yes
calculus-561-_jpg.rf.96332917b68ef591ca2a34dddf41262b.jpg,calculus-849-_jpg.rf.4065164a29d5336651229e182275dbad.jpg,vflip,0.23766283690929413,0.28949139216650865,0.9580973669307475,yes
hypodontia-536-_jpg.rf.17db1afc0d16f905d9889d69513d9cbe.jpg,hypodontia-397-_jpg.rf.57205615f1e024709fff12eb410b9460.jpg,identity,0.23844504356384277,0.27639620433609374,0.9618025691142988,yes
gingi-433-copy_jpg.rf.6eadbfc31f329925be6d53b6df35bb58.jpg,gingi-433-copy_jpg.rf.9c7d3756489169345dd3d6ed7116c3f1.jpg,identity,0.24154825508594513,0.4652217075183953,0.8917843814268358,no
hypodontia-146-_JPG.rf.a23610eaafbdc1fede853457fe0da646.jpg,hypodontia-7-_JPG.rf.e93862d877f4feea90a76ca910cf4732.jpg,identity,0.24277523159980774,0.26092114042230313,0.9659600792403629,yes
gingi-632-copy_jpg.rf.7b4fc2f1ec53d1f4fc7512da6de646cf.jpg,gingi-632-copy_jpg.rf.e2916512c05ca592e87a6bbcb107ecd2.jpg,identity,0.244331955909729,0.4077117237552796,0.9168855751562484,no
gingi-639-copy_jpg.rf.d793820e29a39ebe4fddb0ee6eb755cc.jpg,gingi-373-copy_jpg.rf.2aef11cc8b6ed9957c94aecf88f9148c.jpg,hflip,0.2455049753189087,0.4231330292393501,0.9104792197833648,no
gingi-678-copy_jpg.rf.adb77ea8336276ae1085933135e99441.jpg,gingi-504-copy_jpg.rf.b802997becf95f92d7c8c4d573d5b818.jpg,hflip,0.24653875827789307,0.4125769664363515,0.9148901233830893,no
gingi-586-copy_jpg.rf.62164b55b141fbb6e2d8adc9a9c4c93f.jpg,gingi-420-copy_jpg.rf.139676b61aa691b6b24b7b609016a92c.jpg,hflip,0.24838809669017792,0.4034585438874684,0.9186106016821017,no
gingivitis-929-_jpg.rf.ac46b4d598f6189957918d34d4e83cd8.jpg,gingivitis-669-_jpg.rf.63d137878177f53b07d71d64469d959b.jpg,identity,0.24860349297523499,0.3007376149534061,0.9547784434760688,yes
calculus-157-_jpg.rf.a66986c1daf08d0e6f7a489706190bf0.jpg,gingivitis-2272-_jpg.rf.edc8d8ee7caba5dea32a408a531bf690.jpg,identity,0.24996209144592285,0.2609522369460823,0.9659519650164164,yes
gingi-215-copy_jpg.rf.78914297fc853c72581d82054d0c3359.jpg,gingi-161-copy_jpg.rf.28742aba667acea6291da2e883b4bc5a.jpg,identity,0.2520442008972168,0.2765809403457288,0.9617514917187364,yes
calcu-274-copy_jpg.rf.cc4254daed09dd9df513688d13e374d8.jpg,calcu-558-copy_jpg.rf.6b01169d185ef7a3aa77a8f9a8e1aa13.jpg,vflip,0.252962201833725,0.46210501608195254,0.8932294770559476,no
gingivitis-1862-_jpg.rf.2d22877e02903ee80771b491fab97ff7.jpg,gingivitis-1857-_jpg.rf.b33f0bf85dea3929d4c8b75dc8d38bf3.jpg,identity,0.2531965374946594,0.34194234583385985,0.9415377160628142,no
calcu-130-copy_jpg.rf.446f789eee1f5335479e72efc29de181.jpg,calcu-242-copy_jpg.rf.3cbf8d4beb8f8d9d7aabfae83b77dba3.jpg,hflip,0.2545207738876343,0.5219762530328039,0.8637703956349164,no
hypodontia-248-_jpg.rf.26b958a811e0ac98e5284fa3a8f0b105.jpg,hypodontia-804-_jpg.rf.8621683b230e9d3105f89860f267b02b.jpg,vflip,0.25474363565444946,0.2627541846185347,0.9654801192327236,yes
gingivitis-834-_jpg.rf.3e24e6c7e27c4cdd8aa2975602135b4e.jpg,gingivitis-574-_jpg.rf.a25c02ea9a98bf0e05b09d2d51bdbc84.jpg,identity,0.2548077404499054,0.28745794552116466,0.9586839647783763,yes
gingivitis-1034-_jpg.rf.4c87a214f4449b85f89c985c2e23637a.jpg,gingivitis-653-_jpg.rf.c82835fe3128effad3b87f6a3016bd68.jpg,identity,0.25505346059799194,0.3068755801961025,0.9529136891396539,yes
gingivitis-470-_jpg.rf.7451952a55dd427410000ef90134da53.jpg,gingivitis-1266-_jpg.rf.c02dad4045430e96f1c3e8451c9e60ea.jpg,hflip,0.2551555633544922,0.26459992349743644,0.964993440242576,yes
gingivitis-960-_jpg.rf.b94a91dfde08d340f98814a9887815c7.jpg,gingivitis-700-_jpg.rf.854b6b6dc7c92259b4c494000f3273df.jpg,identity,0.256143182516098,0.2996847017382348,0.955094539772033,yes
gingi-242-copy_jpg.rf.33569edd8d5762f91df6804e6f9cae01.jpg,gingilagi-273-_jpg.rf.067d1b7e827ab18c5a4a4f9a7cc88492.jpg,identity,0.25653359293937683,0.40361308112346383,0.9185482403730116,no
gingivitis-1890-_jpg.rf.138ffe19e5e45ac78ed126009fbe0847.jpg,gingivitis-1895-_jpg.rf.0e0f772b356e4f866ec7311ee3588c55.jpg,rot180,0.2567644417285919,0.34195888347977554,0.9415320610046255,no
hypodontia-545-_jpg.rf.b90ff679bb5d664ea26b86340f222142.jpg,hypodontia-128-_jpg.rf.6fc7d34e5697dc800e5c1c5d8c119b7d.jpg,identity,0.2571036219596863,0.29030723652328594,0.9578608542111068,yes
gingivitis-1012-_jpg.rf.86eaa9687ad8ac3ffcba0208643c9f96.jpg,gingivitis-2169-_jpg.rf.38bbfc3aabe2d422154154761a56f2c3.jpg,identity,0.25811588764190674,0.31281994681649156,0.9510718404368621,yes
gingivitis-827-_jpg.rf.17adc6efdb80894595866b3601d99fc2.jpg,gingivitis-567-_jpg.rf.c95c2d2fc2cfe8e29c8b4357fa456693.jpg,identity,0.2587425410747528,0.32631312051055056,0.9467598736913339,no
gingi-275-copy_jpg.rf.63770fca9cd6a95d82d32da816f839f7.jpg,gingilagi-306-_jpg.rf.20001ad18e787ab8e60310499614c60b.jpg,identity,0.26026079058647156,0.48816842806654454,0.8808457929195173,no
calculus-173-_jpg.rf.e341138d080a53a4bd555c7363d269bc.jpg,calculus-29-_jpg.rf.8a869899f003459d587a94fd5b97a1c6.jpg,identity,0.26370036602020264,0.2659575667900639,0.9646332863335505,yes
calcu-268-copy_jpg.rf.0dbeb4e9e220c592187ee5513a2e6244.jpg,calcu-552-copy_jpg.rf.7cdc8450720d4cac9907db4401de40ff.jpg,vflip,0.266647607088089,0.5020278848687001,0.8739840014071316,no
calcu-192-copy_jpg.rf.717050f5c89ae21021ec0b3066d946cf.jpg,gingi-305-copy_jpg.rf.4fc63f9e84437c7b6545fd5c25e401c4.jpg,identity,0.2711746394634247,0.4593164613037135,0.8945141941877199,no
gingi-282-copy_jpg.rf.cd5ddde33a386dca6fe63cf8025dec27.jpg,gingi-186-copy_jpg.rf.658823ae33b482a7469ac83d8fa828e2.jpg,vflip,0.2723819613456726,0.482484606194779,0.883604302392535,no
calcu-623-copy_jpg.rf.8536f19fe0eb7a236b41adde6b3af87b.jpg,calcu-235-copy_jpg.rf.feb9192e5e25aacefcefbf44bbe09ef7.jpg,vflip,0.27297499775886536,0.5228238068248149,0.8633276335086035,no
hypodontia-492-_JPG.rf.d0584689fef099c298aa7511272bd5cf.jpg,hypodontia-631-_JPG.rf.213126561538d68278da195296e7d96b.jpg,hflip,0.27350419759750366,0.31478065234521335,0.9504565704545593,yes
calcu-543-copy_jpg.rf.fae82c474ead57d3f054234e2339b396.jpg,calcu-259-copy_jpg.rf.819c08a6d0259d7feec6e42b39dfe4fb.jpg,vflip,0.2735965847969055,0.438086867403621,0.9040399483042401,no
calcu-590-copy_jpg.rf.a36ba9a7d43ddb4d37974ae06609f925.jpg,calcu-349-copy_jpg.rf.93f24859e17a8b6fb6714f4cc5d0d690.jpg,vflip,0.275431752204895,0.4285949750686748,0.9081531736729404,no
gingi-459-copy_jpg.rf.1b90e1b845a9bcac02fc9535bbcfd424.jpg,gingi-637-copy_jpg.rf.c651b916d7de14245ef76e16dab4002b.jpg,hflip,0.277552992105484,0.5529144244674166,0.8471428196079344,no
hypodontia-510-_JPG.rf.25b86fef3b25e587d8f30769c963c34d.jpg,hypodontia-371-_JPG.rf.a8799943e039d8ad28c47b47141a56ad.jpg,identity,0.28109121322631836,0.30446897453724636,0.9536493217721167,yes
gingi-221-copy_jpg.rf.6cc0d793d8be1f27452dd8dc4525478f.jpg,gingi-397-copy_jpg.rf.8278214fe7b52be1b579e088413ffd9e.jpg,hflip,0.28217142820358276,0.4419939842328561,0.9023206589509843,no
gingivitis-2011-_jpg.rf.c1cf458d3fface95482f2c0bfc1cd749.jpg,calculus-1024-_jpg.rf.220043200a190517dcbc849d1ed40775.jpg,identity,0.2872467637062073,0.3746622039547457,0.9298141164638957,no
calcu-289-copy_jpg.rf.d2bcedfc51dd8ae5897e4d4d887bbc9e.jpg,calcu-574-copy_jpg.rf.fb89c7f40d4bb83eaf9edc9208875628.jpg,vflip,0.2895194888114929,0.4342517934358791,0.9057126899488616,no
calcu-424-copy_jpg.rf.26dd40e9f336dc79023a8068627773d5.jpg,calculus-182-_jpg.rf.5631039477677a6f8d8c11f12e173397.jpg,hflip,0.2897069752216339,0.44295097428487673,0.9018972171900376,no
calcu-594-copy_jpg.rf.49db3e55673df4396d3ba90917d53ecd.jpg,gingi-477-copy_jpg.rf.d67641a9c8c0da394a364b3154f9f739.jpg,vflip,0.2910962998867035,0.426985248802479,0.9088417986525418,no
calculus-625-_jpg.rf.aa430abdeec3297633fefb6dafa73437.jpg,calculus-481-_jpg.rf.2492c35b08e345ac27a4a31a35e4f2cd.jpg,hflip,0.29200851917266846,0.345433042721297,0.9403380064981556,no
calculus-769-_jpg.rf.91d0934cc3fb0ca30bcb125ede9e7a4a.jpg,calculus-481-_jpg.rf.2492c35b08e345ac27a4a31a35e4f2cd.jpg,vflip,0.29231882095336914,0.345479600217194,0.9403219229168827,no
calculus-49-_jpg.rf.34dd82b2fbbf00eabc795172d91f2397.jpg,calculus-481-_jpg.rf.2492c35b08e345ac27a4a31a35e4f2cd.jpg,identity,0.2924800515174866,0.3455465789886021,0.9402987808746387,no
calculus-1041-_jpg.rf.4ecccf687220ab1a467b6ac4e1650353.jpg,calculus-1118-_jpg.rf.c3d203ed234bb665c12fe1e5d05dcce9.jpg,identity,0.2931149899959564,0.358365697843201,0.9357870133046776,no
hypodontia-498-_jpg.rf.93486a1cd125e99e968d196d8963646d.jpg,hypodontia-637-_jpg.rf.d245384fd1acb8a74d050dbbbd2500ff.jpg,hflip,0.2935411036014557,0.32823514515579544,0.9461308447422789,no
gingi-288-copy_jpg.rf.c0e972c9a9e8372fd2c8e592eb836f5b.jpg,gingi-361-copy_jpg.rf.8839e4cd13e198c6cc2e6a94760c863c.jpg,vflip,0.29423999786376953,0.5661121003429523,0.8397585449226457,no
ulcer-2226-_jpeg.rf.a7c1b93461ca6337b56ec54421510a9e.jpg,ulcer-1843-_jpeg.rf.4e43c1da460ca10e72d0a860d26146ec.jpg,hflip,0.2970656752586365,0.35967020948462236,0.9353186702046419,no
calculus-523-_jpg.rf.abf8652d77bead3dd7747de8e1507010.jpg,calculus-379-_jpg.rf.0e511c88561b8ee246bb3cda4dc796c0.jpg,identity,0.29734042286872864,0.31795803805965833,0.9494513430166295,no
hypodontia-163-_JPG.rf.fa44e60aef51ce9a32e527734b794348.jpg,hypodontia-1136-_JPG.rf.4171a7f7341a9c1a15f9653a3c1aa1f6.jpg,identity,0.2981969714164734,0.3349212423749351,0.9439138807030157,no
calcu-530-copy_jpg.rf.1894338238758667698a837623b07eb0.jpg,calcu-219-copy_jpg.rf.a2d95db639b13d7a43fa00b05901fb60.jpg,vflip,0.3021601140499115,0.5219413476242392,0.863788614820095,no
hypodontia-240-_JPG.rf.a237547d6f7244916fe621779c381eb5.jpg,hypodontia-1213-_JPG.rf.5253bb0328a0a1893d3563dc88c370d5.jpg,identity,0.30309250950813293,0.3249859255622307,0.9471920740932259,no
gingi-519-copy_jpg.rf.e39bcbf4e73fd8da4f10ecf49a6e7a5c.jpg,calcu-606-copy_jpg.rf.caf6d3913fa10e1ccfdd89ac7b2953b7.jpg,vflip,0.3040308654308319,0.47970026761123324,0.8849438266268541,no
calculus-462-_jpg.rf.c8ad73f4c5029ccb4cdbecd3b17a824c.jpg,calculus-1182-_jpg.rf.fe4a67034fac5c3dd63316aeee2b3636.jpg,identity,0.3044671416282654,0.3263709248942391,0.9467410096918389,no
hypodontia-552-_jpg.rf.39a1c5d619421ea2ed370d7f2a14f40d.jpg,hypodontia-691-_jpg.rf.0941f63aafa8f7415b10a0541174389e.jpg,hflip,0.30659592151641846,0.3403925214649315,0.9420664656653753,no
gingi-416-copy_jpg.rf.34f19533df2d2708b268cc4c25941942.jpg,gingi-582-copy_jpg.rf.acd59f8a94320cf2e30c974dff181fd4.jpg,hflip,0.3100503385066986,0.5071608259888648,0.8713939482911478,no
gingi-356-copy_jpg.rf.389c7afb92d8f4da1ab6f4f510d83b2c.jpg,gingi-582-copy_jpg.rf.acd59f8a94320cf2e30c974dff181fd4.jpg,hflip,0.31120240688323975,0.5248564065215908,0.8622628762666211,no
gingivitis-959-_jpg.rf.2805ecf6b1188173704422f50c87cd1d.jpg,gingivitis-2270-_jpg.rf.9e7c01ba0332f6fdab28159fe1896b1a.jpg,identity,0.31353721022605896,0.3544898216082685,0.9371684831880672,no
hypodontia-488-_JPG.rf.3474f974b0c0749f7bfca5f48bc37c32.jpg,hypodontia-349-_JPG.rf.9afe8b7693b8bdb210986c0ffc2ecfd7.jpg,identity,0.3169987201690674,0.34460706215466635,0.9406229863565635,no
gingi-691-copy_jpg.rf.a8fc7587acb5850d4dade1e921e84674.jpg,calcu-606-copy_jpg.rf.caf6d3913fa10e1ccfdd89ac7b2953b7.jpg,rot180,0.3193344473838806,0.5026701632075165,0.8736613535104629,no
gingivitis-1911-_jpg.rf.9b8fb8df3ee161327cb12855e1a64067.jpg,gingivitis-1944-_jpg.rf.a816af84198136b005f71d054a8c042b.jpg,identity,0.32231056690216064,0.39435526006081983,0.9222419644311852,no
hypodontia-203-_JPG.rf.42360e659b2c0d8ff7a258ea19e780b0.jpg,hypodontia-620-_JPG.rf.337cba97302a62b455c847d1b2c0d2d9.jpg,hflip,0.3289232850074768,0.3238893286708808,0.9475478513865753,no
ulcer-755-_jpeg.rf.6bf1c6d9504f8230067b0085acd17af4.jpg,ulcer-1490-_jpeg.rf.502cff33cc92601506ec37c1453454d4.jpg,identity,0.3335062861442566,0.37927707056345356,0.9280744518724042,no
gingivitis-1967-_jpg.rf.0bff3dee905c06db3e91ec4689fc600b.jpg,gingivitis-1971-_jpg.rf.214be4035f0775e6e07f3ae760e3660b.jpg,identity,0.3344334363937378,0.4178036159343592,0.9127200692560926,no
gingivitis-1876-_jpg.rf.108384607528b807639b4066e13ab8d6.jpg,calculus-1106-_jpg.rf.094499026973caddf39a7c909b6f8083.jpg,identity,0.33888986706733704,0.4435366842622419,0.9016376048568268,no
gingi-414-copy_jpg.rf.d7428f2de76383596f8f44fac606f6c3.jpg,gingivitis-1360-_jpg.rf.e00847c73a3ac5962ff962c9009ff425.jpg,vflip,0.34270647168159485,0.49384428961327287,0.8780589088081808,no
gingi-329-copy_jpg.rf.1e76290a5fc1fcfda7f83eedb104b7cc.jpg,gingi-329-copy_jpg.rf.88c06355637ed1ccd92068b6be45bf19.jpg,identity,0.3455575704574585,0.5262979886611792,0.8615052135655968,no
hypodontia-257-_jpg.rf.46108701a63efa6800b97da7429abd7c.jpg,hypodontia-1230-_jpg.rf.db396b148839319c3971f2b8550b7db5.jpg,identity,0.3468247652053833,0.3621152511510084,0.9344362724419157,no
hypodontia-169-_JPG.rf.cd2c5aa73440f317c3ddf1686cefec58.jpg,hypodontia-1142-_JPG.rf.082e8b1170230a64db78bcc1168f724d.jpg,identity,0.34769755601882935,0.37536222057894936,0.9295516016810226,no
ulcer-796-_jpeg.rf.49ecc78f745bf9017417498fa79f034e.jpg,ulcer-334-_jpeg.rf.91bdb1de87b2c0d7b2a0fe02a6450a60.jpg,identity,0.3546498715877533,0.41373488634982414,0.9144117219085486,no
gingivitis-1849-_jpg.rf.49b3e363b56f87ff65a5246be5c7b95c.jpg,calcu-211-copy_jpg.rf.9502dadb96b5425c0a22be7428e6c323.jpg,identity,0.3560822606086731,0.4636914892223555,0.8924951014113778,no
calculus-1108-_jpg.rf.22672b11fc9a18110f07bb5a2fcd2b21.jpg,gingivitis-1971-_jpg.rf.214be4035f0775e6e07f3ae760e3660b.jpg,identity,0.35752958059310913,0.44476343387688794,0.9010927439430181,no
hypodontia-428-_JPG.rf.632b5e5d7594f97934b4af7ff1d02e20.jpg,hypodontia-1123-_JPG.rf.f5dae53ad44e2cd8f25e35d8f0c7e3e1.jpg,identity,0.35842788219451904,0.3855571065667457,0.9256728587879399,no
calculus-475-_jpg.rf.cc944494037a220e2cc9f5ed6d307ce1.jpg,calculus-1195-_jpg.rf.c11b4072ffac6d602f818ac1b8fcc11b.jpg,identity,0.3598129153251648,0.38933425654241843,0.9242094183412828,no
hypodontia-1015-_JPG.rf.9b8e6130a8999899656e87962432ade7.jpg,calculus-1028-_jpg.rf.a0081a5e6701a1cf007f203bd430351a.jpg,identity,0.36308497190475464,0.4272186008062867,0.9087421335625502,no
calcu-550-copy_jpg.rf.091963bdb6a5caa9e2640a2717f2b436.jpg,calcu-266-copy_jpg.rf.25d5a7609b7b22d1eae4cdf75cd95026.jpg,vflip,0.36409661173820496,0.5494365693359695,0.8490597281381613,no
gingivitis-1920-_jpg.rf.3757a3486640a308118eba9bc8ced8bb.jpg,gingivitis-1997-_jpg.rf.996826b6ed7601af0a0637c7e99153ef.jpg,rot180,0.36413899064064026,0.4392791388262503,0.9035169190960411,no
calculus-1130-_jpg.rf.6b1bb2538ee91ffe0f91447c16c075b9.jpg,calculus-1106-_jpg.rf.094499026973caddf39a7c909b6f8083.jpg,rot180,0.3704298138618469,0.473705640103027,0.8878014832672904,no
gingivitis-911-_jpg.rf.92452201c402e89dfc1596e995ea249b.jpg,gingivitis-1447-_jpg.rf.fada1e82a0be23d263af7935e5d82e4d.jpg,vflip,0.3723601698875427,0.4125492450875736,0.9149015601888374,no
tooth_discolation-548-_jpeg.rf.013de6429d9bb2e596329ab827885de1.jpg,tooth_discolation-346-_jpeg.rf.298cf92222e33f8dd2eeb589aba2b200.jpg,hflip,0.3726896047592163,0.4620916714072775,0.8932356436080147,no
hypodontia-1030-_JPG.rf.c417fddbeb18007b92e672645cc9c7a6.jpg,hypodontia-1022-_JPG.rf.249099b3f2f421ac9e3900a45e94aca2.jpg,identity,0.37960970401763916,0.4939530277708098,0.8780052031780241,no
gingivitis-1848-_jpg.rf.b7c45fd218e9c25bbf3122d283d3549c.jpg,gingivitis-1997-_jpg.rf.996826b6ed7601af0a0637c7e99153ef.jpg,identity,0.38668930530548096,0.4591110575358541,0.8946085184241664,no
calculus-193-_jpg.rf.ecff5ecf38f99bcd686a3d5559c72efa.jpg,calculus-481-_jpg.rf.2492c35b08e345ac27a4a31a35e4f2cd.jpg,identity,0.3867529630661011,0.42408359239885335,0.9100765533290425,no
calcu-126-copy_jpg.rf.269e36f0e58882c9b8696c7ccee1e184.jpg,calcu-318-copy_jpg.rf.3cb114569c21c8735775b2c29a89c200.jpg,hflip,0.3872915208339691,0.6676378401489493,0.7771298572006221,no
hypodontia-433-_JPG.rf.3a06f78ed4ccb65a9caefc7985ef0cd0.jpg,hypodontia-1128-_JPG.rf.0ff7f3d7359148f317c2bca466bcb806.jpg,identity,0.39109864830970764,0.4475661287286387,0.8998422802074316,no
caries-1045-_jpeg.rf.b33e04cba2b5435c1005bc6ee6b30d68.jpg,caries-277-_jpeg.rf.6f62ba26bb03e60611d5c439ecb1c8f4.jpg,identity,0.392020046710968,0.4323511114682492,0.9065362582060857,no
gingivitis-2043-_jpg.rf.5d4101e8221409f6059c2db803eddf90.jpg,calculus-1056-_jpg.rf.c3e5341caec8d5f06103f083aabc0ea7.jpg,identity,0.4008049964904785,0.5028535614466403,0.8735691478702092,no
hypodontia-525-_jpg.rf.782d704841311bab00ca1cc12a83002e.jpg,hypodontia-247-_jpg.rf.cd9fb691734ed34accb44385d39c0b11.jpg,identity,0.40101686120033264,0.4393736399210551,0.9034754022712628,no
ok-8-copy_jpg.rf.4c716a41ab2b7d527c27cd5c9318194a.jpg,calcu-496-copy_jpg.rf.e2a50d34bbb704469dd57ad55c0af5c0.jpg,vflip,0.4044746458530426,0.5652877959090985,0.8402248538981163,no
gingivitis-2051-_jpg.rf.33912e34de55635eecb61d7bf7d5a53e.jpg,gingivitis-1893-_jpg.rf.b17d510d56754e0b465ba4954d88c8cb.jpg,rot180,0.406650185585022,0.5178033044695785,0.8659398689401984,no
calcu-427-copy_jpg.rf.4b5500217f524e1fd90df81e1baa2855.jpg,calcu-285-copy_jpg.rf.d577894b4e8d3e4f6d734d1ca52a659e.jpg,hflip,0.4080614745616913,0.7286030615333249,0.734568789362133,no
ulcer-845-_jpeg.rf.f4268874a3341b520c9ebfbacc263657.jpg,ulcer-1938-_jpeg.rf.7b6adc969402df484e76ae90e5daa7b8.jpg,identity,0.4085758924484253,0.5024696175053973,0.8737621417419879,no
gingivitis-2075-_jpg.rf.5c21038bc18165f5e40056fedb32fd88.jpg,gingivitis-2082-_jpg.rf.ae220bd3adb7f3f09f02c197da738da9.jpg,rot180,0.41211023926734924,0.44456194833751983,0.9011823370451763,no
hypodontia-1073-_JPG.rf.0065a48ee1dae9182547f31a8c4f54b8.jpg,hypodontia-1059-_JPG.rf.3dc6947fac0530a2d105e7908b65b168.jpg,identity,0.4125690460205078,0.4935522886584352,0.8782030691800146,no
hypodontia-1103-_jpg.rf.5eb9a9d7a8bbd473151f96ebb091ab68.jpg,gingivitis-1991-_jpg.rf.471089b046bc16aa4e030348b779896b.jpg,rot180,0.414790540933609,0.47970285323590023,0.8849425862986592,no
ok-13-copy_jpg.rf.557e0d2464e71a3db640d1162c2aa0a1.jpg,calcu-409-copy_jpg.rf.72edbd86cc7c2bfe7f2381efd57f514b.jpg,vflip,0.41716980934143066,0.6531488383297446,0.7866982974942521,no
caries-2034-_jpeg.rf.8cbe76ea123f76c10bb228a7d7ba490f.jpg,tooth_discolation-1264-_jpeg.rf.19727522f754572cd1bb98f506392965.jpg,identity,0.4176991283893585,0.47841007709105465,0.8855618990688628,no
calcu-410-copy_jpg.rf.2b5e9f46d1052a977509fa45579136cb.jpg,calcu-553-copy_jpg.rf.203460b433089845350477484b2fecc9.jpg,rot180,0.41857650876045227,0.6695297929640863,0.7758649281667361,no
tooth_discolation-1258-_jpeg.rf.c100f8da897dba33c96074a4add1bd28.jpg,tooth_discolation-1502-_jpeg.rf.03296ba553aefadfb0d9940dee7603fc.jpg,hflip,0.42246079444885254,0.4883097612628288,0.8807767885277186,no
hypodontia-868-_JPG.rf.adde9f860fbc1eb8192f096ea2dbd592.jpg,hypodontia-863-_JPG.rf.172996e784e0aa0acdfa75dfb075dc72.jpg,identity,0.4232916831970215,0.5260438574712889,0.8616389300083646,no
calculus-477-_jpg.rf.7567dca72a597a92b28bed041991866c.jpg,calculus-765-_jpg.rf.71dc4d07a004c0e6b506a12d17b925dd.jpg,vflip,0.4290957450866699,0.43570268904169734,0.9050815833809148,no
gingi-334-copy_jpg.rf.493de881faf7bcf75b67169681e2bb53.jpg,gingivitis-1640-_jpg.rf.74df77ec1b5d875bd25b683754798784.jpg,identity,0.42954444885253906,0.5574338524511622,0.8446337500707276,no
hypodontia-1083-_jpg.rf.95bb5136cdd893415a4d5fcfebf36ebb.jpg,gingivitis-1893-_jpg.rf.b17d510d56754e0b465ba4954d88c8cb.jpg,identity,0.4302386939525604,0.49881790142967547,0.8755903506066534,no
calcu-597-copy_jpg.rf.9ebd6025983736b08573ff850c2c86c3.jpg,calcu-454-copy_jpg.rf.8c53bb6aacb80b693efc12a3da01b219.jpg,rot180,0.4325963854789734,0.6860941950950263,0.7646373777284545,no
caries-134-_jpeg.rf.9b9861adfc9280dd225d3677265b08b7.jpg,caries-807-_jpeg.rf.80430e644bf5c18423a6ac11f2cf91d3.jpg,identity,0.43347758054733276,0.5092920127958636,0.8703108228511705,no
tooth_discolation-127-_jpeg.rf.127f11481966bbb1e6788094b7ee2380.jpg,tooth_discolation-1075-_jpeg.rf.96d0d877e49f325c73d78bc11c61ac48.jpg,identity,0.4347185492515564,0.5315079272922951,0.8587496616127221,no
calcu-436-copy_jpg.rf.5608abe182817e0ed8096a6ed5f6c26b.jpg,calcu-579-copy_jpg.rf.149a513a6b5e9230ca3fbd68918a784f.jpg,rot180,0.43622156977653503,0.6356152868814549,0.7979966035413028,no
ulcer-854-_jpeg.rf.87577f96c2a990eedfd341700b27ac90.jpg,ulcer-1501-_jpeg.rf.6c34b4610197c89a15953f257ad20706.jpg,identity,0.43701621890068054,0.5240143368468562,0.8627044873894744,no
hypodontia-489-_JPG.rf.1ead08d83169f997d2a36a0985143947.jpg,hypodontia-1184-_JPG.rf.362997b42ae987f2f0236f3921c67be4.jpg,identity,0.43765896558761597,0.4853815124028697,0.8822023937087512,no
gingivitis-1603-_jpg.rf.411e4eeec1147236049579b9ac7a0329.jpg,gingi-314-copy_jpg.rf.c2252c3ce017f7779580f6b14d315d5c.jpg,identity,0.4408090114593506,0.5524945617510472,0.8473748796177573,no
gingivitis-1887-_jpg.rf.e4e1af2ee2cffe9354f2e9e49f1e8a9c.jpg,gingivitis-1991-_jpg.rf.471089b046bc16aa4e030348b779896b.jpg,identity,0.4425877034664154,0.517265876424809,0.8662180065432344,no
tooth_discolation-1506-_jpeg.rf.a3c2e9715e10a9f999701d8563cd33ad.jpg,tooth_discolation-1649-_jpeg.rf.58c40de6830ce4ad74b98e2c841e6ab9.jpg,identity,0.44307562708854675,0.5102830056826658,0.8698056270557315,no
tooth_discolation-1127-_jpeg.rf.c8ceb093f5cb38d262110060f177425e.jpg,tooth_discolation-1010-_jpeg.rf.566ed58a47d5f6e555bf4a96b090dd95.jpg,hflip,0.44708529114723206,0.5524131296359371,0.8474198671029146,no
