test_image,train_image,thumb_transform,full_transform,full_rms_best,full_rms_identity,test_w,test_h,train_w,train_h,same_dims,test_ar,train_ar,cluster,n_test_boxes,n_twin_boxes,same_ar_1pct,tp_agnostic,tp_aware,identical_label_set,oracle_best_f1_aware,oracle_best_transform,f1_aware_at_full_tf,published_transform,published_train_image,published_tf_same,published_train_same,pub_tp_agnostic,pub_tp_aware,pub_n_twin_boxes,pub_identical_label_set,i_predD_vs_predTwin__tp,i_predD_vs_predTwin__np,i_predD_vs_predTwin__nt,ii_labelD_vs_labelTwin__tp,ii_labelD_vs_labelTwin__np,ii_labelD_vs_labelTwin__nt,iii_predD_vs_labelD__tp,iii_predD_vs_labelD__np,iii_predD_vs_labelD__nt,iv_predD_vs_labelTwin__tp,iv_predD_vs_labelTwin__np,iv_predD_vs_labelTwin__nt,v_predTwin_vs_labelTwin__tp,v_predTwin_vs_labelTwin__np,v_predTwin_vs_labelTwin__nt
calculus-101-_jpg.rf.feb0ba2b80bef770be404833be6bce83.jpg,calculus-821-_jpg.rf.94c303faa41fda99e5266dada489e8ed.jpg,vflip,vflip,1.06096223737729,47.62101604789207,612,409,612,409,1,1.4963325183374083,1.4963325183374083,4,10,7,1,3,2,0,0.23529411764705882,identity,0.23529411764705882,identity,calculus-1291-_jpg.rf.f37e3b149b6266e62bae751726edc5f6.jpg,0,0,10,10,12,0,7,13,9,2,10,7,10,13,10,4,13,7,4,9,7
calculus-103-_jpg.rf.1873a4bad0ff15290337af9651cd8cac.jpg,calculus-823-_jpg.rf.3e900fda86c26959fd5f48446466116c.jpg,vflip,vflip,1.2126374156989899,69.08054990725162,612,204,612,204,1,3.0,3.0,89,9,4,1,2,2,0,0.30769230769230765,vflip,0.30769230769230765,vflip,calculus-823-_jpg.rf.3e900fda86c26959fd5f48446466116c.jpg,1,1,2,2,4,0,3,9,4,2,9,4,6,9,9,3,9,4,3,4,4
calculus-106-_jpg.rf.642e519b7e7aff2de02f2ae9b6c9a165.jpg,calculus-1214-_jpg.rf.0f86e03c59cf892792815ab573dfd845.jpg,identity,identity,2.993571705775091,2.993571705775091,612,405,612,405,1,1.511111111111111,1.511111111111111,5,11,8,1,8,7,0,0.7368421052631579,identity,0.7368421052631579,identity,calculus-1214-_jpg.rf.0f86e03c59cf892792815ab573dfd845.jpg,1,1,8,7,8,0,9,10,10,7,11,8,6,10,11,8,10,8,7,10,8
calculus-1157-_jpg.rf.167692858040cf7dcac2abc6b8991a71.jpg,gingivitis-1146-_jpg.rf.9f9653c1ba2c8b2e0172fa657d0a0426.jpg,hflip,hflip,7.182739804464089,69.77976775655806,612,192,612,192,1,3.1875,3.1875,6,13,14,1,10,10,0,0.7407407407407408,hflip,0.7407407407407408,hflip,gingivitis-1146-_jpg.rf.9f9653c1ba2c8b2e0172fa657d0a0426.jpg,1,1,10,10,14,0,13,17,13,10,13,14,11,17,13,10,17,14,11,13,14
calculus-1158-_jpg.rf.a7acdbb81b7c7221067ca43af0eacc1c.jpg,calculus-76-_jpg.rf.4714e373dfa58b823587c03a853106d9.jpg,identity,identity,3.085977056708499,3.085977056708499,612,408,612,408,1,1.5,1.5,7,10,10,1,9,9,0,0.9,identity,0.9,identity,calculus-76-_jpg.rf.4714e373dfa58b823587c03a853106d9.jpg,1,1,9,9,10,0,10,10,11,9,10,10,9,10,10,9,10,10,9,11,10
calculus-1160-_jpg.rf.e4bf320a31bb09ba6e1dac644f42ad40.jpg,calculus-584-_jpg.rf.08d5d60cd1e0eed8d706f6b07a86e57c.jpg,hflip,hflip,1.1570085666243737,77.89286871063153,612,459,612,459,1,1.3333333333333333,1.3333333333333333,8,5,3,1,3,0,0,0.0,identity,0.0,identity,calculus-8-_jpg.rf.54d4c5d1105eeead2c34fdd8fb9f4191.jpg,0,0,3,3,4,0,5,5,6,0,5,3,2,5,5,3,5,3,3,6,3
calculus-1177-_jpg.rf.21165275da55e604b595b3133e038842.jpg,calculus-745-_jpg.rf.30e8c8c1016b2837151f639123ec9454.jpg,vflip,vflip,5.043458898527162,125.40573841696907,612,193,612,193,1,3.1709844559585494,3.1709844559585494,102,11,10,1,4,4,0,0.380952380952381,vflip,0.380952380952381,vflip,calculus-745-_jpg.rf.30e8c8c1016b2837151f639123ec9454.jpg,1,1,4,4,10,0,7,10,9,4,11,10,7,10,11,8,10,10,9,9,10
calculus-1178-_jpg.rf.0f826f10eebd123b0406feb78725aad6.jpg,calculus-26-_jpg.rf.aaf881c348f362b2d5a2e7cd7bb8cd44.jpg,identity,identity,1.2651185329224095,1.2651185329224095,612,402,612,402,1,1.5223880597014925,1.5223880597014925,103,5,6,1,5,5,0,0.9090909090909091,identity,0.9090909090909091,identity,calculus-26-_jpg.rf.aaf881c348f362b2d5a2e7cd7bb8cd44.jpg,1,1,5,5,6,0,6,6,6,5,5,6,5,6,5,6,6,6,6,6,6
calculus-1185-_jpg.rf.c4a5cbf162a0f507aa824deec252e448.jpg,calculus-33-_jpg.rf.57424519d5aeedf6db2d5ce8ea9dad26.jpg,identity,identity,2.503065137587876,2.503065137587876,612,297,612,297,1,2.0606060606060606,2.0606060606060606,0,23,12,1,8,8,0,0.4571428571428571,identity,0.4571428571428571,identity,calculus-33-_jpg.rf.57424519d5aeedf6db2d5ce8ea9dad26.jpg,1,1,8,8,12,0,15,20,16,8,23,12,16,20,23,11,20,12,12,16,12
calculus-1197-_jpg.rf.312a68cb98de93c99a2bdf921748b9a8.jpg,calculus-765-_jpg.rf.71dc4d07a004c0e6b506a12d17b925dd.jpg,vflip,vflip,3.1418855329480797,50.763566782924286,612,408,612,408,1,1.5,1.5,104,9,5,1,3,3,0,0.42857142857142855,vflip,0.42857142857142855,vflip,calculus-765-_jpg.rf.71dc4d07a004c0e6b506a12d17b925dd.jpg,1,1,3,3,5,0,3,10,5,3,9,5,6,10,9,3,10,5,5,5,5
calculus-1205-_jpg.rf.567a6d72a191557d12b133bd2f9d369a.jpg,calculus-629-_jpg.rf.3d168fa6f411ae49c3372ec6c6df24ad.jpg,hflip,hflip,8.504368276665602,59.06007326983833,612,151,612,151,1,4.052980132450331,4.052980132450331,9,42,38,1,37,37,0,0.925,hflip,0.925,hflip,calculus-629-_jpg.rf.3d168fa6f411ae49c3372ec6c6df24ad.jpg,1,1,37,37,38,0,40,47,40,37,42,38,41,47,42,38,47,38,37,40,38
calculus-1235-_jpg.rf.110c26290f7ff1e2522a0c05b9b2f2dc.jpg,calculus-659-_jpg.rf.8af8fd3bd97546ad3a55773bd954e072.jpg,hflip,hflip,5.2461795530027135,53.48746835699213,612,420,612,420,1,1.457142857142857,1.457142857142857,10,5,5,1,5,5,1,1.0,hflip,1.0,hflip,calculus-659-_jpg.rf.8af8fd3bd97546ad3a55773bd954e072.jpg,1,1,5,5,5,1,3,12,6,5,5,5,3,12,5,3,12,5,5,6,5
calculus-1264-_jpg.rf.543cc4dc80aaf23c236321f993b00071.jpg,calculus-688-_jpg.rf.d7bc17f7fcc4c7826d0bcde3190a1e88.jpg,hflip,hflip,2.932501252963554,33.050883742158774,612,408,612,408,1,1.5,1.5,105,13,16,1,12,10,0,0.6896551724137931,hflip,0.6896551724137931,hflip,calculus-688-_jpg.rf.d7bc17f7fcc4c7826d0bcde3190a1e88.jpg,1,1,12,10,16,0,22,25,24,10,13,16,9,25,13,14,25,16,14,24,16
calculus-1265-_jpg.rf.9e64b9006b7db7b221ad4c24ba91db0a.jpg,calculus-113-_jpg.rf.e9dd100d9a853acc3405d9424a9ce292.jpg,identity,identity,2.651135356174372,2.651135356174372,612,471,612,471,1,1.2993630573248407,1.2993630573248407,106,14,10,1,4,4,0,0.3333333333333333,identity,0.3333333333333333,hflip,calculus-689-_jpg.rf.0c2552b06618da087ebef4017136410e.jpg,0,0,4,4,7,0,10,14,12,4,14,10,10,14,14,5,14,10,5,12,10
calculus-1277-_jpg.rf.697c67330f17e4f05592141421aabe3a.jpg,gingivitis-1357-_jpg.rf.c7bd00329758b645769e50f48e177312.jpg,vflip,vflip,2.740974179580136,34.01116086993655,612,397,612,397,1,1.5415617128463477,1.5415617128463477,11,17,14,1,12,12,0,0.7741935483870968,vflip,0.7741935483870968,hflip,gingivitis-1081-_jpg.rf.2d033d22e35c288b7970cb387802f410.jpg,0,0,11,11,15,0,13,15,13,12,17,14,12,15,17,14,15,14,13,13,14
calculus-16-_jpg.rf.67d4dbaa4b38556db9e18cea0704850a.jpg,calculus-736-_jpg.rf.4801d0e8abab8ac1c41dd601d144481c.jpg,vflip,vflip,0.18891878577099605,35.59796358777675,612,408,612,408,1,1.5,1.5,12,14,12,1,8,8,0,0.6153846153846153,vflip,0.6153846153846153,vflip,calculus-736-_jpg.rf.4801d0e8abab8ac1c41dd601d144481c.jpg,1,1,8,8,12,0,9,15,14,8,14,12,10,15,14,7,15,12,11,14,12
calculus-221-_jpg.rf.63b1893be99add0607d23c4abf0ab244.jpg,-349_jpg.rf.3b23a23611a5f28971d3a436366e040f.jpg,identity,identity,9.167162332716433,9.167162332716433,612,375,295,180,0,1.632,1.6388888888888888,116,6,6,1,6,6,1,1.0,identity,1.0,identity,-349_jpg.rf.3b23a23611a5f28971d3a436366e040f.jpg,1,1,6,6,6,1,6,6,7,6,6,6,5,6,6,5,6,6,6,7,6
calculus-27-_jpg.rf.b7af3cac05abdd2c02ff5b2f1f321371.jpg,calculus-777-_jpg.rf.9f194c16e4af2ebbbd2e6f0d4f1d7900.jpg,vflip,vflip,1.040933172743182,46.86292959826804,612,355,612,355,1,1.723943661971831,1.723943661971831,117,11,16,1,7,7,0,0.5185185185185185,vflip,0.5185185185185185,identity,gingivitis-2107-_jpg.rf.d1aa837fb4e971a693bc0e6ea0a2a5b9.jpg,0,0,7,7,11,0,10,15,14,7,11,16,9,15,11,9,15,16,9,14,16
calculus-30-_jpg.rf.cc66d1cd34e1b5e8b423937cafd7327c.jpg,calculus-606-_jpg.rf.b3d296d4e5b923b2e286bce187040576.jpg,hflip,hflip,1.1341183206501757,82.41808344359643,612,319,612,319,1,1.9184952978056427,1.9184952978056427,13,11,14,1,9,9,0,0.7200000000000001,hflip,0.7200000000000001,hflip,calculus-606-_jpg.rf.b3d296d4e5b923b2e286bce187040576.jpg,1,1,9,9,14,0,13,15,15,9,11,14,9,15,11,13,15,14,13,15,14
calculus-31-_jpg.rf.063fc1c3ae4b985a5a4afb4527a9b894.jpg,calculus-751-_jpg.rf.97dd84d82752b0e12cdd786e934d4f22.jpg,vflip,vflip,0.8031215801240417,42.20842417298935,612,609,612,609,1,1.0049261083743843,1.0049261083743843,121,26,23,1,19,19,0,0.7755102040816326,vflip,0.7755102040816326,identity,calculus-1183-_jpg.rf.d91b814ef97d5c7a97e37c3c32e3d080.jpg,0,0,18,18,23,0,20,28,33,19,26,23,22,28,26,20,28,23,18,33,23
calculus-36-_jpg.rf.b37f19215913f040aab538064df7de82.jpg,calculus-612-_jpg.rf.e8ad4398e904eb75e632efc57bc4006c.jpg,hflip,hflip,1.1804374685630323,40.97093882704106,612,407,612,407,1,1.5036855036855037,1.5036855036855037,130,15,17,1,13,12,0,0.7500000000000001,hflip,0.7500000000000001,hflip,calculus-612-_jpg.rf.e8ad4398e904eb75e632efc57bc4006c.jpg,1,1,13,12,17,0,18,18,19,12,15,17,14,18,15,15,18,17,17,19,17
calculus-47-_jpg.rf.9c057284fa8f323382349e47654e6fad.jpg,calculus-623-_jpg.rf.b56d4f531f72655b1bd630a350bd3cc1.jpg,hflip,hflip,1.2043799258786136,36.02384328686002,612,204,612,204,1,3.0,3.0,142,19,35,1,17,17,0,0.6296296296296297,hflip,0.6296296296296297,hflip,calculus-623-_jpg.rf.b56d4f531f72655b1bd630a350bd3cc1.jpg,1,1,17,17,35,0,30,34,35,17,19,35,15,34,19,27,34,35,32,35,35
calculus-579-_jpg.rf.e6c6311ec6a8a0cd230ef77f7dbc4847.jpg,calculus-1214-_jpg.rf.0f86e03c59cf892792815ab573dfd845.jpg,hflip,hflip,2.9613059426108252,40.86130735302815,612,405,612,405,1,1.511111111111111,1.511111111111111,5,9,8,1,7,6,0,0.7058823529411765,hflip,0.7058823529411765,hflip,calculus-1214-_jpg.rf.0f86e03c59cf892792815ab573dfd845.jpg,1,1,7,6,8,0,9,12,10,6,9,8,7,12,9,8,12,8,7,10,8
calculus-592-_jpg.rf.e1421f2becca84d60c3301a4d883d330.jpg,calculus-736-_jpg.rf.4801d0e8abab8ac1c41dd601d144481c.jpg,rot180,rot180,0.9650335086677366,36.32210446583662,612,408,612,408,1,1.5,1.5,12,15,12,1,4,4,0,0.2962962962962963,rot180,0.2962962962962963,rot180,calculus-736-_jpg.rf.4801d0e8abab8ac1c41dd601d144481c.jpg,1,1,4,4,12,0,8,14,14,4,15,12,6,14,15,7,14,12,11,14,12
calculus-598-_jpg.rf.c5a20ee5e3e570789925e7b6a45842ea.jpg,calculus-22-_jpg.rf.1908d1f9cad05b7074e90aa1ec68ece2.jpg,hflip,hflip,0.9658869613315589,89.23966779126376,612,408,612,408,1,1.5,1.5,148,4,4,1,4,4,1,1.0,hflip,1.0,rot180,calculus-742-_jpg.rf.d187903173846bb84b01a697050fcded.jpg,0,0,4,4,4,1,4,4,4,4,4,4,4,4,4,4,4,4,4,4,4
calculus-600-_jpg.rf.52b9a3e08f453ae6fc920b282197c649.jpg,gingivitis-1516-_jpg.rf.9ce65a634c115a1cc9b5208e6b83c4d8.jpg,rot180,rot180,1.0766166418715102,63.064116896741055,612,408,612,408,1,1.5,1.5,149,16,22,1,15,14,0,0.7368421052631579,rot180,0.7368421052631579,rot180,gingivitis-1516-_jpg.rf.9ce65a634c115a1cc9b5208e6b83c4d8.jpg,1,1,15,14,22,0,9,16,19,14,16,22,11,16,16,10,16,22,17,19,22
calculus-609-_jpg.rf.8bc233de095e6c4b8e6fa59d50d31a79.jpg,calculus-33-_jpg.rf.57424519d5aeedf6db2d5ce8ea9dad26.jpg,hflip,hflip,0.9913720812669807,29.968014259575316,612,297,612,297,1,2.0606060606060606,2.0606060606060606,0,22,12,1,6,6,0,0.3529411764705882,hflip,0.3529411764705882,hflip,calculus-33-_jpg.rf.57424519d5aeedf6db2d5ce8ea9dad26.jpg,1,1,6,6,12,0,13,16,16,6,22,12,11,16,22,10,16,12,12,16,12
calculus-619-_jpg.rf.4d655d9164ab64e579c3eb5b4d9680b3.jpg,calculus-763-_jpg.rf.5be8bded92f469fff9c0df304a0b81bc.jpg,rot180,rot180,1.0536815225562999,64.2291324436799,612,455,612,455,1,1.3450549450549452,1.3450549450549452,150,3,2,1,1,1,0,0.4,rot180,0.4,hflip,calculus-43-_jpg.rf.ef7cfb40ce64a683c664411bd2f4b200.jpg,0,0,0,0,6,0,1,7,3,1,3,2,1,7,3,1,7,2,2,3,2
calculus-66-_jpg.rf.8ca07c98e233f580b8032379f16a2eca.jpg,gingivitis-2217-_jpg.rf.a2e959cbd5c2764ba6633bdb1185de41.jpg,identity,identity,3.7866475068086696,3.7866475068086696,612,408,612,408,1,1.5,1.5,151,20,18,1,14,14,0,0.7368421052631577,identity,0.7368421052631577,identity,gingivitis-2217-_jpg.rf.a2e959cbd5c2764ba6633bdb1185de41.jpg,1,1,14,14,18,0,18,18,18,14,20,18,14,18,20,18,18,18,18,18,18
calculus-67-_jpg.rf.32b585f4a71e64286423fc5085177045.jpg,calculus-787-_jpg.rf.b47b1627e2ac174ad6679b79c6c28c11.jpg,vflip,vflip,1.2240158175774067,46.62587035647724,612,317,612,317,1,1.9305993690851735,1.9305993690851735,152,23,11,1,5,3,0,0.1764705882352941,vflip,0.1764705882352941,hflip,calculus-685-_jpg.rf.3c1ff017aa1d66d65e9f966b4aa7fb3c.jpg,0,0,20,20,23,0,18,22,25,3,23,11,19,22,23,4,22,11,8,25,11
calculus-681-_jpg.rf.73a12c16778fd4fa138a5aea1521e5a0.jpg,calculus-76-_jpg.rf.4714e373dfa58b823587c03a853106d9.jpg,hflip,hflip,0.9595629778177343,73.37611598867173,612,408,612,408,1,1.5,1.5,7,11,10,1,8,8,0,0.761904761904762,hflip,0.761904761904762,hflip,calculus-76-_jpg.rf.4714e373dfa58b823587c03a853106d9.jpg,1,1,8,8,10,0,9,9,11,8,11,10,8,9,11,8,9,10,9,11,10
calculus-684-_jpg.rf.b0bc4192a28181f264b0606c7b4090c2.jpg,calculus-732-_jpg.rf.3d53d11d4967c401640a6f4079738900.jpg,rot180,rot180,0.9623496991007868,45.685973678121044,612,408,612,408,1,1.5,1.5,14,16,13,1,12,11,0,0.7586206896551724,rot180,0.7586206896551724,rot180,calculus-732-_jpg.rf.3d53d11d4967c401640a6f4079738900.jpg,1,1,12,11,13,0,13,15,18,11,16,13,12,15,16,11,15,13,12,18,13
calculus-690-_jpg.rf.65fb41f1647028495d2bb475235c82ce.jpg,calculus-834-_jpg.rf.a4120a620e94d77a5ddde4af958d3ec0.jpg,rot180,rot180,1.0170962900734866,83.25856207730043,612,408,612,408,1,1.5,1.5,153,9,8,1,8,8,0,0.9411764705882353,rot180,0.9411764705882353,rot180,calculus-834-_jpg.rf.a4120a620e94d77a5ddde4af958d3ec0.jpg,1,1,8,8,8,0,8,9,8,8,9,8,9,9,9,8,9,8,8,8,8
calculus-704-_jpg.rf.a7b1e7e9f8bdb1163613625f3db6ec95.jpg,calculus-128-_jpg.rf.d47b9dfc29e5c399c4016022b7e6e9f6.jpg,hflip,hflip,0.9397352909155788,41.42203284844735,612,495,612,495,1,1.2363636363636363,1.2363636363636363,154,23,26,1,22,21,0,0.8571428571428572,hflip,0.8571428571428572,hflip,calculus-128-_jpg.rf.d47b9dfc29e5c399c4016022b7e6e9f6.jpg,1,1,22,21,26,0,28,28,28,21,23,26,22,28,23,26,28,26,26,28,26
calculus-706-_jpg.rf.2b7ac30f0dfdc1d8cd0b9c64cfafc4ca.jpg,calculus-772-_jpg.rf.ee189a0335416e392159119f3ed61d9f.jpg,rot180,rot180,1.0949978930309352,53.93632214300004,612,459,612,459,1,1.3333333333333333,1.3333333333333333,155,12,10,1,8,8,0,0.7272727272727272,rot180,0.7272727272727272,hflip,calculus-130-_jpg.rf.468e69577d584b9e4cb546083a6547e9.jpg,0,0,12,12,15,0,13,15,14,8,12,10,12,15,12,10,15,10,10,14,10
calculus-715-_jpg.rf.80d28ce4f1ee53fabaf319dd1b30aca4.jpg,calculus-821-_jpg.rf.94c303faa41fda99e5266dada489e8ed.jpg,rot180,rot180,1.1909515013280871,69.04228153388543,612,409,612,409,1,1.4963325183374083,1.4963325183374083,4,12,7,1,1,1,0,0.2105263157894737,hflip,0.10526315789473685,hflip,calculus-1291-_jpg.rf.f37e3b149b6266e62bae751726edc5f6.jpg,0,0,11,11,12,0,7,11,9,1,12,7,11,11,12,2,11,7,4,9,7
calculus-728-_jpg.rf.2ad04dd63bf8a90b65f35c9be931cc58.jpg,calculus-584-_jpg.rf.08d5d60cd1e0eed8d706f6b07a86e57c.jpg,rot180,rot180,0.8311688605841099,87.16541805309097,612,459,612,459,1,1.3333333333333333,1.3333333333333333,8,6,3,1,3,3,0,0.6666666666666666,rot180,0.6666666666666666,rot180,calculus-584-_jpg.rf.08d5d60cd1e0eed8d706f6b07a86e57c.jpg,1,1,3,3,3,0,6,6,6,3,6,3,6,6,6,3,6,3,3,6,3
calculus-733-_jpg.rf.5dd9fb643ee6996af59461099b6c4d69.jpg,calculus-13-_jpg.rf.c9ff2f0b7f2a8d4d48538a8e26520df7.jpg,vflip,vflip,0.09144296805249708,39.06493078374352,612,408,612,408,1,1.5,1.5,156,1,6,1,1,1,0,0.2857142857142857,vflip,0.2857142857142857,vflip,calculus-13-_jpg.rf.c9ff2f0b7f2a8d4d48538a8e26520df7.jpg,1,1,1,1,6,0,4,7,9,1,1,6,1,7,1,0,7,6,3,9,6
calculus-741-_jpg.rf.3dab035ff489497255221c1bb2fd9b17.jpg,calculus-597-_jpg.rf.22b76b8b8594e76902ae6d4ff1c6ec0b.jpg,rot180,rot180,1.380758538132211,52.007481843717535,612,290,612,290,1,2.110344827586207,2.110344827586207,157,10,15,1,9,9,0,0.7200000000000001,rot180,0.7200000000000001,rot180,calculus-597-_jpg.rf.22b76b8b8594e76902ae6d4ff1c6ec0b.jpg,1,1,9,9,15,0,9,15,15,9,10,15,5,15,10,8,15,15,12,15,15
calculus-743-_jpg.rf.44c73e112e130a3cb5b090c79f5d759b.jpg,calculus-23-_jpg.rf.d9cd8d22d391f7c7bfc11e51c5bf8bea.jpg,vflip,vflip,0.16284893426309244,66.33317095610458,612,408,612,408,1,1.5,1.5,158,5,4,1,2,2,0,0.4444444444444445,vflip,0.4444444444444445,vflip,calculus-23-_jpg.rf.d9cd8d22d391f7c7bfc11e51c5bf8bea.jpg,1,1,2,2,4,0,7,8,7,2,5,4,5,8,5,2,8,4,2,7,4
calculus-750-_jpg.rf.7566372bac5b5c1449c1cdf107cc9ffc.jpg,calculus-606-_jpg.rf.b3d296d4e5b923b2e286bce187040576.jpg,rot180,rot180,1.3348119801908198,80.02934480341,612,319,612,319,1,1.9184952978056427,1.9184952978056427,13,11,14,1,9,9,0,0.7200000000000001,rot180,0.7200000000000001,rot180,calculus-606-_jpg.rf.b3d296d4e5b923b2e286bce187040576.jpg,1,1,9,9,14,0,9,11,15,9,11,14,11,11,11,9,11,14,13,15,14
calculus-753-_jpg.rf.c63727f517b49e31e3f4e3edc6690d4d.jpg,calculus-33-_jpg.rf.57424519d5aeedf6db2d5ce8ea9dad26.jpg,vflip,vflip,0.999068780282106,38.209421611722206,612,297,612,297,1,2.0606060606060606,2.0606060606060606,0,14,12,1,6,6,0,0.4615384615384615,vflip,0.4615384615384615,vflip,calculus-33-_jpg.rf.57424519d5aeedf6db2d5ce8ea9dad26.jpg,1,1,6,6,12,0,10,21,16,6,14,12,12,21,14,7,21,12,12,16,12
calculus-764-_jpg.rf.feefaebb02675dfd2aa9eb866aa28768.jpg,calculus-44-_jpg.rf.11e2626edc6c1075ca2bc59d3d4cbf12.jpg,vflip,vflip,1.5169935831274963,56.963840459304066,612,125,612,125,1,4.896,4.896,160,22,25,1,20,20,0,0.8510638297872342,vflip,0.8510638297872342,rot180,calculus-620-_jpg.rf.2b48d4699f317c1df2a0ba15d630aa64.jpg,0,0,16,16,17,0,24,25,26,20,22,25,22,25,22,24,25,25,24,26,25
calculus-768-_jpg.rf.105065492aec23280cc85ae1f3cc7121.jpg,calculus-624-_jpg.rf.7a9219c03dbcaeb891b7bb3f19203b1c.jpg,rot180,rot180,1.1146304872229518,59.10015282522409,612,398,612,398,1,1.5376884422110553,1.5376884422110553,161,9,16,1,5,5,0,0.39999999999999997,rot180,0.39999999999999997,rot180,calculus-624-_jpg.rf.7a9219c03dbcaeb891b7bb3f19203b1c.jpg,1,1,5,5,16,0,4,7,11,5,9,16,4,7,9,5,7,16,10,11,16
calculus-771-_jpg.rf.7803374e6fea859fca76a4c434d97935.jpg,calculus-51-_jpg.rf.90916990d8378ee112827033eef81f89.jpg,vflip,vflip,0.0705291800205773,66.4802847871522,612,408,612,408,1,1.5,1.5,162,6,7,1,6,6,0,0.923076923076923,vflip,0.923076923076923,vflip,calculus-51-_jpg.rf.90916990d8378ee112827033eef81f89.jpg,1,1,6,6,7,0,4,9,8,6,6,7,2,9,6,2,9,7,6,8,7
calculus-773-_jpg.rf.23cfd780c5c507db14f13d9758432adb.jpg,calculus-629-_jpg.rf.3d168fa6f411ae49c3372ec6c6df24ad.jpg,rot180,rot180,1.7038684587166273,63.501397545521584,612,151,612,151,1,4.052980132450331,4.052980132450331,9,43,38,1,26,25,0,0.6172839506172839,rot180,0.6172839506172839,rot180,calculus-629-_jpg.rf.3d168fa6f411ae49c3372ec6c6df24ad.jpg,1,1,26,25,38,0,32,43,40,25,43,38,32,43,43,28,43,38,37,40,38
calculus-78-_jpg.rf.991fd7641752f22a2daea88800e53252.jpg,calculus-732-_jpg.rf.3d53d11d4967c401640a6f4079738900.jpg,vflip,vflip,0.1281940553236089,42.56813153221027,612,408,612,408,1,1.5,1.5,14,14,13,1,9,9,0,0.6666666666666666,vflip,0.6666666666666666,vflip,calculus-732-_jpg.rf.3d53d11d4967c401640a6f4079738900.jpg,1,1,9,9,13,0,13,14,18,9,14,13,7,14,14,10,14,13,12,18,13
calculus-793-_jpg.rf.e6877b99793a32e03741132f86d1790b.jpg,calculus-649-_jpg.rf.53e66a84f3f5dd5b36bb138783da740b.jpg,rot180,rot180,1.0338656459270348,37.96685952083738,612,408,612,408,1,1.5,1.5,163,15,6,1,2,0,0,0.0,identity,0.0,vflip,calculus-73-_jpg.rf.183576d4324a3b58468b1e0c39c4134c.jpg,0,0,13,13,16,0,14,17,15,0,15,6,14,17,15,0,17,6,1,15,6
calculus-803-_jpg.rf.8aae480aa95d467a1a71ea55a2ac53c5.jpg,calculus-83-_jpg.rf.bb16e5abc93d3b3bcc137c9bfde67095.jpg,vflip,vflip,1.02266938016781,53.90447503305145,612,420,612,420,1,1.457142857142857,1.457142857142857,10,5,8,1,5,5,0,0.7692307692307693,vflip,0.7692307692307693,rot180,calculus-659-_jpg.rf.8af8fd3bd97546ad3a55773bd954e072.jpg,0,0,5,5,5,1,3,9,9,5,5,8,0,9,5,0,9,8,7,9,8
calculus-84-_jpg.rf.68ff425ee218674f71c587d703c5493a.jpg,calculus-660-_jpg.rf.b17dcf2ead3e762d36675e756b92f78d.jpg,hflip,hflip,1.1025593893442884,79.07693868281265,612,375,612,375,1,1.632,1.632,164,4,3,1,1,1,0,0.28571428571428575,hflip,0.28571428571428575,hflip,calculus-660-_jpg.rf.b17dcf2ead3e762d36675e756b92f78d.jpg,1,1,1,1,3,0,3,4,4,1,4,3,4,4,4,1,4,3,1,4,3
calculus-843-_jpg.rf.435c6f1591b0bc3d1f59640dcfc79056.jpg,calculus-123-_jpg.rf.bc18404bcc1231b997ad345b03c599e5.jpg,vflip,vflip,0.11124242863982924,41.206322127513,612,408,612,408,1,1.5,1.5,15,7,9,1,5,5,0,0.6250000000000001,vflip,0.6250000000000001,vflip,calculus-123-_jpg.rf.bc18404bcc1231b997ad345b03c599e5.jpg,1,1,5,5,9,0,8,11,11,5,7,9,5,11,7,7,11,9,8,11,9
calculus-860-_jpg.rf.87df1032875f4ed2b7c34bef2455fc20.jpg,calculus-716-_jpg.rf.757035751cb8a38c0b375189553ce3ad.jpg,rot180,rot180,1.1823877415993347,70.55662610834625,612,325,612,325,1,1.883076923076923,1.883076923076923,165,14,9,1,9,9,0,0.782608695652174,rot180,0.782608695652174,vflip,calculus-140-_jpg.rf.b4ab3634b8ca6e5b93825bb71dd44b18.jpg,0,0,14,14,16,0,7,14,14,9,14,9,6,14,14,5,14,9,9,14,9
calculus-91-_jpg.rf.0f10c8c76d0b3c1c040fcd53adbc31a1.jpg,calculus-667-_jpg.rf.ea36033ed33dd76a634241d11a40119d.jpg,hflip,hflip,0.9690807147191739,35.47056670388735,612,408,612,408,1,1.5,1.5,169,13,14,1,12,12,0,0.888888888888889,hflip,0.888888888888889,hflip,calculus-667-_jpg.rf.ea36033ed33dd76a634241d11a40119d.jpg,1,1,12,12,14,0,14,18,14,12,13,14,10,18,13,10,18,14,11,14,14
gingi-179-copy_jpg.rf.511e1a3f2bb20311e42357f63d66172a.jpg,gingi-359-copy_jpg.rf.0be4d997bf913adac638a881d5476535.jpg,identity,identity,2.70373175542128,2.70373175542128,612,408,612,408,1,1.5,1.5,511,11,12,1,8,8,0,0.6956521739130435,identity,0.6956521739130435,identity,gingi-359-copy_jpg.rf.0be4d997bf913adac638a881d5476535.jpg,1,1,8,8,12,0,6,10,10,8,11,12,5,10,11,7,10,12,8,10,12
gingi-200-copy_jpg.rf.a6e196f61d90be8fac0f1877c983604f.jpg,gingi-302-copy_jpg.rf.d70388a78fe6fa34ba296efb66b8e35c.jpg,vflip,vflip,3.5066486968340316,68.38937053963589,612,408,612,408,1,1.5,1.5,514,4,4,1,4,4,1,1.0,vflip,1.0,vflip,gingi-302-copy_jpg.rf.d70388a78fe6fa34ba296efb66b8e35c.jpg,1,1,4,4,4,1,2,2,2,4,4,4,2,2,4,2,2,4,2,2,4
gingi-283-copy_jpg.rf.7d57db9c97dd0ae9eee3733d09c05125.jpg,gingi-186-copy_jpg.rf.658823ae33b482a7469ac83d8fa828e2.jpg,vflip,vflip,4.748337304080272,51.828619461529996,612,370,612,370,1,1.654054054054054,1.654054054054054,523,5,6,1,5,5,0,0.9090909090909091,vflip,0.9090909090909091,vflip,gingi-186-copy_jpg.rf.658823ae33b482a7469ac83d8fa828e2.jpg,1,1,5,5,6,0,2,4,8,5,5,6,3,4,5,3,4,6,1,8,6
gingi-352-copy_jpg.rf.1eecf4db50462a9083e8ca58cca2e38d.jpg,gingi-161-copy_jpg.rf.28742aba667acea6291da2e883b4bc5a.jpg,identity,identity,3.817551564965675,3.817551564965675,585,283,585,283,1,2.067137809187279,2.067137809187279,532,16,16,1,12,12,0,0.75,identity,0.75,identity,gingi-161-copy_jpg.rf.28742aba667acea6291da2e883b4bc5a.jpg,1,1,12,12,16,0,10,12,12,12,16,16,8,12,16,10,12,16,11,12,16
gingi-354-copy_jpg.rf.622409a1a29abc28a5736a6821fbd4f4.jpg,gingi-410-copy_jpg.rf.cee6cdbf5ee34e0bf13e590fd12d0215.jpg,identity,identity,3.710075969072475,3.710075969072475,612,414,612,414,1,1.4782608695652173,1.4782608695652173,533,13,16,1,2,2,0,0.13793103448275862,identity,0.13793103448275862,identity,gingi-410-copy_jpg.rf.cee6cdbf5ee34e0bf13e590fd12d0215.jpg,1,1,2,2,16,0,2,7,10,2,13,16,0,7,13,3,7,16,5,10,16
gingi-367-copy_jpg.rf.aeb0357aca525d75069f09392a887320.jpg,gingi-525-copy_jpg.rf.2c29bd68e756dcb037be494f068b1703.jpg,identity,identity,2.9063025028859695,2.9063025028859695,612,408,612,408,1,1.5,1.5,534,12,12,1,12,12,1,1.0,identity,1.0,identity,gingi-525-copy_jpg.rf.2c29bd68e756dcb037be494f068b1703.jpg,1,1,12,12,12,1,12,12,13,12,12,12,11,12,12,12,12,12,12,13,12
gingi-369-copy_jpg.rf.25fdf7e0978e4d93f432aa0f53212427.jpg,gingi-193-copy_jpg.rf.abc04a650c2cea9be0bffc79363e1e85.jpg,identity,identity,3.5547003777239263,3.5547003777239263,612,408,612,408,1,1.5,1.5,535,6,6,1,6,6,1,1.0,identity,1.0,identity,gingi-193-copy_jpg.rf.abc04a650c2cea9be0bffc79363e1e85.jpg,1,1,6,6,6,1,5,7,5,6,6,6,3,7,6,3,7,6,3,5,6
gingi-370-copy_jpg.rf.9165140719e42f39a1f6f80c2b19ad8a.jpg,gingi-293-copy_jpg.rf.1029f5ad7923a85a239aeae37b2b14cd.jpg,vflip,vflip,11.076184101397326,48.25888754468736,612,408,612,408,1,1.5,1.5,536,7,8,1,1,1,0,0.13333333333333333,hflip,0.13333333333333333,vflip,gingi-293-copy_jpg.rf.1029f5ad7923a85a239aeae37b2b14cd.jpg,1,1,1,1,8,0,5,6,7,1,7,8,6,6,7,1,6,8,2,7,8
gingi-370-copy_jpg.rf.92d7ec04e3249bd35e99e8220b705333.jpg,gingi-541-copy_jpg.rf.6a3e6460f610c9ee1457331bd5a0828d.jpg,identity,identity,5.743348628352355,5.743348628352355,612,408,612,408,1,1.5,1.5,537,5,7,1,5,5,0,0.8333333333333333,identity,0.8333333333333333,identity,gingi-541-copy_jpg.rf.6a3e6460f610c9ee1457331bd5a0828d.jpg,1,1,5,5,7,0,6,6,7,5,5,7,5,6,5,6,6,7,7,7,7
gingi-376-copy_jpg.rf.16d5906325d55ecb8e3218f782d9db66.jpg,calcu-230-copy_jpg.rf.6284aab823e498c44b466684e0da8a55.jpg,identity,identity,3.7075745452774194,3.7075745452774194,612,372,612,372,1,1.6451612903225807,1.6451612903225807,538,18,18,1,15,15,0,0.8333333333333334,identity,0.8333333333333334,identity,calcu-230-copy_jpg.rf.6284aab823e498c44b466684e0da8a55.jpg,1,1,15,15,18,0,11,14,12,15,18,18,7,14,18,7,14,18,7,12,18
gingi-403-copy_jpg.rf.afc36dcaa13395b5f4b3c7d7d9c99c8d.jpg,gingi-353-copy_jpg.rf.e128344e851031f5a5ee5acbb25dd535.jpg,identity,identity,5.1610536336464286,5.1610536336464286,321,158,321,158,1,2.0316455696202533,2.0316455696202533,539,2,2,1,2,2,1,1.0,identity,1.0,identity,gingi-353-copy_jpg.rf.e128344e851031f5a5ee5acbb25dd535.jpg,1,1,2,2,2,1,2,2,2,2,2,2,2,2,2,2,2,2,2,2,2
gingi-485-copy_jpg.rf.14f366cc70c68e0fa67efa9f78b5c3c6.jpg,gingi-363-copy_jpg.rf.429ccbad908f3e50028bffb1bc5ffb9d.jpg,identity,identity,4.45539278878347,4.45539278878347,612,408,612,408,1,1.5,1.5,545,8,8,1,8,8,1,1.0,identity,1.0,identity,gingi-363-copy_jpg.rf.429ccbad908f3e50028bffb1bc5ffb9d.jpg,1,1,8,8,8,1,13,14,13,8,8,8,4,14,8,4,14,8,6,13,8
gingi-683-copy_jpg.rf.178c5950de53c80d3f945d6b6bb1eeb7.jpg,gingi-510-copy_jpg.rf.e9da6914e604bad57b91141043503e2d.jpg,hflip,hflip,5.347623436257982,35.51670422909304,612,406,612,406,1,1.5073891625615763,1.5073891625615763,564,8,10,1,7,7,0,0.7777777777777777,hflip,0.7777777777777777,hflip,gingi-510-copy_jpg.rf.e9da6914e604bad57b91141043503e2d.jpg,1,1,7,7,10,0,9,9,10,7,8,10,7,9,8,9,9,10,9,10,10
gingilagi-103-_jpg.rf.f29a8bcc7f293da3131b786287dd5761.jpg,gingilagi-43-_jpg.rf.52dc17208eb442b5664e4bb10cce5fcc.jpg,identity,identity,4.607504254906812,4.607504254906812,612,408,612,408,1,1.5,1.5,20,20,23,1,2,2,0,0.09302325581395349,identity,0.09302325581395349,identity,gingilagi-8-_jpg.rf.e16ad8cac9c35b1deeca55c523dcf723.jpg,1,0,4,4,24,0,21,22,21,2,20,23,5,22,20,22,22,23,21,21,23
gingilagi-106-_jpg.rf.2f6dd606382a362c15734197020e80e9.jpg,gingilagi-47-_jpg.rf.7ef13c2e444b8b3a44058f592378220e.jpg,identity,identity,4.181766057349267,4.181766057349267,612,408,612,408,1,1.5,1.5,566,16,12,1,10,10,0,0.7142857142857143,identity,0.7142857142857143,identity,gingilagi-47-_jpg.rf.7ef13c2e444b8b3a44058f592378220e.jpg,1,1,10,10,12,0,12,13,12,10,16,12,9,13,16,11,13,12,11,12,12
gingilagi-115-_jpg.rf.11e86b5601c148d774340bbd5cbc8481.jpg,gingilagi-1-_jpg.rf.8a4958dfee845c00be8272b72de115f6.jpg,hflip,hflip,7.350374131833678,64.79934767877472,274,184,274,184,1,1.4891304347826086,1.4891304347826086,567,16,16,1,13,13,0,0.8125,hflip,0.8125,hflip,gingilagi-1-_jpg.rf.8a4958dfee845c00be8272b72de115f6.jpg,1,1,13,13,16,0,6,11,11,13,16,16,7,11,16,7,11,16,6,11,16
gingilagi-118-_jpg.rf.cd0d2b1043ed0222b42c04b894996004.jpg,gingilagi-165-_jpg.rf.bc7dbb2bf0cf81a705a87adb3027d2a3.jpg,identity,identity,4.656554756176032,4.656554756176032,612,408,612,408,1,1.5,1.5,20,20,18,1,15,15,0,0.7894736842105262,identity,0.7894736842105262,identity,gingilagi-165-_jpg.rf.bc7dbb2bf0cf81a705a87adb3027d2a3.jpg,1,1,15,15,18,0,22,22,22,15,20,18,9,22,20,6,22,18,7,22,18
gingilagi-159-_jpg.rf.8d837982298b27ca69a7464ca5795b00.jpg,gingilagi-38-_jpg.rf.3850f26b3895ddd9e80df57aef554e8e.jpg,hflip,hflip,4.458397030003995,74.60640977010071,612,408,612,408,1,1.5,1.5,22,12,10,1,7,7,0,0.6363636363636365,hflip,0.6363636363636365,hflip,gingilagi-38-_jpg.rf.3850f26b3895ddd9e80df57aef554e8e.jpg,1,1,7,7,10,0,11,12,11,7,12,10,8,12,12,10,12,10,9,11,10
gingilagi-166-_jpg.rf.72d25acd7a07548d065bdb4231ab0d21.jpg,gingilagi-102-_jpg.rf.4ca57d247019d0ba47ac45a000ba266b.jpg,hflip,hflip,4.6006720673918595,40.95850132972101,612,408,612,408,1,1.5,1.5,568,29,32,1,18,13,0,0.4262295081967213,hflip,0.4262295081967213,hflip,gingilagi-102-_jpg.rf.4ca57d247019d0ba47ac45a000ba266b.jpg,1,1,18,13,32,0,21,26,27,13,29,32,15,26,29,21,26,32,20,27,32
gingilagi-180-_jpg.rf.20fbdcf0818be49fea075d286289b0d6.jpg,gingilagi-205-_jpg.rf.607be8eee7b811869bd0ac06b05ec118.jpg,identity,identity,4.436538807101101,4.436538807101101,612,408,612,408,1,1.5,1.5,24,26,22,1,19,19,0,0.7916666666666666,identity,0.7916666666666666,identity,gingilagi-204-_jpg.rf.89d4fdf5102e6f46601a5c66f5cd7500.jpg,1,0,19,19,22,0,16,16,16,19,26,22,3,16,26,6,16,22,6,16,22
gingilagi-190-_jpg.rf.270617b223a400acc7c6a56b10531e92.jpg,gingilagi-189-_jpg.rf.2008e0dac9b8d60cc9679baf1ae58568.jpg,identity,identity,5.788385060733963,5.788385060733963,434,274,434,274,1,1.583941605839416,1.583941605839416,25,4,4,1,4,4,1,1.0,identity,1.0,identity,gingilagi-189-_jpg.rf.2008e0dac9b8d60cc9679baf1ae58568.jpg,1,1,4,4,4,1,4,4,4,4,4,4,4,4,4,4,4,4,4,4,4
gingilagi-199-_jpg.rf.d9e09f67d88ef6c9fd9c7997c26969ee.jpg,gingilagi-200-_jpg.rf.c57ea79361359cca43aedc94823918e1.jpg,identity,identity,4.214411107892552,4.214411107892552,612,397,612,397,1,1.5415617128463477,1.5415617128463477,26,15,12,1,11,11,0,0.8148148148148148,identity,0.8148148148148148,identity,gingilagi-200-_jpg.rf.c57ea79361359cca43aedc94823918e1.jpg,1,1,11,11,12,0,14,14,14,11,15,12,14,14,15,12,14,12,12,14,12
gingilagi-2-_jpg.rf.6a5835a8291df930790b19225b4f964c.jpg,gingilagi-168-_jpg.rf.9f8e9af8ba8b13ae62963839522de3a3.jpg,hflip,hflip,4.608145029222882,34.866772846865004,612,372,612,372,1,1.6451612903225807,1.6451612903225807,569,20,14,1,10,10,0,0.588235294117647,hflip,0.588235294117647,identity,gingilagi-105-_jpg.rf.c37e458adf88b3f116c53a102762699a.jpg,0,0,7,7,16,0,12,14,18,10,20,14,10,14,20,10,14,14,12,18,14
gingilagi-201-_jpg.rf.abc8453cf4aa6e9ac86e94ce43910812.jpg,gingilagi-202-_jpg.rf.c97b60fc2b4d1bdac4d98b7888955f29.jpg,identity,identity,4.205262728907746,4.205262728907746,612,408,612,408,1,1.5,1.5,570,5,5,1,5,5,1,1.0,identity,1.0,identity,gingilagi-202-_jpg.rf.c97b60fc2b4d1bdac4d98b7888955f29.jpg,1,1,5,5,5,1,3,3,4,5,5,5,3,3,5,3,3,5,4,4,5
gingilagi-209-_jpg.rf.394b465d595f7fd8e9edfec529842e8a.jpg,gingilagi-210-_jpg.rf.f5a7a474fe3762fd9be1fc6c0b6c02b2.jpg,identity,identity,4.44993032336603,4.44993032336603,612,408,612,408,1,1.5,1.5,571,4,5,1,4,4,0,0.888888888888889,identity,0.888888888888889,identity,gingilagi-210-_jpg.rf.f5a7a474fe3762fd9be1fc6c0b6c02b2.jpg,1,1,4,4,5,0,2,3,2,4,4,5,3,3,4,3,3,5,2,2,5
gingilagi-212-_jpg.rf.cabbcf40fc62f1adb79c2137afda7a89.jpg,gingilagi-211-_jpg.rf.5c78904823ca47ba21f15421dce27a28.jpg,identity,identity,4.525027718643521,4.525027718643521,612,408,612,408,1,1.5,1.5,572,22,21,1,21,21,0,0.9767441860465117,identity,0.9767441860465117,identity,gingilagi-211-_jpg.rf.5c78904823ca47ba21f15421dce27a28.jpg,1,1,21,21,21,0,20,21,20,21,22,21,20,21,22,19,21,21,19,20,21
gingilagi-224-_jpg.rf.74c297c887b1fdcc64972695100d0c26.jpg,gingilagi-223-_jpg.rf.37d64dbc4fa9ba3f6e4ed49fcc270f8b.jpg,identity,identity,4.761850131493502,4.761850131493502,612,408,612,408,1,1.5,1.5,573,6,6,1,6,6,1,1.0,identity,1.0,identity,gingilagi-223-_jpg.rf.37d64dbc4fa9ba3f6e4ed49fcc270f8b.jpg,1,1,6,6,6,1,6,6,6,6,6,6,3,6,6,3,6,6,3,6,6
gingilagi-234-_jpg.rf.6cbc6e8d6fc668ad41dcbf68116a659c.jpg,gingilagi-248-_jpg.rf.c4f068e1a0b02671bbba7822229301da.jpg,identity,identity,3.3151200207463267,3.3151200207463267,612,408,612,408,1,1.5,1.5,574,15,15,1,14,14,0,0.9333333333333333,identity,0.9333333333333333,identity,gingilagi-248-_jpg.rf.c4f068e1a0b02671bbba7822229301da.jpg,1,1,14,14,15,0,17,19,17,14,15,15,15,19,15,15,19,15,15,17,15
gingilagi-241-_jpg.rf.9adea343f5377d0b26edda016f3cdad1.jpg,gingilagi-242-_jpg.rf.2c4084ce91ac1b739ac8b180af18d10a.jpg,identity,identity,4.5015001975253,4.5015001975253,338,184,338,184,1,1.8369565217391304,1.8369565217391304,575,6,7,1,5,5,0,0.7692307692307692,identity,0.7692307692307692,identity,gingilagi-242-_jpg.rf.2c4084ce91ac1b739ac8b180af18d10a.jpg,1,1,5,5,7,0,2,3,3,5,6,7,1,3,6,3,3,7,3,3,7
gingilagi-246-_jpg.rf.ba0e21eaf7f8a7b726217d055f93885b.jpg,gingilagi-245-_jpg.rf.e09480c0e78621ae2974d6e68237af15.jpg,identity,identity,2.2014170851106765,2.2014170851106765,585,283,585,283,1,2.067137809187279,2.067137809187279,576,12,11,1,10,10,0,0.8695652173913043,identity,0.8695652173913043,identity,gingilagi-245-_jpg.rf.e09480c0e78621ae2974d6e68237af15.jpg,1,1,10,10,11,0,9,9,11,10,12,11,8,9,12,9,9,11,11,11,11
gingilagi-251-_jpg.rf.e40005febfa4b347eecd2cce2e44a0e5.jpg,gingilagi-252-_jpg.rf.d1451cc40181cdd37a597a0fb7af9e0d.jpg,identity,identity,5.172445859261573,5.172445859261573,581,233,581,233,1,2.4935622317596566,2.4935622317596566,577,13,15,1,8,8,0,0.5714285714285715,identity,0.5714285714285715,identity,gingilagi-252-_jpg.rf.d1451cc40181cdd37a597a0fb7af9e0d.jpg,1,1,8,8,15,0,14,14,14,8,13,15,8,14,13,12,14,15,12,14,15
gingilagi-255-_jpg.rf.da1ebb2575e3db398fdae8ce77e980bb.jpg,gingilagi-256-_jpg.rf.3c05f6d9476076015be026f0c25b8184.jpg,identity,identity,5.744290378126979,5.744290378126979,434,274,434,274,1,1.583941605839416,1.583941605839416,25,4,4,1,4,4,1,1.0,identity,1.0,identity,gingilagi-256-_jpg.rf.3c05f6d9476076015be026f0c25b8184.jpg,1,1,4,4,4,1,3,4,3,4,4,4,4,4,4,4,4,4,3,3,4
gingilagi-26-_jpg.rf.168ff13357cf656ce3bbdd2601daba54.jpg,gingilagi-143-_jpg.rf.84cc349b36e941ba2c5c50332358f9d8.jpg,hflip,hflip,3.6309218870694533,62.2396079585028,612,370,612,370,1,1.654054054054054,1.654054054054054,578,6,6,1,5,5,0,0.8333333333333334,hflip,0.8333333333333334,hflip,gingilagi-143-_jpg.rf.84cc349b36e941ba2c5c50332358f9d8.jpg,1,1,5,5,6,0,3,6,3,5,6,6,4,6,6,4,6,6,3,3,6
gingilagi-269-_jpg.rf.fe8e075fd5235ad0a25b8c5518cc1e14.jpg,gingilagi-271-_jpg.rf.fd7b5e502cef1c32ba791072d1d08651.jpg,identity,identity,5.311147001420985,5.311147001420985,612,192,612,192,1,3.1875,3.1875,579,13,11,1,9,9,0,0.7500000000000001,identity,0.7500000000000001,identity,gingilagi-271-_jpg.rf.fd7b5e502cef1c32ba791072d1d08651.jpg,1,1,9,9,11,0,13,13,14,9,13,11,13,13,13,11,13,11,11,14,11
gingilagi-27-_jpg.rf.c953c51c142e2607f243d7331b9cfa7d.jpg,gingilagi-69-_jpg.rf.9a68becfa5d8ffbd8454a1b37069ad21.jpg,identity,identity,4.636817474728255,4.636817474728255,612,407,612,407,1,1.5036855036855037,1.5036855036855037,580,11,9,1,7,7,0,0.7000000000000001,identity,0.7000000000000001,identity,gingilagi-69-_jpg.rf.9a68becfa5d8ffbd8454a1b37069ad21.jpg,1,1,7,7,9,0,11,11,11,7,11,9,7,11,11,6,11,9,6,11,9
gingilagi-275-_jpg.rf.0ebb49078576b53595be42d8d9f32bc2.jpg,gingilagi-276-_jpg.rf.a0948d4663cdb140360f19bdf3783b1f.jpg,identity,identity,3.316178492620968,3.316178492620968,612,408,612,408,1,1.5,1.5,581,15,14,1,14,14,0,0.9655172413793104,identity,0.9655172413793104,identity,gingilagi-276-_jpg.rf.a0948d4663cdb140360f19bdf3783b1f.jpg,1,1,14,14,14,0,12,12,13,14,15,14,12,12,15,12,12,14,13,13,14
gingilagi-277-_jpg.rf.9fe777d1d72d4eaa163064b92a2ed9b4.jpg,gingilagi-278-_jpg.rf.db0972a30465ece48eaabaad3cba0560.jpg,identity,identity,4.270519313277734,4.270519313277734,612,397,612,397,1,1.5415617128463477,1.5415617128463477,26,14,15,1,14,14,0,0.9655172413793104,identity,0.9655172413793104,identity,gingilagi-278-_jpg.rf.db0972a30465ece48eaabaad3cba0560.jpg,1,1,14,14,15,0,14,14,14,14,14,15,13,14,14,14,14,15,14,14,15
gingilagi-289-_jpg.rf.541b47807ac100ac931d8ad3b2ca5bb2.jpg,gingilagi-290-_jpg.rf.5fe4eae07a33f96735825a36c3d0af5d.jpg,identity,identity,5.668760174760025,5.668760174760025,293,193,293,193,1,1.5181347150259068,1.5181347150259068,582,6,6,1,6,6,1,1.0,identity,1.0,identity,gingilagi-290-_jpg.rf.5fe4eae07a33f96735825a36c3d0af5d.jpg,1,1,6,6,6,1,5,5,5,6,6,6,5,5,6,5,5,6,5,5,6
gingilagi-296-_jpg.rf.e0df36d003473549872fb1384e43d886.jpg,gingilagi-188-_jpg.rf.8e8f6fc70464d6c97dcd9dd43fc38c3d.jpg,vflip,vflip,9.036162733067425,91.78152173800534,338,184,338,184,1,1.8369565217391304,1.8369565217391304,583,10,9,1,8,8,0,0.8421052631578948,vflip,0.8421052631578948,vflip,gingilagi-188-_jpg.rf.8e8f6fc70464d6c97dcd9dd43fc38c3d.jpg,1,1,8,8,9,0,3,9,6,8,10,9,2,9,10,4,9,9,6,6,9
gingilagi-315-_jpg.rf.d51ba47ff99f326d0e7861a4ecce1625.jpg,gingilagi-328-_jpg.rf.410c1eb6e500ad4e3ec76b2485c60ae7.jpg,identity,identity,4.452748065187525,4.452748065187525,612,408,612,408,1,1.5,1.5,24,14,15,1,12,12,0,0.8275862068965518,identity,0.8275862068965518,identity,gingilagi-328-_jpg.rf.410c1eb6e500ad4e3ec76b2485c60ae7.jpg,1,1,12,12,15,0,15,16,16,12,14,15,11,16,14,13,16,15,12,16,15
gingilagi-319-_jpg.rf.9abda0efe0d7debcdc217a287d8311a4.jpg,gingilagi-320-_jpg.rf.82227fa836a0d82b82b670ffc8a5aff2.jpg,identity,identity,3.8664259035416837,3.8664259035416837,612,404,612,404,1,1.5148514851485149,1.5148514851485149,584,10,10,1,8,8,0,0.8000000000000002,identity,0.8000000000000002,identity,gingilagi-320-_jpg.rf.82227fa836a0d82b82b670ffc8a5aff2.jpg,1,1,8,8,10,0,9,9,9,8,10,10,7,9,10,9,9,10,9,9,10
gingilagi-331-_jpg.rf.9f6cdfaaa51b3a63525c44964db4d0dd.jpg,gingilagi-332-_jpg.rf.4b6084eeab5746d26fecc5dbcd164f02.jpg,identity,identity,3.239965352944573,3.239965352944573,612,408,612,408,1,1.5,1.5,585,2,2,1,2,2,1,1.0,identity,1.0,identity,gingilagi-332-_jpg.rf.4b6084eeab5746d26fecc5dbcd164f02.jpg,1,1,2,2,2,1,2,2,2,2,2,2,2,2,2,2,2,2,2,2,2
gingilagi-41-_jpg.rf.6bee8f4beb361222656520aa24a9b4bf.jpg,gingilagi-67-_jpg.rf.267abc22357daf7fc6967fa7458deda2.jpg,identity,identity,4.825445820664041,4.825445820664041,612,407,612,407,1,1.5036855036855037,1.5036855036855037,586,12,9,1,9,9,0,0.8571428571428571,identity,0.8571428571428571,identity,gingilagi-67-_jpg.rf.267abc22357daf7fc6967fa7458deda2.jpg,1,1,9,9,9,0,10,10,10,9,12,9,10,10,12,8,10,9,8,10,9
gingilagi-64-_jpg.rf.0c1d3c97e7990cf462ec96c510e8f6b4.jpg,gingilagi-9-_jpg.rf.1ac8a6b1814696b355c32315dc34795e.jpg,identity,identity,3.6918030540697946,3.6918030540697946,612,408,612,408,1,1.5,1.5,590,14,17,1,14,14,0,0.9032258064516129,identity,0.9032258064516129,identity,gingilagi-35-_jpg.rf.c54747ceaa696fa632c06707fedcb41b.jpg,1,0,13,13,16,0,17,17,17,14,14,17,14,17,14,16,17,17,16,17,17
gingilagi-84-_jpg.rf.4f8a40780e7f4b62909630d73b08edf6.jpg,gingilagi-52-_jpg.rf.ddd5e0383a878ee2bdff5b9fd6fd5a98.jpg,identity,identity,3.720134573522467,3.720134573522467,612,404,612,404,1,1.5148514851485149,1.5148514851485149,592,13,11,1,7,6,0,0.4999999999999999,identity,0.4999999999999999,identity,gingilagi-52-_jpg.rf.ddd5e0383a878ee2bdff5b9fd6fd5a98.jpg,1,1,7,6,11,0,11,12,12,6,13,11,6,12,13,11,12,11,11,12,11
gingilagi-91-_jpg.rf.541bc639822bc4826ad073fba146ccab.jpg,gingilagi-72-_jpg.rf.f011465dfd8c9314a112858d22132cc0.jpg,identity,identity,4.463033794886263,4.463033794886263,612,383,612,383,1,1.597911227154047,1.597911227154047,594,3,4,1,2,2,0,0.5714285714285715,identity,0.5714285714285715,identity,gingilagi-72-_jpg.rf.f011465dfd8c9314a112858d22132cc0.jpg,1,1,2,2,4,0,2,3,2,2,3,4,1,3,3,2,3,4,2,2,4
gingilagi-98-_jpg.rf.227c7eb5ca64d77a8cc1f93fd88b96a2.jpg,gingilagi-38-_jpg.rf.3850f26b3895ddd9e80df57aef554e8e.jpg,identity,identity,4.319060270036867,4.319060270036867,612,408,612,408,1,1.5,1.5,22,11,10,1,9,9,0,0.8571428571428572,identity,0.8571428571428572,identity,gingilagi-38-_jpg.rf.3850f26b3895ddd9e80df57aef554e8e.jpg,1,1,9,9,10,0,11,11,11,9,11,10,9,11,11,9,11,10,9,11,10
gingivitis-101-_jpg.rf.61ec943f7f2ffa2282b26a76d92d563a.jpg,gingivitis-1415-_jpg.rf.0a227d3fc89f1793b67e713b7e173643.jpg,vflip,vflip,0.0844147765038059,52.6065263013732,612,408,612,408,1,1.5,1.5,597,12,12,1,11,11,0,0.9166666666666666,vflip,0.9166666666666666,vflip,gingivitis-1415-_jpg.rf.0a227d3fc89f1793b67e713b7e173643.jpg,1,1,11,11,12,0,12,13,13,11,12,12,12,13,12,12,13,12,12,13,12
gingivitis-1039-_jpg.rf.ecce205e8f97537848aa5efe6ad70775.jpg,gingivitis-1-_jpg.rf.981b2e29ca38f6c22fd53b40fae5b819.jpg,hflip,hflip,1.8210877171714746,56.6389322214718,274,184,274,184,1,1.4891304347826086,1.4891304347826086,603,10,17,1,8,8,0,0.5925925925925927,hflip,0.5925925925925927,hflip,gingivitis-1-_jpg.rf.981b2e29ca38f6c22fd53b40fae5b819.jpg,1,1,8,8,17,0,11,14,15,8,10,17,8,14,10,12,14,17,13,15,17
gingivitis-1047-_jpg.rf.4880b3325ce3015d7f5454f07fc7d7eb.jpg,gingivitis-1323-_jpg.rf.1d8e5dcaf46825eb9deee53ff63b01dc.jpg,rot180,rot180,1.0466709222727313,37.073613113731454,612,408,612,408,1,1.5,1.5,604,15,18,1,15,15,0,0.9090909090909091,rot180,0.9090909090909091,rot180,gingivitis-1323-_jpg.rf.1d8e5dcaf46825eb9deee53ff63b01dc.jpg,1,1,15,15,18,0,15,18,19,15,15,18,13,18,15,15,18,18,17,19,18
gingivitis-1074-_jpg.rf.815eaf1f6568dd6c8f88154188878a8d.jpg,gingivitis-1350-_jpg.rf.ddbca9aa778b9f852aa0cd8af2a08221.jpg,rot180,rot180,2.1661626767598734,71.33316914667266,270,232,270,232,1,1.1637931034482758,1.1637931034482758,605,22,21,1,8,8,0,0.37209302325581395,rot180,0.37209302325581395,rot180,gingivitis-1350-_jpg.rf.ddbca9aa778b9f852aa0cd8af2a08221.jpg,1,1,8,8,21,0,17,26,22,8,22,21,15,26,22,14,26,21,18,22,21
gingivitis-1082-_jpg.rf.b0ff1ac86d7794932000c24679e4d569.jpg,gingivitis-1358-_jpg.rf.cb3f53c6767273307587a5695c2a5f74.jpg,rot180,rot180,1.0118092382313537,32.85942770554202,612,408,612,408,1,1.5,1.5,606,8,10,1,1,1,0,0.11111111111111112,rot180,0.11111111111111112,hflip,gingivitis-44-_jpg.rf.7baba9a59604388e14c2a740cf462dd7.jpg,0,0,1,1,9,0,4,6,9,1,8,10,2,6,8,5,6,10,9,9,10
gingivitis-111-_jpg.rf.8309496c9fd80286039df006396c2faa.jpg,gingivitis-1425-_jpg.rf.82d680668354ab56bff3e7e0b6358119.jpg,vflip,vflip,0.1167962217791098,38.988526050290986,612,408,612,408,1,1.5,1.5,28,13,14,1,13,13,0,0.962962962962963,vflip,0.962962962962963,vflip,gingivitis-1425-_jpg.rf.82d680668354ab56bff3e7e0b6358119.jpg,1,1,13,13,14,0,16,19,16,13,13,14,13,19,13,14,19,14,14,16,14
gingivitis-1125-_jpg.rf.c1044dfafb84d7136962a1e69fb64924.jpg,gingivitis-169-_jpg.rf.19b341057f71f05ce762d3047571b61d.jpg,hflip,hflip,1.0567326814104585,40.87813843043841,612,318,612,318,1,1.9245283018867925,1.9245283018867925,29,6,5,1,3,3,0,0.5454545454545454,hflip,0.5454545454545454,hflip,gingivitis-169-_jpg.rf.19b341057f71f05ce762d3047571b61d.jpg,1,1,3,3,5,0,5,5,6,3,6,5,3,5,6,3,5,5,4,6,5
gingivitis-1135-_jpg.rf.49fafe480aa620dc52e9be3d76f9f2f3.jpg,gingivitis-239-_jpg.rf.7460d57c44c87bc19fdec36261e47963.jpg,hflip,hflip,1.0294580785767213,61.689334614072095,612,472,612,472,1,1.2966101694915255,1.2966101694915255,607,13,11,1,8,8,0,0.6666666666666667,hflip,0.6666666666666667,hflip,gingivitis-239-_jpg.rf.7460d57c44c87bc19fdec36261e47963.jpg,1,1,8,8,11,0,9,11,11,8,13,11,10,11,13,8,11,11,8,11,11
gingivitis-1153-_jpg.rf.a788041be196b19337d66c32fffd2071.jpg,gingivitis-99-_jpg.rf.727c245f1143f8e6aa49ed52a57ae85e.jpg,hflip,hflip,0.9534131224349967,52.407840311104394,612,408,612,408,1,1.5,1.5,15,12,8,1,2,2,0,0.2,hflip,0.2,hflip,gingivitis-99-_jpg.rf.727c245f1143f8e6aa49ed52a57ae85e.jpg,1,1,2,2,8,0,11,11,11,2,12,8,9,11,12,1,11,8,1,11,8
gingivitis-1165-_jpg.rf.1473cc10a172113ea6630ec2ae417cde.jpg,gingivitis-1425-_jpg.rf.82d680668354ab56bff3e7e0b6358119.jpg,rot180,rot180,0.9973184872642553,40.51981556585877,612,408,612,408,1,1.5,1.5,28,12,14,1,11,11,0,0.8461538461538461,rot180,0.8461538461538461,rot180,gingivitis-1425-_jpg.rf.82d680668354ab56bff3e7e0b6358119.jpg,1,1,11,11,14,0,16,18,16,11,12,14,12,18,12,14,18,14,14,16,14
gingivitis-1187-_jpg.rf.6971b7d11a23cb54531a654f3db94718.jpg,gingivitis-1447-_jpg.rf.fada1e82a0be23d263af7935e5d82e4d.jpg,rot180,rot180,1.0707116044219143,43.71591620160446,612,409,612,409,1,1.4963325183374083,1.4963325183374083,608,11,14,1,8,8,0,0.64,rot180,0.64,hflip,gingivitis-134-_jpg.rf.86e14a1e14ec08d83f60f9a80b2ace8c.jpg,0,0,7,7,8,0,7,12,16,8,11,14,8,12,11,7,12,14,14,16,14
gingivitis-1197-_jpg.rf.0debfef9d87128ff49b59849d326d43c.jpg,gingivitis-1457-_jpg.rf.6fde1f361eab89ecf7dcb56e7dbc2e31.jpg,rot180,rot180,0.9772185296480517,51.25828552260402,612,408,612,408,1,1.5,1.5,609,16,17,1,12,12,0,0.7272727272727272,rot180,0.7272727272727272,rot180,gingivitis-1457-_jpg.rf.6fde1f361eab89ecf7dcb56e7dbc2e31.jpg,1,1,12,12,17,0,12,16,18,12,16,17,11,16,16,10,16,17,15,18,17
gingivitis-1198-_jpg.rf.c7c0d74c7c9cb25cf038ff5dc4973678.jpg,gingivitis-145-_jpg.rf.7e148c66a14f1b17e8dc4a47f8a37be7.jpg,hflip,hflip,1.1223724197577258,50.49571723529081,612,408,612,408,1,1.5,1.5,610,14,12,1,9,9,0,0.6923076923076924,hflip,0.6923076923076924,hflip,gingivitis-145-_jpg.rf.7e148c66a14f1b17e8dc4a47f8a37be7.jpg,1,1,9,9,12,0,11,12,13,9,14,12,10,12,14,10,12,12,10,13,12
gingivitis-1223-_jpg.rf.f3fe9786826fe439a890c0cb9f5901ae.jpg,gingivitis-2258-_jpg.rf.1c58a044d815ac4ef4546e45b761990c.jpg,hflip,hflip,3.62378961810548,71.69630076124346,612,408,612,408,1,1.5,1.5,30,9,2,1,2,2,0,0.3636363636363636,hflip,0.3636363636363636,hflip,gingivitis-2258-_jpg.rf.1c58a044d815ac4ef4546e45b761990c.jpg,1,1,2,2,2,0,2,3,3,2,9,2,2,3,9,2,3,2,2,3,2
gingivitis-1231-_jpg.rf.d27163bed968cca2265d9051028b4163.jpg,gingivitis-178-_jpg.rf.aedf9f68b948cbc14df9b2e4caf6817a.jpg,hflip,hflip,0.9583457171980657,28.358736326313814,612,408,612,408,1,1.5,1.5,31,21,13,1,6,5,0,0.2941176470588235,hflip,0.2941176470588235,hflip,gingivitis-178-_jpg.rf.aedf9f68b948cbc14df9b2e4caf6817a.jpg,1,1,6,5,13,0,16,18,19,5,21,13,14,18,21,5,18,13,5,19,13
gingivitis-1249-_jpg.rf.7258dd6bf53a52cc9c0f7746a74bf672.jpg,gingivitis-2284-_jpg.rf.e59f5860500fb9d46546b98394810313.jpg,hflip,hflip,2.195152629855012,59.77046829844346,612,408,612,408,1,1.5,1.5,611,6,5,1,5,5,0,0.9090909090909091,hflip,0.9090909090909091,hflip,gingivitis-2284-_jpg.rf.e59f5860500fb9d46546b98394810313.jpg,1,1,5,5,5,0,6,6,6,5,6,5,5,6,6,5,6,5,5,6,5
gingivitis-125-_jpg.rf.5bc34bf150642fd731d46ee9800f76c3.jpg,gingivitis-1438-_jpg.rf.b25e5967131c5cdd346547144c3e433f.jpg,vflip,vflip,0.20387481797968576,61.71491236091034,612,408,612,408,1,1.5,1.5,612,12,13,1,11,11,0,0.8799999999999999,vflip,0.8799999999999999,vflip,gingivitis-1438-_jpg.rf.b25e5967131c5cdd346547144c3e433f.jpg,1,1,11,11,13,0,12,12,13,11,12,13,11,12,12,12,12,13,13,13,13
gingivitis-1257-_jpg.rf.f657765b7eda007b135ddeb91ebda489.jpg,gingivitis-1517-_jpg.rf.8be38dd98db83d8f5ecaf8594ceb7701.jpg,rot180,rot180,0.8305628180496418,67.80518179927702,612,408,612,408,1,1.5,1.5,613,1,8,1,1,1,0,0.2222222222222222,rot180,0.2222222222222222,hflip,gingivitis-204-_jpg.rf.a86f8a7ab5efa25822b39c08dee4923a.jpg,0,0,1,1,1,1,5,5,7,1,1,8,1,5,1,5,5,8,7,7,8
gingivitis-1307-_jpg.rf.0eefdb5f39ba355f0e36a115d7d8f3a5.jpg,gingivitis-1567-_jpg.rf.60598a789bf5e83b7ab0cc9eff31c94c.jpg,rot180,rot180,1.2102883844905776,83.40839235449351,612,396,612,396,1,1.5454545454545454,1.5454545454545454,32,13,16,1,12,12,0,0.8275862068965517,rot180,0.8275862068965517,rot180,gingivitis-1567-_jpg.rf.60598a789bf5e83b7ab0cc9eff31c94c.jpg,1,1,12,12,16,0,11,11,16,12,13,16,11,11,13,11,11,16,16,16,16
gingivitis-1347-_jpg.rf.d570400476708ca49c82a1036760a81f.jpg,gingivitis-33-_jpg.rf.b93b0e4ca81175c71f762b9c5325bddf.jpg,vflip,vflip,1.5141796023471135,38.7932000326657,428,237,428,237,1,1.8059071729957805,1.8059071729957805,614,27,27,1,24,24,0,0.8888888888888888,vflip,0.8888888888888888,vflip,gingivitis-33-_jpg.rf.b93b0e4ca81175c71f762b9c5325bddf.jpg,1,1,24,24,27,0,13,23,25,24,27,27,11,23,27,11,23,27,23,25,27
gingivitis-1353-_jpg.rf.7f177d42a1c9821ff483f7ca957f4e1c.jpg,gingivitis-1077-_jpg.rf.dd724a18f864027a74ca96719b58149b.jpg,rot180,rot180,0.33591478847646394,61.84359961708756,280,184,280,184,1,1.5217391304347827,1.5217391304347827,615,12,6,1,6,6,0,0.6666666666666666,rot180,0.6666666666666666,rot180,gingivitis-1077-_jpg.rf.dd724a18f864027a74ca96719b58149b.jpg,1,1,6,6,6,0,3,5,7,6,12,6,3,5,12,3,5,6,6,7,6
gingivitis-1366-_jpg.rf.3e316c0a32bf40c80c54f88b01c09bd8.jpg,gingivitis-228-_jpg.rf.aa5d2334da83ad8ec3cab2ad85695919.jpg,vflip,vflip,0.08359740062122147,45.746896106926954,612,408,612,408,1,1.5,1.5,616,5,3,1,3,3,0,0.7499999999999999,vflip,0.7499999999999999,vflip,gingivitis-228-_jpg.rf.aa5d2334da83ad8ec3cab2ad85695919.jpg,1,1,3,3,3,0,1,4,4,3,5,3,1,4,5,1,4,3,3,4,3
gingivitis-1367-_jpg.rf.4f296e200d2283ac53523aea956e5f38.jpg,gingivitis-1091-_jpg.rf.4091d7c877399f6ecab0c39387f2a857.jpg,rot180,rot180,0.9643138094245436,49.25746307370114,612,408,612,408,1,1.5,1.5,33,12,11,1,11,11,0,0.9565217391304348,rot180,0.9565217391304348,rot180,gingivitis-1091-_jpg.rf.4091d7c877399f6ecab0c39387f2a857.jpg,1,1,11,11,11,0,9,11,11,11,12,11,9,11,12,9,11,11,10,11,11
gingivitis-1390-_jpg.rf.994791a31298890961becda9bfe4d14b.jpg,gingivitis-169-_jpg.rf.19b341057f71f05ce762d3047571b61d.jpg,vflip,vflip,1.0780188466761897,62.33398569075081,612,318,612,318,1,1.9245283018867925,1.9245283018867925,29,6,5,1,2,2,0,0.3636363636363636,vflip,0.3636363636363636,vflip,gingivitis-169-_jpg.rf.19b341057f71f05ce762d3047571b61d.jpg,1,1,2,2,5,0,1,1,6,2,6,5,1,1,6,1,1,5,4,6,5
gingivitis-1406-_jpg.rf.249b6231292306acbd134f3948e68915.jpg,gingivitis-1146-_jpg.rf.9f9653c1ba2c8b2e0172fa657d0a0426.jpg,rot180,rot180,1.4279734858768167,90.99061527696934,612,192,612,192,1,3.1875,3.1875,6,15,14,1,11,11,0,0.7586206896551724,rot180,0.7586206896551724,rot180,gingivitis-1146-_jpg.rf.9f9653c1ba2c8b2e0172fa657d0a0426.jpg,1,1,11,11,14,0,11,11,13,11,15,14,11,11,15,9,11,14,11,13,14
gingivitis-141-_jpg.rf.5fbb79a44c4d16bf7bff18524c44d0e0.jpg,gingivitis-1454-_jpg.rf.7cec84cb094013a74aa0991aa779e524.jpg,vflip,vflip,0.16618787020455195,41.52839369527982,454,224,454,224,1,2.0267857142857144,2.0267857142857144,617,8,8,1,8,8,1,1.0,vflip,1.0,vflip,gingivitis-1454-_jpg.rf.7cec84cb094013a74aa0991aa779e524.jpg,1,1,8,8,8,1,5,10,5,8,8,8,6,10,8,6,10,8,5,5,8
gingivitis-1419-_jpg.rf.60123563fbf526bf805e27b9265cb44c.jpg,gingivitis-105-_jpg.rf.9460b6ef69e30598091278779287d9e0.jpg,vflip,vflip,0.9384354057377564,50.933340302977825,612,370,612,370,1,1.654054054054054,1.654054054054054,618,6,9,1,4,4,0,0.5333333333333333,vflip,0.5333333333333333,vflip,gingivitis-105-_jpg.rf.9460b6ef69e30598091278779287d9e0.jpg,1,1,4,4,9,0,2,3,9,4,6,9,3,3,6,2,3,9,6,9,9
gingivitis-142-_jpg.rf.80f56a19b4f3535a90415dc4c7049939.jpg,gingivitis-1195-_jpg.rf.aa84539e53c5518500e04ec04e00697b.jpg,hflip,hflip,0.09874394265441046,57.666662153710575,336,185,336,185,1,1.8162162162162163,1.8162162162162163,619,18,18,1,17,17,0,0.9444444444444444,hflip,0.9444444444444444,hflip,gingivitis-1195-_jpg.rf.aa84539e53c5518500e04ec04e00697b.jpg,1,1,17,17,18,0,18,19,19,17,18,18,17,19,18,18,19,18,18,19,18
gingivitis-1420-_jpg.rf.414b9e6e75554d45200f79b29018e5ab.jpg,gingivitis-1160-_jpg.rf.1cb2cd68c6e0a953029db7e8a6d31d29.jpg,rot180,rot180,1.0727404600958064,85.38731847226371,612,410,612,410,1,1.4926829268292683,1.4926829268292683,620,11,11,1,10,10,0,0.9090909090909091,rot180,0.9090909090909091,vflip,gingivitis-106-_jpg.rf.3e3dc2c3421c92b5c1b09ac54910a982.jpg,0,0,8,8,10,0,9,11,12,10,11,11,9,11,11,10,11,11,10,12,11
gingivitis-1421-_jpg.rf.d0034d9d1ae7c85ab9f5a4d8b3f00da4.jpg,gingivitis-2196-_jpg.rf.312ee467211c9f0f274422e50a5421af.jpg,vflip,vflip,3.166499350962895,39.90743244901696,612,408,612,408,1,1.5,1.5,621,11,9,1,9,9,0,0.9,vflip,0.9,vflip,gingivitis-2196-_jpg.rf.312ee467211c9f0f274422e50a5421af.jpg,1,1,9,9,9,0,10,14,11,9,11,9,10,14,11,9,14,9,9,11,9
gingivitis-1424-_jpg.rf.31024d327aa2abfab62fdb6cadff5c3f.jpg,gingivitis-110-_jpg.rf.0d3e3312a4933caf240898e6580da296.jpg,vflip,vflip,0.16091664003160921,36.44116171600343,612,408,612,408,1,1.5,1.5,622,11,6,1,6,6,0,0.7058823529411764,vflip,0.7058823529411764,vflip,gingivitis-110-_jpg.rf.0d3e3312a4933caf240898e6580da296.jpg,1,1,6,6,6,0,9,10,11,6,11,6,9,10,11,5,10,6,6,11,6
gingivitis-1443-_jpg.rf.fde2943fba58f8a72bd6e1671d27830a.jpg,gingivitis-1183-_jpg.rf.98e46412380ff0eed8392de36c1094e1.jpg,rot180,rot180,1.3199310654644525,48.69534132840475,612,277,612,277,1,2.2093862815884475,2.2093862815884475,623,26,27,1,12,12,0,0.4528301886792453,rot180,0.4528301886792453,vflip,gingivitis-130-_jpg.rf.b51bff961a3cc8e19d416f49fbde97c8.jpg,0,0,14,14,26,0,8,14,21,12,26,27,9,14,26,8,14,27,18,21,27
gingivitis-1449-_jpg.rf.2633604cce0b7251bcbe9b6d16ef679d.jpg,gingivitis-136-_jpg.rf.01cc1dfc26215487cb74bf76c9228f27.jpg,vflip,vflip,0.12159673762713578,43.47450386102082,612,408,612,408,1,1.5,1.5,624,9,12,1,8,8,0,0.761904761904762,vflip,0.761904761904762,vflip,gingivitis-136-_jpg.rf.01cc1dfc26215487cb74bf76c9228f27.jpg,1,1,8,8,12,0,5,8,10,8,9,12,5,8,9,4,8,12,9,10,12
gingivitis-1451-_jpg.rf.14ef3f382184d000d4e142effa660b97.jpg,gingivitis-1191-_jpg.rf.06f8eae81f09f3c83e6cce9fe3961d0f.jpg,rot180,rot180,1.0502656146557046,34.354894688566574,612,408,612,408,1,1.5,1.5,625,6,12,1,5,5,0,0.5555555555555556,rot180,0.5555555555555556,rot180,gingivitis-1191-_jpg.rf.06f8eae81f09f3c83e6cce9fe3961d0f.jpg,1,1,5,5,12,0,10,11,17,5,6,12,4,11,6,9,11,12,11,17,12
gingivitis-148-_jpg.rf.7fef27efa310f3e814a37b68d735c005.jpg,gingivitis-1461-_jpg.rf.0cd88a9f7037b669667de815650ab07e.jpg,vflip,vflip,0.11790147088114508,47.72084041830668,612,408,612,408,1,1.5,1.5,626,5,7,1,3,3,0,0.5,vflip,0.5,vflip,gingivitis-1461-_jpg.rf.0cd88a9f7037b669667de815650ab07e.jpg,1,1,3,3,7,0,4,4,5,3,5,7,4,4,5,4,4,7,5,5,7
gingivitis-1483-_jpg.rf.6338e4be47b493f1e416c6495c988c73.jpg,gingivitis-2258-_jpg.rf.1c58a044d815ac4ef4546e45b761990c.jpg,vflip,vflip,3.675912009496759,67.34404410101094,612,408,612,408,1,1.5,1.5,30,6,2,1,2,2,0,0.5,vflip,0.5,vflip,gingivitis-2258-_jpg.rf.1c58a044d815ac4ef4546e45b761990c.jpg,1,1,2,2,2,0,3,9,3,2,6,2,5,9,6,2,9,2,2,3,2
gingivitis-1491-_jpg.rf.23f4aedca93abb03b45d966955ab577d.jpg,gingivitis-178-_jpg.rf.aedf9f68b948cbc14df9b2e4caf6817a.jpg,vflip,vflip,0.18652088103614567,49.48738384344002,612,408,612,408,1,1.5,1.5,31,21,13,1,5,5,0,0.2941176470588235,vflip,0.2941176470588235,vflip,gingivitis-178-_jpg.rf.aedf9f68b948cbc14df9b2e4caf6817a.jpg,1,1,5,5,13,0,12,17,19,5,21,13,13,17,21,3,17,13,5,19,13
gingivitis-1495-_jpg.rf.1f7a5ea22ba416307d89d6bc6761baf8.jpg,gingivitis-182-_jpg.rf.736ad4cc1f438e11eaadc60c046c485a.jpg,vflip,vflip,0.953084976106374,52.620763177734574,612,406,612,406,1,1.5073891625615763,1.5073891625615763,627,14,8,1,2,2,0,0.18181818181818182,vflip,0.18181818181818182,rot180,gingivitis-1235-_jpg.rf.5cc07d981b34709485689d3b91c98714.jpg,0,0,8,8,9,0,3,4,10,2,14,8,3,4,14,1,4,8,5,10,8
gingivitis-1519-_jpg.rf.d0c3f24585459eeee6eca34d62ef30b7.jpg,gingivitis-1259-_jpg.rf.fba4c9fe80b2c526b8b690f431c1a7b7.jpg,rot180,rot180,0.8322146218120735,70.80393225746799,612,408,612,408,1,1.5,1.5,34,7,7,1,7,6,0,0.8571428571428571,rot180,0.8571428571428571,rot180,gingivitis-1259-_jpg.rf.fba4c9fe80b2c526b8b690f431c1a7b7.jpg,1,1,7,6,7,0,3,5,5,6,7,7,4,5,7,3,5,7,5,5,7
gingivitis-1529-_jpg.rf.7fae8955f3d09596246b0acff33524aa.jpg,gingivitis-216-_jpg.rf.133631bd6bb94304450ac4965765e30b.jpg,vflip,vflip,0.20758328524353786,74.97421167155734,612,408,612,408,1,1.5,1.5,628,7,12,1,5,5,0,0.5263157894736842,vflip,0.5263157894736842,vflip,gingivitis-216-_jpg.rf.133631bd6bb94304450ac4965765e30b.jpg,1,1,5,5,12,0,5,6,9,5,7,12,4,6,7,3,6,12,9,9,12
gingivitis-1572-_jpg.rf.c04e5f90a4bda60757930cdacb5b2529.jpg,gingivitis-1312-_jpg.rf.e527fdddbee42d7a883fd191afff131e.jpg,rot180,rot180,1.0806060108040938,42.098728398126916,612,391,612,391,1,1.565217391304348,1.565217391304348,35,8,7,1,4,4,0,0.5333333333333333,rot180,0.5333333333333333,rot180,gingivitis-1312-_jpg.rf.e527fdddbee42d7a883fd191afff131e.jpg,1,1,4,4,7,0,0,0,6,4,8,7,0,0,8,0,0,7,5,6,7
gingivitis-162-_jpg.rf.f851385a6417356af78944f7fa7db11c.jpg,gingivitis-1215-_jpg.rf.25a08d89406934121bac0a4bded8be5b.jpg,hflip,hflip,0.9585447216475804,64.24709482712495,612,408,612,408,1,1.5,1.5,636,6,7,1,3,3,0,0.4615384615384615,hflip,0.4615384615384615,hflip,gingivitis-1215-_jpg.rf.25a08d89406934121bac0a4bded8be5b.jpg,1,1,3,3,7,0,5,5,7,3,6,7,2,5,6,5,5,7,6,7,7
gingivitis-164-_jpg.rf.ffffe7cd214c1ac12f77e0e35443de17.jpg,gingivitis-1217-_jpg.rf.308223abc669710755cec5c4ab15fba3.jpg,hflip,hflip,0.9620880434348577,26.57982230443521,612,408,612,408,1,1.5,1.5,639,15,20,1,7,7,0,0.4,hflip,0.4,hflip,gingivitis-1217-_jpg.rf.308223abc669710755cec5c4ab15fba3.jpg,1,1,7,7,20,0,20,20,23,7,15,20,9,20,15,18,20,20,18,23,20
gingivitis-17-_jpg.rf.abe68dfa78aaf3484716b78a63b78fc4.jpg,gingivitis-1331-_jpg.rf.7bf8c557f8150adb33b87ae4d31ec281.jpg,vflip,vflip,0.1777236432199582,62.22929240127733,612,408,612,408,1,1.5,1.5,646,10,10,1,7,7,0,0.7,vflip,0.7,vflip,gingivitis-1331-_jpg.rf.7bf8c557f8150adb33b87ae4d31ec281.jpg,1,1,7,7,10,0,9,10,11,7,10,10,8,10,10,9,10,10,10,11,10
gingivitis-172-_jpg.rf.54572a4de8f2412788385d5140bca336.jpg,gingivitis-1093-_jpg.rf.ec74dd338763ab47a46694717d33333c.jpg,hflip,hflip,1.0748506664081876,30.017062103643394,612,383,612,383,1,1.597911227154047,1.597911227154047,648,6,7,1,5,5,0,0.7692307692307692,hflip,0.7692307692307692,hflip,gingivitis-1093-_jpg.rf.ec74dd338763ab47a46694717d33333c.jpg,1,1,5,5,7,0,5,5,7,5,6,7,4,5,6,5,5,7,5,7,7
gingivitis-194-_jpg.rf.b70a2d53df24096479b369428a1927c4.jpg,gingivitis-1081-_jpg.rf.2d033d22e35c288b7970cb387802f410.jpg,hflip,hflip,0.9404900235382617,40.249807416561794,612,397,612,397,1,1.5415617128463477,1.5415617128463477,11,13,15,1,10,7,0,0.5,hflip,0.5,hflip,gingivitis-1081-_jpg.rf.2d033d22e35c288b7970cb387802f410.jpg,1,1,10,7,15,0,15,16,15,7,13,15,7,16,13,15,16,15,14,15,15
gingivitis-197-_jpg.rf.2dc990f827a6e157a03bb570d93353f5.jpg,gingivitis-1250-_jpg.rf.ef3aec787e1505c330b0201a0fff00f4.jpg,hflip,hflip,0.9115383149431378,44.18923105089226,612,550,612,550,1,1.1127272727272728,1.1127272727272728,670,10,13,1,8,8,0,0.6956521739130435,hflip,0.6956521739130435,hflip,gingivitis-1250-_jpg.rf.ef3aec787e1505c330b0201a0fff00f4.jpg,1,1,8,8,13,0,10,12,13,8,10,13,9,12,10,10,12,13,11,13,13
gingivitis-205-_jpg.rf.9615fc0a2e1a72bcb418bbb9b99d26ad.jpg,calculus-847-_jpg.rf.7e5fe07eeef7e13dda087fcb250fe909.jpg,vflip,vflip,0.8375149398154415,42.874033569476545,612,398,612,398,1,1.5376884422110553,1.5376884422110553,679,3,5,1,1,1,0,0.25,vflip,0.25,vflip,calculus-847-_jpg.rf.7e5fe07eeef7e13dda087fcb250fe909.jpg,1,1,1,1,5,0,5,6,5,1,3,5,1,6,3,5,6,5,5,5,5
gingivitis-206-_jpg.rf.4ea2ff6476be053f03b57f76df6b9d65.jpg,gingivitis-1259-_jpg.rf.fba4c9fe80b2c526b8b690f431c1a7b7.jpg,hflip,hflip,0.8320495889997708,55.13187246236114,612,408,612,408,1,1.5,1.5,34,1,7,1,1,1,0,0.25,hflip,0.25,hflip,gingivitis-1259-_jpg.rf.fba4c9fe80b2c526b8b690f431c1a7b7.jpg,1,1,1,1,7,0,5,5,5,1,1,7,1,5,1,5,5,7,5,5,7
gingivitis-21-_jpg.rf.62b265db32cf0521ac3545866bf7496d.jpg,gingivitis-1059-_jpg.rf.f785204e7b73ccf1c1751b30056e4ae1.jpg,hflip,hflip,0.8334238638976343,25.060288938179447,611,612,611,612,1,0.9983660130718954,0.9983660130718954,683,30,33,1,23,23,0,0.7301587301587302,hflip,0.7301587301587302,vflip,gingivitis-1335-_jpg.rf.193f99f432f0a96360406241392e68ac.jpg,0,0,22,22,42,0,27,32,38,23,30,33,25,32,30,26,32,33,28,38,33
gingivitis-210-_jpg.rf.62308790ba09ae512f5d13afede9a53d.jpg,gingivitis-1263-_jpg.rf.1e2a35846e593d4694f43dd8514dfef3.jpg,hflip,hflip,0.8965077781531304,34.65026792832752,612,411,612,411,1,1.489051094890511,1.489051094890511,36,5,6,1,3,0,0,0.0,identity,0.0,hflip,gingivitis-1263-_jpg.rf.1e2a35846e593d4694f43dd8514dfef3.jpg,1,1,3,0,6,0,6,6,6,0,5,6,0,6,5,6,6,6,6,6,6
gingivitis-2106-_jpg.rf.021b8e23bd98ed1d4f7bcf04091f8ae5.jpg,gingivitis-1328-_jpg.rf.f7a45cd90ab42d7bfd3012a295f72d8b.jpg,vflip,vflip,2.907874524963154,53.337471626583515,612,408,612,408,1,1.5,1.5,684,13,11,1,2,1,0,0.08333333333333334,vflip,0.08333333333333334,hflip,gingivitis-1052-_jpg.rf.2f43e07c66c8a73a3c5f391dc30dcbbe.jpg,0,0,2,2,8,0,6,11,10,1,13,11,4,11,13,7,11,11,8,10,11
gingivitis-2121-_jpg.rf.3a190e5d5fb23f223934396ab7cb4a66.jpg,gingivitis-1343-_jpg.rf.dab974008ca1d27b2b6d40bb504e5f7a.jpg,vflip,vflip,4.407056802243774,55.542180708814676,434,274,434,274,1,1.583941605839416,1.583941605839416,685,4,6,1,1,1,0,0.2,vflip,0.2,vflip,gingivitis-1343-_jpg.rf.dab974008ca1d27b2b6d40bb504e5f7a.jpg,1,1,1,1,6,0,2,6,5,1,4,6,3,6,4,3,6,6,3,5,6
gingivitis-2126-_jpg.rf.6efcf88cd751c5d3f76031980c5dedad.jpg,gingivitis-34-_jpg.rf.563bce0b8e31eb2a77d94f9037b2a893.jpg,identity,identity,3.416850263423355,3.416850263423355,378,270,378,270,1,1.4,1.4,686,12,3,1,3,3,0,0.4,identity,0.4,identity,gingivitis-34-_jpg.rf.563bce0b8e31eb2a77d94f9037b2a893.jpg,1,1,3,3,3,0,10,15,11,3,12,3,11,15,12,3,15,3,3,11,3
gingivitis-2134-_jpg.rf.c751e39ee306a0b626537f6636f46798.jpg,gingivitis-1356-_jpg.rf.f1813d1d7a0a1d1090b1e77e8bd7ade0.jpg,vflip,vflip,3.219247723957124,41.18458539870094,612,414,612,414,1,1.4782608695652173,1.4782608695652173,687,23,29,1,12,11,0,0.4230769230769231,vflip,0.4230769230769231,vflip,gingivitis-1356-_jpg.rf.f1813d1d7a0a1d1090b1e77e8bd7ade0.jpg,1,1,12,11,29,0,5,8,21,11,23,29,4,8,23,4,8,29,15,21,29
gingivitis-2139-_jpg.rf.1fa1836a9bf41ea9ac4fcdf80626fccb.jpg,gingivitis-1085-_jpg.rf.62426201f6a813bf411469a9698096d6.jpg,hflip,hflip,2.993378006475032,27.17182923236873,612,408,612,408,1,1.5,1.5,37,7,6,1,3,3,0,0.4615384615384615,hflip,0.4615384615384615,hflip,gingivitis-1085-_jpg.rf.62426201f6a813bf411469a9698096d6.jpg,1,1,3,3,6,0,6,7,7,3,7,6,4,7,7,4,7,6,5,7,6
gingivitis-2164-_jpg.rf.e9f452a38c673de50eb05326d384e1e3.jpg,gingivitis-1117-_jpg.rf.776de881ad0374f80bc7391854e00fc0.jpg,hflip,hflip,5.718643270861979,54.51429127193033,612,232,612,232,1,2.6379310344827585,2.6379310344827585,38,7,7,1,5,5,0,0.7142857142857143,hflip,0.7142857142857143,hflip,gingivitis-1117-_jpg.rf.776de881ad0374f80bc7391854e00fc0.jpg,1,1,5,5,7,0,7,9,7,5,7,7,5,9,7,7,9,7,6,7,7
gingivitis-2192-_jpg.rf.9c20a72b10400123b431c8622207fc89.jpg,gingivitis-10-_jpg.rf.dd3a4ccef95f7269c3c3fd58e1049ec8.jpg,identity,identity,2.5506765627445542,2.5506765627445542,612,408,612,408,1,1.5,1.5,688,14,12,1,12,12,0,0.923076923076923,identity,0.923076923076923,identity,gingivitis-10-_jpg.rf.dd3a4ccef95f7269c3c3fd58e1049ec8.jpg,1,1,12,12,12,0,12,17,14,12,14,12,13,17,14,11,17,12,12,14,12
gingivitis-2205-_jpg.rf.3587c5298aee346973102d99f2e20602.jpg,gingivitis-1170-_jpg.rf.e0b972fdf2d0f9d19f581ca78f7f7560.jpg,hflip,hflip,2.0990269904507244,56.542553566049094,612,390,612,390,1,1.5692307692307692,1.5692307692307692,689,7,8,1,2,2,0,0.26666666666666666,hflip,0.26666666666666666,hflip,gingivitis-1170-_jpg.rf.e0b972fdf2d0f9d19f581ca78f7f7560.jpg,1,1,2,2,8,0,2,15,9,2,7,8,5,15,7,5,15,8,4,9,8
gingivitis-2206-_jpg.rf.e736df2d7eb742ead8a6d49eb508cbbd.jpg,gingivitis-1431-_jpg.rf.243dc9ac4b618ebc323dd8e77e082f1f.jpg,vflip,vflip,3.005424681246968,55.778541956543215,612,499,612,499,1,1.2264529058116231,1.2264529058116231,690,7,7,1,5,5,0,0.7142857142857143,vflip,0.7142857142857143,hflip,gingivitis-1171-_jpg.rf.82b78aea7c8f8f66184791f3e3c7bba5.jpg,0,0,5,3,6,0,5,7,7,5,7,7,6,7,7,5,7,7,7,7,7
gingivitis-221-_jpg.rf.126284795d2c1c30f25733c7b714818e.jpg,gingivitis-1534-_jpg.rf.815bc0ed598730b022a0890883a730ba.jpg,vflip,vflip,0.13959037800941904,83.61669159857739,612,408,612,408,1,1.5,1.5,39,9,9,1,5,5,0,0.5555555555555556,vflip,0.5555555555555556,vflip,gingivitis-1534-_jpg.rf.815bc0ed598730b022a0890883a730ba.jpg,1,1,5,5,9,0,6,9,9,5,9,9,6,9,9,6,9,9,8,9,9
gingivitis-2212-_jpg.rf.870970e4572e2b40941959f3a5945b92.jpg,gingivitis-124-_jpg.rf.827de423c96c422071c4e97cc1203971.jpg,identity,identity,4.355747258472133,4.355747258472133,612,313,612,313,1,1.9552715654952078,1.9552715654952078,691,5,5,1,5,5,1,1.0,identity,1.0,identity,gingivitis-124-_jpg.rf.827de423c96c422071c4e97cc1203971.jpg,1,1,5,5,5,1,4,5,5,5,5,5,4,5,5,4,5,5,5,5,5
gingivitis-2216-_jpg.rf.d8bf0f8cb910da0231ef62e149c7823a.jpg,gingivitis-1181-_jpg.rf.a23734a97e25db4eb8a875deba121782.jpg,hflip,hflip,2.814709960739461,33.23151658377944,612,458,612,458,1,1.3362445414847162,1.3362445414847162,692,2,4,1,1,0,0,0.0,identity,0.0,hflip,gingivitis-1181-_jpg.rf.a23734a97e25db4eb8a875deba121782.jpg,1,1,1,0,4,0,2,3,5,0,2,4,1,3,2,0,3,4,0,5,4
gingivitis-2235-_jpg.rf.a5137618aa9f5ed606009f7e53608443.jpg,gingivitis-1200-_jpg.rf.c75c9b97477449221872885bfeb42e83.jpg,hflip,hflip,2.991703004182463,62.709423061631306,612,408,612,408,1,1.5,1.5,693,9,13,1,7,7,0,0.6363636363636364,hflip,0.6363636363636364,vflip,gingivitis-1460-_jpg.rf.b77fcb4bc830eecd94761442c3e07c84.jpg,0,0,6,6,10,0,7,10,8,7,9,13,6,10,9,9,10,13,8,8,13
gingivitis-2240-_jpg.rf.2fc4994443aacdf50a802dad12de7ea3.jpg,gingivitis-1205-_jpg.rf.45802621f4a1a66c5a52412d082fa704.jpg,hflip,hflip,2.767061883971257,33.92521858341693,612,406,612,406,1,1.5073891625615763,1.5073891625615763,694,18,13,1,12,12,0,0.7741935483870968,hflip,0.7741935483870968,hflip,gingivitis-1205-_jpg.rf.45802621f4a1a66c5a52412d082fa704.jpg,1,1,12,12,13,0,10,11,14,12,18,13,10,11,18,10,11,13,13,14,13
gingivitis-2268-_jpg.rf.fe502a940e2c14de41d88d08e885753c.jpg,gingivitis-1233-_jpg.rf.3f2d53e3436ce97d2c79d25b21c47b66.jpg,hflip,hflip,3.470917995072143,71.14241144562664,612,408,612,408,1,1.5,1.5,695,7,5,1,5,5,0,0.8333333333333333,hflip,0.8333333333333333,hflip,gingivitis-1233-_jpg.rf.3f2d53e3436ce97d2c79d25b21c47b66.jpg,1,1,5,5,5,0,2,4,3,5,7,5,2,4,7,2,4,5,3,3,5
gingivitis-2281-_jpg.rf.17881ef46fb187c9bf489b968b0e3362.jpg,gingivitis-193-_jpg.rf.c0a6b129b742383a3caa7f3f131ab08c.jpg,identity,identity,2.7853233426384945,2.7853233426384945,612,528,612,528,1,1.1590909090909092,1.1590909090909092,696,16,12,1,8,8,0,0.5714285714285715,identity,0.5714285714285715,identity,gingivitis-193-_jpg.rf.c0a6b129b742383a3caa7f3f131ab08c.jpg,1,1,8,8,12,0,12,17,14,8,16,12,13,17,16,8,17,12,8,14,12
gingivitis-2295-_jpg.rf.8d6d0d04e02696811d1249f694779b4c.jpg,gingivitis-1520-_jpg.rf.abfa95b8df6f82c68bfc31605b4e70cf.jpg,vflip,vflip,3.403673229773699,96.41393272416515,612,490,612,490,1,1.2489795918367348,1.2489795918367348,697,10,10,1,7,7,0,0.7,vflip,0.7,vflip,gingivitis-1520-_jpg.rf.abfa95b8df6f82c68bfc31605b4e70cf.jpg,1,1,7,7,10,0,7,9,11,7,10,10,6,9,10,7,9,10,10,11,10
gingivitis-2296-_jpg.rf.b8606655520057c5754a3b16524718cd.jpg,gingivitis-208-_jpg.rf.c506855a11c89f101b9af2d328b67d31.jpg,identity,identity,2.9798287320684955,2.9798287320684955,612,408,612,408,1,1.5,1.5,698,10,7,1,7,7,0,0.8235294117647058,identity,0.8235294117647058,identity,gingivitis-208-_jpg.rf.c506855a11c89f101b9af2d328b67d31.jpg,1,1,7,7,7,0,7,7,8,7,10,7,7,7,10,7,7,7,7,8,7
gingivitis-2298-_jpg.rf.de675d5f1bbf5a4a0eac8b1ebd5b77d8.jpg,gingivitis-1263-_jpg.rf.1e2a35846e593d4694f43dd8514dfef3.jpg,hflip,hflip,2.4848325296074405,34.97757831092756,612,411,612,411,1,1.489051094890511,1.489051094890511,36,6,6,1,6,6,1,1.0,hflip,1.0,hflip,gingivitis-1263-_jpg.rf.1e2a35846e593d4694f43dd8514dfef3.jpg,1,1,6,6,6,1,6,6,6,6,6,6,6,6,6,6,6,6,6,6,6
gingivitis-230-_jpg.rf.963d0ab371ad8b788fcf0e9e0049873d.jpg,gingivitis-1099-_jpg.rf.2a1af2f151e84a08fa6f5dec1b8a6ea2.jpg,hflip,hflip,1.077544567487524,29.652946585642,612,323,612,323,1,1.894736842105263,1.894736842105263,699,2,3,1,2,2,0,0.8,identity,0.8,hflip,gingivitis-1099-_jpg.rf.2a1af2f151e84a08fa6f5dec1b8a6ea2.jpg,1,1,2,2,3,0,4,6,5,2,2,3,2,6,2,3,6,3,3,5,3
gingivitis-2309-_jpg.rf.1ab5ca076dc3d522348074a47f87e9f6.jpg,gingivitis-1274-_jpg.rf.9afc289b93dc82854175e540a71f45ae.jpg,hflip,hflip,5.550234183104771,47.210515554595084,612,408,612,408,1,1.5,1.5,39,8,9,1,6,6,0,0.7058823529411765,hflip,0.7058823529411765,hflip,gingivitis-1274-_jpg.rf.9afc289b93dc82854175e540a71f45ae.jpg,1,1,6,6,9,0,2,3,8,6,8,9,2,3,8,2,3,9,8,8,9
gingivitis-2330-_jpg.rf.aeeebb91a42a04dde7fbb257a33cce01.jpg,gingivitis-1295-_jpg.rf.2a33ff062768c8856bde8eb6aaa78dc3.jpg,hflip,hflip,2.1338031410433724,50.208630741657835,612,408,612,408,1,1.5,1.5,700,7,6,1,3,3,0,0.4615384615384615,hflip,0.4615384615384615,identity,gingivitis-242-_jpg.rf.4056eb5076b7f0a0012ecf85a560a099.jpg,0,0,6,6,7,0,2,3,6,3,7,6,2,3,7,2,3,6,4,6,6
gingivitis-2342-_jpg.rf.9757b74aa5f6f8ef5f370d36366f7c7f.jpg,gingivitis-1567-_jpg.rf.60598a789bf5e83b7ab0cc9eff31c94c.jpg,vflip,vflip,3.8095271292172455,61.80553715661545,612,396,612,396,1,1.5454545454545454,1.5454545454545454,32,12,16,1,11,11,0,0.7857142857142857,vflip,0.7857142857142857,vflip,gingivitis-1567-_jpg.rf.60598a789bf5e83b7ab0cc9eff31c94c.jpg,1,1,11,11,16,0,9,11,16,11,12,16,10,11,12,9,11,16,16,16,16
gingivitis-2347-_jpg.rf.ca57bf7e674aa19b9d460a9317be2120.jpg,gingivitis-259-_jpg.rf.c0187089d8e9ed181378e4835cb7a283.jpg,identity,identity,2.5775833948151052,2.5775833948151052,612,391,612,391,1,1.565217391304348,1.565217391304348,35,6,6,1,4,4,0,0.6666666666666666,identity,0.6666666666666666,identity,gingivitis-259-_jpg.rf.c0187089d8e9ed181378e4835cb7a283.jpg,1,1,4,4,6,0,3,4,7,4,6,6,2,4,6,3,4,6,6,7,6
gingivitis-2348-_jpg.rf.0f068a7a1707bb61b48e26009af0bdbf.jpg,gingivitis-1573-_jpg.rf.cf007e22155de57a2393cf54c1de0a0e.jpg,vflip,vflip,3.2377440371646604,47.56225377343665,612,408,612,408,1,1.5,1.5,701,19,19,1,16,13,0,0.6842105263157895,vflip,0.6842105263157895,vflip,gingivitis-1573-_jpg.rf.cf007e22155de57a2393cf54c1de0a0e.jpg,1,1,16,13,19,0,11,24,16,13,19,19,16,24,19,13,24,19,16,16,19
gingivitis-26-_jpg.rf.82b51b148b0c43752787c959e31dfe05.jpg,gingivitis-1340-_jpg.rf.72d5931bc182f78bb90cff73256191d5.jpg,vflip,vflip,1.4033824930769943,49.84783547617847,578,295,578,295,1,1.959322033898305,1.959322033898305,702,21,26,1,7,7,0,0.2978723404255319,vflip,0.2978723404255319,hflip,gingivitis-1064-_jpg.rf.0cfa21669fdc9c1d30600d04410a65fc.jpg,0,0,10,10,28,0,10,16,25,7,21,26,9,16,21,4,16,26,17,25,26
gingivitis-28-_jpg.rf.ed90cab481c93dcb9bd95cdbea35d17b.jpg,gingivitis-1066-_jpg.rf.5cea28096078a635b8748da863817400.jpg,hflip,hflip,1.4405432291055604,27.089834456108715,347,252,347,252,1,1.376984126984127,1.376984126984127,704,4,6,1,2,2,0,0.4,identity,0.4,hflip,gingivitis-1066-_jpg.rf.5cea28096078a635b8748da863817400.jpg,1,1,2,2,6,0,10,13,10,2,4,6,3,13,4,3,13,6,3,10,6
gingivitis-31-_jpg.rf.865f542266a21b73e7036ab4fca2d2f9.jpg,gingivitis-1345-_jpg.rf.961225c32b06699d7422d95099ccaed2.jpg,vflip,vflip,1.7485389059623644,48.92644211130519,321,158,321,158,1,2.0316455696202533,2.0316455696202533,711,2,2,1,2,2,1,1.0,vflip,1.0,vflip,gingivitis-1345-_jpg.rf.961225c32b06699d7422d95099ccaed2.jpg,1,1,2,2,2,1,0,2,0,2,2,2,1,2,2,1,2,2,0,0,2
gingivitis-47-_jpg.rf.0446ed73aa5e4e9ca923d3f0e2ea6ad2.jpg,gingivitis-1361-_jpg.rf.3efdbd9305c707d67f1c421d1114906e.jpg,vflip,vflip,0.13344289728545877,33.10911300001045,612,408,612,408,1,1.5,1.5,37,6,7,1,4,4,0,0.6153846153846153,vflip,0.6153846153846153,vflip,gingivitis-1361-_jpg.rf.3efdbd9305c707d67f1c421d1114906e.jpg,1,1,4,4,7,0,5,7,8,4,6,7,3,7,6,5,7,7,7,8,7
gingivitis-49-_jpg.rf.fa3ad231a0e96067d385367033c5dfa4.jpg,gingivitis-2141-_jpg.rf.d87db803212a60438eab34775db1425d.jpg,identity,identity,3.4856206608868905,3.4856206608868905,612,408,612,408,1,1.5,1.5,726,9,9,1,4,4,0,0.4444444444444444,identity,0.4444444444444444,identity,gingivitis-2141-_jpg.rf.d87db803212a60438eab34775db1425d.jpg,1,1,4,4,9,0,7,7,9,4,9,9,6,7,9,7,7,9,9,9,9
gingivitis-51-_jpg.rf.663e953dda3d7c898d2a33dd309d8eaf.jpg,gingivitis-1365-_jpg.rf.a8e7652a87b8ed0124cda72e1d937534.jpg,vflip,vflip,0.11548238671167564,39.50427338867021,612,408,612,408,1,1.5,1.5,727,8,7,1,7,7,0,0.9333333333333333,vflip,0.9333333333333333,vflip,gingivitis-1365-_jpg.rf.a8e7652a87b8ed0124cda72e1d937534.jpg,1,1,7,7,7,0,8,8,8,7,8,7,8,8,8,7,8,7,7,8,7
gingivitis-53-_jpg.rf.da0e557122269772ffc5309e3588df2a.jpg,gingivitis-1091-_jpg.rf.4091d7c877399f6ecab0c39387f2a857.jpg,hflip,hflip,0.9647646728728397,45.81675594279969,612,408,612,408,1,1.5,1.5,33,9,11,1,9,9,0,0.9,hflip,0.9,hflip,gingivitis-1091-_jpg.rf.4091d7c877399f6ecab0c39387f2a857.jpg,1,1,9,9,11,0,9,9,11,9,9,11,9,9,9,9,9,11,10,11,11
gingivitis-72-_jpg.rf.fb08f68801b5e601cf2b8abf021f6c2e.jpg,gingivitis-1117-_jpg.rf.776de881ad0374f80bc7391854e00fc0.jpg,hflip,hflip,1.2484731886325693,53.721424828421135,612,232,612,232,1,2.6379310344827585,2.6379310344827585,38,5,7,1,3,3,0,0.5,hflip,0.5,hflip,gingivitis-1117-_jpg.rf.776de881ad0374f80bc7391854e00fc0.jpg,1,1,3,3,7,0,7,7,7,3,5,7,5,7,5,7,7,7,6,7,7
hypodontia-109-_jpg.rf.bebef140f35ec10992b886d763fd07b0.jpg,hypodontia-804-_jpg.rf.8621683b230e9d3105f89860f267b02b.jpg,vflip,vflip,2.460813488938922,82.54972515279948,261,193,261,193,1,1.3523316062176165,1.3523316062176165,783,6,6,1,6,6,1,1.0,vflip,1.0,vflip,hypodontia-804-_jpg.rf.8621683b230e9d3105f89860f267b02b.jpg,1,1,6,6,6,1,6,7,6,6,6,6,6,7,6,6,7,6,6,6,6
hypodontia-1114-_JPG.rf.a42c08df9512af73609d4effbca32703.jpg,hypodontia-697-_JPG.rf.05ad665b48ee04d3034325ee52c71747.jpg,vflip,vflip,7.870627506352337,40.0290928898956,202,88,202,88,1,2.2954545454545454,2.2954545454545454,786,3,3,1,2,2,0,0.6666666666666666,vflip,0.6666666666666666,identity,hypodontia-2-_JPG.rf.19101da5c1d533e9241a72c780cd7e1c.jpg,0,0,2,2,3,0,3,3,3,2,3,3,2,3,3,3,3,3,3,3,3
hypodontia-1119-_JPG.rf.2cc48a8786609c37e93ec6398ec62157.jpg,hypodontia-7-_JPG.rf.e93862d877f4feea90a76ca910cf4732.jpg,identity,identity,5.169372506346877,5.169372506346877,268,116,268,116,1,2.310344827586207,2.310344827586207,40,1,1,1,1,1,1,1.0,identity,1.0,hflip,hypodontia-563-_JPG.rf.3e4048d61970f69e30756b56862599b7.jpg,0,0,1,1,1,1,1,1,1,1,1,1,0,1,1,0,1,1,1,1,1
hypodontia-1121-_JPG.rf.cb9dec9281375c847251f16b4d591eba.jpg,hypodontia-9-_JPG.rf.8dc8421a1bbaa226d13dadea3c21518b.jpg,identity,identity,5.957284830668326,5.957284830668326,271,94,271,94,1,2.882978723404255,2.882978723404255,787,2,2,1,2,2,1,1.0,identity,1.0,identity,hypodontia-9-_JPG.rf.8dc8421a1bbaa226d13dadea3c21518b.jpg,1,1,2,2,2,1,3,3,3,2,2,2,2,3,2,2,3,2,2,3,2
hypodontia-1149-_JPG.rf.8e616af798fcacc64d25e32ea3adaa47.jpg,hypodontia-37-_JPG.rf.dae2ddadd9edea4b37dd11c0cba39698.jpg,identity,identity,6.788038661651119,6.788038661651119,227,69,227,69,1,3.289855072463768,3.289855072463768,788,4,5,1,0,0,0,0.22222222222222224,rot180,0.0,identity,hypodontia-37-_JPG.rf.dae2ddadd9edea4b37dd11c0cba39698.jpg,1,1,0,0,5,0,1,3,4,0,4,5,1,3,4,1,3,5,2,4,5
hypodontia-1161-_JPG.rf.dc1fcda4f206a2cba31b4b68bbc81142.jpg,hypodontia-605-_JPG.rf.d5dec4b251d033e073dd6b7e3de491e9.jpg,hflip,hflip,9.35637146610366,68.96198828961809,203,78,203,78,1,2.6025641025641026,2.6025641025641026,2,1,1,1,1,1,1,1.0,hflip,1.0,hflip,hypodontia-605-_JPG.rf.d5dec4b251d033e073dd6b7e3de491e9.jpg,1,1,1,1,1,1,1,3,1,1,1,1,1,3,1,1,3,1,1,1,1
hypodontia-1162-_JPG.rf.d62dcac78b8341469407021e4ebcd718.jpg,hypodontia-606-_JPG.rf.d279d7d2e5251690633795671d3eb8fe.jpg,hflip,hflip,6.898039342983175,48.814426515979726,254,71,254,71,1,3.5774647887323945,3.5774647887323945,789,1,1,1,0,0,0,0.0,identity,0.0,hflip,hypodontia-606-_JPG.rf.d279d7d2e5251690633795671d3eb8fe.jpg,1,1,0,0,1,0,0,1,1,0,1,1,0,1,1,0,1,1,1,1,1
hypodontia-1173-_JPG.rf.9d97e75b8bb1f91c12ac6b7d34101ef5.jpg,hypodontia-61-_JPG.rf.b69d29b93eb22a17323bd268fdbb5386.jpg,identity,identity,3.311297504319021,3.311297504319021,415,196,415,196,1,2.11734693877551,2.11734693877551,3,1,1,1,1,1,1,1.0,identity,1.0,identity,hypodontia-61-_JPG.rf.b69d29b93eb22a17323bd268fdbb5386.jpg,1,1,1,1,1,1,1,1,1,1,1,1,1,1,1,1,1,1,1,1,1
hypodontia-1185-_JPG.rf.43bfe9610e4e8a9825437428233e1dc7.jpg,hypodontia-629-_JPG.rf.d4068e9c7dcdafff9443a4ace72558a1.jpg,hflip,hflip,6.013677901202729,81.51139620808854,345,180,345,180,1,1.9166666666666667,1.9166666666666667,790,2,2,1,2,2,1,1.0,hflip,1.0,vflip,hypodontia-768-_JPG.rf.b8f400c1885f430d455d1343f9ddd694.jpg,0,0,2,2,2,1,2,2,2,2,2,2,2,2,2,2,2,2,2,2,2
hypodontia-1187-_JPG.rf.458ea78f48f188d603a311b145792253.jpg,hypodontia-770-_JPG.rf.7b6c1d9bf5a7e7116b7f05383fc817c7.jpg,vflip,vflip,3.2662300388968606,41.35913906743483,468,278,468,278,1,1.683453237410072,1.683453237410072,791,3,3,1,2,2,0,0.6666666666666666,vflip,0.6666666666666666,vflip,hypodontia-770-_JPG.rf.7b6c1d9bf5a7e7116b7f05383fc817c7.jpg,1,1,2,2,3,0,1,4,4,2,3,3,2,4,3,1,4,3,3,4,3
hypodontia-119-_jpg.rf.7d1750cd201de86de6e6ece121db24bc.jpg,hypodontia-814-_jpg.rf.4e89f16c5c214d10242363c22dd1c2d7.jpg,vflip,vflip,0.06139153767774106,51.6975579398896,612,408,612,408,1,1.5,1.5,792,1,1,1,1,1,1,1.0,identity,1.0,vflip,hypodontia-814-_jpg.rf.4e89f16c5c214d10242363c22dd1c2d7.jpg,1,1,1,1,1,1,1,1,1,1,1,1,1,1,1,1,1,1,1,1,1
hypodontia-1193-_jpg.rf.957de2342c0bb39864f782b9349df8d4.jpg,hypodontia-81-_jpg.rf.e420370f7928b84d414193495cf1cec3.jpg,identity,identity,1.7410266241659509,1.7410266241659509,612,363,612,363,1,1.6859504132231404,1.6859504132231404,793,3,3,1,3,3,1,1.0,identity,1.0,identity,hypodontia-81-_jpg.rf.e420370f7928b84d414193495cf1cec3.jpg,1,1,3,3,3,1,3,3,3,3,3,3,3,3,3,3,3,3,3,3,3
hypodontia-1211-_JPG.rf.d941821df69ee8ef36efbda3713fb368.jpg,hypodontia-99-_JPG.rf.b8629193c80ef610f36caf3e25b82801.jpg,identity,identity,3.7572338269361727,3.7572338269361727,360,184,360,184,1,1.9565217391304348,1.9565217391304348,41,1,1,1,1,1,1,1.0,identity,1.0,identity,hypodontia-99-_JPG.rf.b8629193c80ef610f36caf3e25b82801.jpg,1,1,1,1,1,1,1,1,1,1,1,1,1,1,1,1,1,1,1,1,1
hypodontia-1218-_jpg.rf.d573e6b73ac33733372236cde79a10d6.jpg,hypodontia-662-_jpg.rf.a5b0550a6aeada3a44faa00dd9a2d245.jpg,hflip,hflip,10.530704472842068,42.80407774564561,276,182,276,182,1,1.5164835164835164,1.5164835164835164,794,5,4,1,3,3,0,0.6666666666666665,hflip,0.6666666666666665,hflip,hypodontia-662-_jpg.rf.a5b0550a6aeada3a44faa00dd9a2d245.jpg,1,1,3,3,4,0,4,5,4,3,5,4,4,5,5,4,5,4,4,4,4
hypodontia-1222-_jpg.rf.c17bfc09852f077846d69eebe2bd8c55.jpg,hypodontia-110-_jpg.rf.1e955c977907e23d03408773ebe0c981.jpg,identity,identity,5.295013730875138,5.295013730875138,275,183,275,183,1,1.5027322404371584,1.5027322404371584,795,4,2,1,2,2,0,0.6666666666666666,identity,0.6666666666666666,hflip,hypodontia-666-_jpg.rf.7ea73ecab83bbc5b52ceaf30db1441cf.jpg,0,0,2,2,2,0,3,3,4,2,4,2,2,3,4,1,3,2,2,4,2
hypodontia-1223-_jpg.rf.fda749e5f8e63918c049c68f08a07660.jpg,hypodontia-667-_jpg.rf.8cfb1e46bf781c40002f632135091c3e.jpg,hflip,hflip,5.446434660646845,33.61159931875674,219,230,219,230,1,0.9521739130434783,0.9521739130434783,796,4,4,1,4,4,1,1.0,hflip,1.0,hflip,hypodontia-667-_jpg.rf.8cfb1e46bf781c40002f632135091c3e.jpg,1,1,4,4,4,1,1,2,3,4,4,4,1,2,4,1,2,4,3,3,4
hypodontia-1228-_jpg.rf.f5401387e621ed5827b6dbb60a6c85f5.jpg,hypodontia-672-_jpg.rf.5814c8f668116575ff9a9402ecee3697.jpg,hflip,hflip,2.9206710211640043,44.86917339953587,612,352,612,352,1,1.7386363636363635,1.7386363636363635,797,1,1,1,1,1,1,1.0,identity,1.0,vflip,hypodontia-811-_jpg.rf.4049903239db696173fe8948ae8768df.jpg,0,0,1,1,1,1,1,1,1,1,1,1,1,1,1,1,1,1,1,1,1
hypodontia-1243-_JPG.rf.13958425d7d5a358a50eb25cfb940710.jpg,hypodontia-687-_JPG.rf.ade5d07b788606543f7ba48d92275b6a.jpg,hflip,hflip,5.991809340658687,79.25308240798583,299,189,299,189,1,1.582010582010582,1.582010582010582,798,4,4,1,4,4,1,1.0,hflip,1.0,hflip,hypodontia-687-_JPG.rf.ade5d07b788606543f7ba48d92275b6a.jpg,1,1,4,4,4,1,4,4,4,4,4,4,4,4,4,4,4,4,4,4,4
hypodontia-1244-_jpg.rf.9c40094d5b7b52660a4614340bea8b57.jpg,hypodontia-688-_jpg.rf.e09f5cad0d719ce66701ca121074c094.jpg,hflip,hflip,2.7099832839731803,47.113445130197526,612,408,612,408,1,1.5,1.5,42,2,2,1,2,2,1,1.0,hflip,1.0,hflip,hypodontia-688-_jpg.rf.e09f5cad0d719ce66701ca121074c094.jpg,1,1,2,2,2,1,2,2,2,2,2,2,2,2,2,2,2,2,2,2,2
hypodontia-132-_jpg.rf.9d9981a0dba9f70e43f2b16d0f13ae36.jpg,hypodontia-688-_jpg.rf.e09f5cad0d719ce66701ca121074c094.jpg,hflip,hflip,0.9337898591099405,46.803089535451356,612,408,612,408,1,1.5,1.5,42,2,2,1,2,2,1,1.0,hflip,1.0,hflip,hypodontia-688-_jpg.rf.e09f5cad0d719ce66701ca121074c094.jpg,1,1,2,2,2,1,2,2,2,2,2,2,2,2,2,2,2,2,2,2,2
hypodontia-133-_jpg.rf.07d42748e2286efb090174bc6542512d.jpg,hypodontia-828-_jpg.rf.25af0766846bba55ea08e0e3fcc4e4f3.jpg,vflip,vflip,0.060766989008218926,73.01213808915344,612,408,612,408,1,1.5,1.5,799,1,3,1,0,0,0,0.0,identity,0.0,vflip,hypodontia-828-_jpg.rf.25af0766846bba55ea08e0e3fcc4e4f3.jpg,1,1,0,0,3,0,2,3,2,0,1,3,1,3,1,0,3,3,1,2,3
hypodontia-135-_jpg.rf.e93060c54d334d246b10cee045464800.jpg,hypodontia-830-_jpg.rf.046c0f6d8502694a904dc2d9a8bd30b4.jpg,vflip,vflip,0.050328510651270024,45.50482521042841,612,408,612,408,1,1.5,1.5,800,3,2,1,2,2,0,0.8,vflip,0.8,vflip,hypodontia-830-_jpg.rf.046c0f6d8502694a904dc2d9a8bd30b4.jpg,1,1,2,2,2,0,2,3,2,2,3,2,3,3,3,2,3,2,2,2,2
hypodontia-16-_JPG.rf.f32bbd45d206e5de5d902d09cfdbd901.jpg,hypodontia-711-_JPG.rf.fb460346d3c038d8d7298237fb8cbc28.jpg,vflip,vflip,2.393396703081274,61.69027193560795,333,92,333,92,1,3.619565217391304,3.619565217391304,43,2,2,1,2,2,1,1.0,vflip,1.0,vflip,hypodontia-711-_JPG.rf.fb460346d3c038d8d7298237fb8cbc28.jpg,1,1,2,2,2,1,2,4,2,2,2,2,2,4,2,2,4,2,2,2,2
hypodontia-23-_JPG.rf.54a2ff3b8ff40d054cb5b690c7e01b3c.jpg,hypodontia-718-_JPG.rf.9cce7cd85f4d8540a3beba26c32a5b07.jpg,vflip,vflip,2.040394081498106,92.66231041784279,153,55,153,55,1,2.7818181818181817,2.7818181818181817,44,1,2,1,0,0,0,0.0,identity,0.0,vflip,hypodontia-718-_JPG.rf.9cce7cd85f4d8540a3beba26c32a5b07.jpg,1,1,0,0,2,0,2,2,2,0,1,2,0,2,1,2,2,2,2,2,2
hypodontia-30-_JPG.rf.5dd87faf05ed72e998642e6c501f0e34.jpg,hypodontia-586-_JPG.rf.fbbb743d4b176585103f01c8238bf8cd.jpg,hflip,hflip,2.1978618982611544,66.14487047671089,294,58,294,58,1,5.068965517241379,5.068965517241379,820,2,1,1,1,1,0,0.6666666666666666,hflip,0.6666666666666666,hflip,hypodontia-586-_JPG.rf.fbbb743d4b176585103f01c8238bf8cd.jpg,1,1,1,1,1,0,3,3,4,1,2,1,2,3,2,1,3,1,1,4,1
hypodontia-35-_JPG.rf.49b797b874fef284677b1b507d40de67.jpg,hypodontia-1147-_JPG.rf.c21f9d41fb1449edd42eb47fdd0bd50c.jpg,identity,identity,7.032760254471569,7.032760254471569,275,129,275,129,1,2.131782945736434,2.131782945736434,46,1,2,1,1,1,0,0.6666666666666666,identity,0.6666666666666666,identity,hypodontia-1147-_JPG.rf.c21f9d41fb1449edd42eb47fdd0bd50c.jpg,1,1,1,1,2,0,1,1,2,1,1,2,1,1,1,1,1,2,2,2,2
hypodontia-38-_JPG.rf.7fc395053b2299173d43f056c29ae222.jpg,hypodontia-733-_JPG.rf.f9c27d5b3da6a90d4da9588f49c14700.jpg,vflip,vflip,1.963064552306785,68.5616386032588,251,67,251,67,1,3.746268656716418,3.746268656716418,47,3,3,1,0,0,0,0.0,identity,0.0,vflip,hypodontia-733-_JPG.rf.f9c27d5b3da6a90d4da9588f49c14700.jpg,1,1,0,0,3,0,1,3,3,0,3,3,3,3,3,0,3,3,3,3,3
hypodontia-42-_JPG.rf.059aed5b8810981fcf7a8d28fc86127d.jpg,hypodontia-737-_JPG.rf.1ecac3b7b49256a5df03919b4090569b.jpg,vflip,vflip,1.9837789766806968,50.72064397240621,217,89,217,89,1,2.438202247191011,2.438202247191011,841,4,4,1,3,3,0,0.75,vflip,0.75,vflip,hypodontia-737-_JPG.rf.1ecac3b7b49256a5df03919b4090569b.jpg,1,1,3,3,4,0,3,4,5,3,4,4,4,4,4,3,4,4,4,5,4
hypodontia-49-_JPG.rf.506db07011d2775b8e629d2824ceaeed.jpg,hypodontia-605-_JPG.rf.d5dec4b251d033e073dd6b7e3de491e9.jpg,hflip,hflip,3.054227906602379,68.05437718761763,203,78,203,78,1,2.6025641025641026,2.6025641025641026,2,2,1,1,0,0,0,0.0,identity,0.0,hflip,hypodontia-605-_JPG.rf.d5dec4b251d033e073dd6b7e3de491e9.jpg,1,1,0,0,1,0,1,2,1,0,2,1,0,2,2,1,2,1,1,1,1
hypodontia-562-_JPG.rf.3a51b2409d09b09c09ae743bd56f091f.jpg,hypodontia-6-_JPG.rf.b98291fc33a9e77c9445e92484e9f60c.jpg,hflip,hflip,1.5184965950504095,34.3696238249725,330,125,330,125,1,2.64,2.64,48,1,2,1,0,0,0,0.0,identity,0.0,hflip,hypodontia-6-_JPG.rf.b98291fc33a9e77c9445e92484e9f60c.jpg,1,1,0,0,2,0,2,2,2,0,1,2,0,2,1,2,2,2,2,2,2
hypodontia-566-_JPG.rf.78f39a0e2d740c9135fd85aa54e55e80.jpg,hypodontia-10-_JPG.rf.839c14370298e87d7f79f81dd41a25d1.jpg,hflip,hflip,2.5987045582096044,48.410676796856364,171,65,171,65,1,2.6307692307692307,2.6307692307692307,49,1,1,1,1,1,1,1.0,hflip,1.0,hflip,hypodontia-10-_JPG.rf.839c14370298e87d7f79f81dd41a25d1.jpg,1,1,1,1,1,1,1,1,1,1,1,1,1,1,1,1,1,1,1,1,1
hypodontia-567-_JPG.rf.c3a3aa16b65504ec3fdcf76ad39fc440.jpg,hypodontia-11-_JPG.rf.e10c47efdf4eaf6baf174cce110746c5.jpg,hflip,hflip,1.9832404790775027,31.278761910524423,243,82,243,82,1,2.9634146341463414,2.9634146341463414,856,1,1,1,1,1,1,1.0,hflip,1.0,hflip,hypodontia-11-_JPG.rf.e10c47efdf4eaf6baf174cce110746c5.jpg,1,1,1,1,1,1,1,1,1,1,1,1,1,1,1,1,1,1,1,1,1
hypodontia-572-_JPG.rf.ad7fa57289d5a52b8b567e728c632d1d.jpg,hypodontia-711-_JPG.rf.fb460346d3c038d8d7298237fb8cbc28.jpg,rot180,rot180,2.7002756613836554,77.32767499853277,333,92,333,92,1,3.619565217391304,3.619565217391304,43,2,2,1,2,2,1,1.0,rot180,1.0,rot180,hypodontia-711-_JPG.rf.fb460346d3c038d8d7298237fb8cbc28.jpg,1,1,2,2,2,1,2,3,2,2,2,2,2,3,2,2,3,2,2,2,2
hypodontia-577-_JPG.rf.ed23d9c93c3c7faf3372b3106ff1fa3f.jpg,hypodontia-1133-_JPG.rf.4b6ed9bd41a9b3dfb44d7690a408d30b.jpg,hflip,hflip,4.843312102181794,63.20864951906058,272,90,272,90,1,3.022222222222222,3.022222222222222,857,1,3,1,1,1,0,0.5,hflip,0.5,hflip,hypodontia-1133-_JPG.rf.4b6ed9bd41a9b3dfb44d7690a408d30b.jpg,1,1,1,1,3,0,1,2,3,1,1,3,1,2,1,1,2,3,3,3,3
hypodontia-579-_JPG.rf.39c3f8333f486b5718fcc623d443dffb.jpg,hypodontia-718-_JPG.rf.9cce7cd85f4d8540a3beba26c32a5b07.jpg,rot180,rot180,2.356948514250603,114.11606311381279,153,55,153,55,1,2.7818181818181817,2.7818181818181817,44,2,2,1,2,2,1,1.0,vflip,1.0,rot180,hypodontia-718-_JPG.rf.9cce7cd85f4d8540a3beba26c32a5b07.jpg,1,1,2,2,2,1,2,2,2,2,2,2,2,2,2,2,2,2,2,2,2
hypodontia-592-_JPG.rf.3e8567138efc43d0cb16e9b8b7898dd6.jpg,hypodontia-36-_JPG.rf.3043c55f16892126700da24a4282825b.jpg,hflip,hflip,2.0216872256314153,77.12125450696789,250,97,250,97,1,2.577319587628866,2.577319587628866,858,3,2,1,0,0,0,0.0,identity,0.0,hflip,hypodontia-36-_JPG.rf.3043c55f16892126700da24a4282825b.jpg,1,1,0,0,2,0,3,4,3,0,3,2,3,4,3,1,4,2,1,3,2
hypodontia-594-_JPG.rf.a7eeeb27563aeaba1cf8c668a82cdf23.jpg,hypodontia-733-_JPG.rf.f9c27d5b3da6a90d4da9588f49c14700.jpg,rot180,rot180,2.2410541288417014,76.88749491555599,251,67,251,67,1,3.746268656716418,3.746268656716418,47,3,3,1,0,0,0,0.0,identity,0.0,rot180,hypodontia-733-_JPG.rf.f9c27d5b3da6a90d4da9588f49c14700.jpg,1,1,0,0,3,0,2,3,3,0,3,3,3,3,3,1,3,3,3,3,3
hypodontia-60-_JPG.rf.a49a0d80da2531a124608343a2eb7614.jpg,hypodontia-755-_JPG.rf.41d71dc1b7181b59058d2de00be89e9b.jpg,vflip,vflip,2.908464797873399,70.56210189179934,211,78,211,78,1,2.7051282051282053,2.7051282051282053,859,2,1,1,0,0,0,0.0,identity,0.0,vflip,hypodontia-755-_JPG.rf.41d71dc1b7181b59058d2de00be89e9b.jpg,1,1,0,0,1,0,2,4,2,0,2,1,2,4,2,0,4,1,0,2,1
hypodontia-617-_JPG.rf.7da0d2daa0381c64e86a119032afe7de.jpg,hypodontia-61-_JPG.rf.b69d29b93eb22a17323bd268fdbb5386.jpg,hflip,hflip,1.2710807851213421,51.36018057604267,415,196,415,196,1,2.11734693877551,2.11734693877551,3,1,1,1,1,1,1,1.0,hflip,1.0,hflip,hypodontia-61-_JPG.rf.b69d29b93eb22a17323bd268fdbb5386.jpg,1,1,1,1,1,1,1,1,1,1,1,1,1,1,1,1,1,1,1,1,1
hypodontia-618-_JPG.rf.b0972ab5a4655712a940ed6822f4c6c9.jpg,hypodontia-757-_JPG.rf.9875f0f807ff5f2197878559a0076665.jpg,rot180,rot180,1.7757461913609198,83.79352524901448,365,177,365,177,1,2.062146892655367,2.062146892655367,860,1,2,1,1,1,0,0.6666666666666666,vflip,0.6666666666666666,rot180,hypodontia-757-_JPG.rf.9875f0f807ff5f2197878559a0076665.jpg,1,1,1,1,2,0,1,1,2,1,1,2,1,1,1,1,1,2,2,2,2
hypodontia-621-_JPG.rf.f613f265bf26546a6a8325c9ea6e8599.jpg,hypodontia-65-_JPG.rf.e6840e80499fa40db1270cae6a489c12.jpg,hflip,hflip,0.0915263633895311,60.57489963827033,400,170,400,170,1,2.3529411764705883,2.3529411764705883,861,3,3,1,3,3,1,1.0,hflip,1.0,hflip,hypodontia-65-_JPG.rf.e6840e80499fa40db1270cae6a489c12.jpg,1,1,3,3,3,1,3,3,3,3,3,3,3,3,3,3,3,3,3,3,3
hypodontia-626-_jpg.rf.0bea86ac56238e6f655689328cd743ff.jpg,hypodontia-765-_jpg.rf.6c4d2ca9faac74cc7483fd42a6786904.jpg,rot180,rot180,0.7840866470723675,93.16795744937251,612,408,612,408,1,1.5,1.5,862,3,3,1,3,2,0,0.6666666666666666,hflip,0.6666666666666666,rot180,hypodontia-765-_jpg.rf.6c4d2ca9faac74cc7483fd42a6786904.jpg,1,1,3,2,3,0,1,2,3,2,3,3,2,2,3,1,2,3,3,3,3
hypodontia-628-_JPG.rf.a36d0ee46b03667f0c0a84460cccc6d3.jpg,hypodontia-72-_JPG.rf.5b4acf4524630aa1d25362e5d9374e4a.jpg,hflip,hflip,2.4864224807803055,48.40465825260786,228,146,228,146,1,1.5616438356164384,1.5616438356164384,863,2,1,1,1,1,0,0.6666666666666666,identity,0.6666666666666666,hflip,hypodontia-72-_JPG.rf.5b4acf4524630aa1d25362e5d9374e4a.jpg,1,1,1,1,1,0,1,1,1,1,2,1,1,1,2,1,1,1,1,1,1
hypodontia-643-_jpg.rf.259296436f8659309ec2c06f8fd96a16.jpg,hypodontia-782-_jpg.rf.b3dfe41ad0be306ed8c07f2df463b541.jpg,rot180,rot180,0.980064034997363,59.86578349174973,612,408,612,408,1,1.5,1.5,864,5,2,1,1,1,0,0.28571428571428575,rot180,0.28571428571428575,rot180,hypodontia-782-_jpg.rf.b3dfe41ad0be306ed8c07f2df463b541.jpg,1,1,1,1,2,0,2,2,2,1,5,2,0,2,5,1,2,2,1,2,2
hypodontia-655-_JPG.rf.01906c638bfdb452a147ba3e0d683885.jpg,hypodontia-99-_JPG.rf.b8629193c80ef610f36caf3e25b82801.jpg,hflip,hflip,0.09695057535930357,65.4439625286039,360,184,360,184,1,1.9565217391304348,1.9565217391304348,41,1,1,1,1,1,1,1.0,hflip,1.0,hflip,hypodontia-99-_JPG.rf.b8629193c80ef610f36caf3e25b82801.jpg,1,1,1,1,1,1,1,1,1,1,1,1,1,1,1,1,1,1,1,1,1
hypodontia-663-_jpg.rf.2dfdf2fdf7cea6733f790db69f27f30f.jpg,hypodontia-802-_jpg.rf.f439578432ae42a5387d1a147483b7f1.jpg,rot180,rot180,2.665639997576508,47.61356871375196,249,203,249,203,1,1.2266009852216748,1.2266009852216748,865,4,3,1,3,3,0,0.8571428571428571,rot180,0.8571428571428571,rot180,hypodontia-802-_jpg.rf.f439578432ae42a5387d1a147483b7f1.jpg,1,1,3,3,3,0,3,4,3,3,4,3,4,4,4,3,4,3,3,3,3
hypodontia-671-_JPG.rf.704157d35204764a16b934ac89cd9e04.jpg,hypodontia-115-_JPG.rf.1c3d584d5efb0ac94482f9b8ba141670.jpg,hflip,hflip,1.4956959327490957,53.53535234595607,314,160,314,160,1,1.9625,1.9625,866,1,3,1,1,1,0,0.5,hflip,0.5,hflip,hypodontia-115-_JPG.rf.1c3d584d5efb0ac94482f9b8ba141670.jpg,1,1,1,1,3,0,3,3,3,1,1,3,1,3,1,3,3,3,3,3,3
hypodontia-676-_JPG.rf.eaf1ac000a3e9935752d491e7ad4f86c.jpg,hypodontia-815-_JPG.rf.04b42583579a1d40aa023736a7119d0f.jpg,rot180,rot180,1.5333063759023544,71.15462548667806,306,288,306,288,1,1.0625,1.0625,867,2,2,1,2,2,1,1.0,rot180,1.0,rot180,hypodontia-815-_JPG.rf.04b42583579a1d40aa023736a7119d0f.jpg,1,1,2,2,2,1,2,2,2,2,2,2,2,2,2,2,2,2,2,2,2
hypodontia-684-_jpg.rf.39ca10291f9abb02b12238cb525cb98b.jpg,hypodontia-128-_jpg.rf.6fc7d34e5697dc800e5c1c5d8c119b7d.jpg,hflip,hflip,0.8266680875376314,81.25656918305368,612,408,612,408,1,1.5,1.5,50,1,2,1,0,0,0,0.0,identity,0.0,hflip,hypodontia-128-_jpg.rf.6fc7d34e5697dc800e5c1c5d8c119b7d.jpg,1,1,0,0,2,0,2,3,2,0,1,2,0,3,1,2,3,2,2,2,2
hypodontia-692-_jpg.rf.6c827adf092dc73c984c877d27ef757f.jpg,hypodontia-831-_jpg.rf.c867d1db9efe33f2881b919ca8256f17.jpg,rot180,rot180,0.8418761744841473,45.94719600984365,612,408,612,408,1,1.5,1.5,868,3,3,1,3,3,1,1.0,rot180,1.0,rot180,hypodontia-831-_jpg.rf.c867d1db9efe33f2881b919ca8256f17.jpg,1,1,3,3,3,1,3,3,3,3,3,3,3,3,3,3,3,3,3,3,3
hypodontia-694-_JPG.rf.cfe1698d547517b18b6dacad82d942d9.jpg,hypodontia-138-_JPG.rf.12411e7bf8efbcdf0a5b1efb1b9d5c13.jpg,hflip,hflip,1.7100721984255884,27.791567899956465,164,115,164,115,1,1.4260869565217391,1.4260869565217391,869,2,3,1,2,2,0,0.8,hflip,0.8,hflip,hypodontia-138-_JPG.rf.12411e7bf8efbcdf0a5b1efb1b9d5c13.jpg,1,1,2,2,3,0,3,3,3,2,2,3,2,3,2,3,3,3,3,3,3
hypodontia-696-_JPG.rf.52d2e7d2395f29b328c9bafeac0d3e5c.jpg,hypodontia-1-_JPG.rf.0b1ee84b6c7dfeb0c128d05a4e09795c.jpg,vflip,vflip,1.9817280574665133,70.11069934292138,292,143,292,143,1,2.041958041958042,2.041958041958042,870,5,1,1,1,1,0,0.33333333333333337,vflip,0.33333333333333337,vflip,hypodontia-1-_JPG.rf.0b1ee84b6c7dfeb0c128d05a4e09795c.jpg,1,1,1,1,1,0,2,2,4,1,5,1,2,2,5,1,2,1,1,4,1
hypodontia-701-_JPG.rf.4f599cf67f95c1fc6a1af2a3c055f9fd.jpg,hypodontia-6-_JPG.rf.b98291fc33a9e77c9445e92484e9f60c.jpg,vflip,vflip,1.5621874687437485,48.143198035546455,330,125,330,125,1,2.64,2.64,48,1,2,1,0,0,0,0.0,identity,0.0,vflip,hypodontia-6-_JPG.rf.b98291fc33a9e77c9445e92484e9f60c.jpg,1,1,0,0,2,0,1,1,2,0,1,2,0,1,1,1,1,2,2,2,2
hypodontia-702-_JPG.rf.0bbab7cae3f2d308b7d5b99bb9a29d5e.jpg,hypodontia-7-_JPG.rf.e93862d877f4feea90a76ca910cf4732.jpg,vflip,vflip,1.8077625317208426,83.75829891251821,268,116,268,116,1,2.310344827586207,2.310344827586207,40,1,1,1,1,1,1,1.0,vflip,1.0,vflip,hypodontia-7-_JPG.rf.e93862d877f4feea90a76ca910cf4732.jpg,1,1,1,1,1,1,1,1,1,1,1,1,1,1,1,1,1,1,1,1,1
hypodontia-705-_JPG.rf.51a2009c79cc19bc23b4ff46041e5a5a.jpg,hypodontia-10-_JPG.rf.839c14370298e87d7f79f81dd41a25d1.jpg,vflip,vflip,2.551352467626239,80.9905224188589,171,65,171,65,1,2.6307692307692307,2.6307692307692307,49,1,1,1,1,1,1,1.0,vflip,1.0,vflip,hypodontia-10-_JPG.rf.839c14370298e87d7f79f81dd41a25d1.jpg,1,1,1,1,1,1,1,2,1,1,1,1,1,2,1,1,2,1,1,1,1
hypodontia-713-_JPG.rf.fd741aec3a847d09dfc76bf1f1664488.jpg,hypodontia-574-_JPG.rf.8c371c9b93927991b2579f0c7b7b43f0.jpg,rot180,rot180,2.2155394630438625,72.26157494985422,191,68,191,68,1,2.8088235294117645,2.8088235294117645,871,2,2,1,2,2,1,1.0,rot180,1.0,rot180,hypodontia-574-_JPG.rf.8c371c9b93927991b2579f0c7b7b43f0.jpg,1,1,2,2,2,1,2,2,2,2,2,2,2,2,2,2,2,2,2,2,2
hypodontia-730-_JPG.rf.3f15e0517273da0ef7fda60fc270e46a.jpg,hypodontia-1147-_JPG.rf.c21f9d41fb1449edd42eb47fdd0bd50c.jpg,vflip,vflip,7.633915925871941,88.6657882685162,275,129,275,129,1,2.131782945736434,2.131782945736434,46,2,2,1,2,2,1,1.0,vflip,1.0,vflip,hypodontia-1147-_JPG.rf.c21f9d41fb1449edd42eb47fdd0bd50c.jpg,1,1,2,2,2,1,1,3,2,2,2,2,1,3,2,1,3,2,2,2,2
hypodontia-734-_JPG.rf.caedf86d27c02c1bc5c447ab61bd719f.jpg,hypodontia-39-_JPG.rf.b9bf4c1331b86dc8fa916e4a24eb9888.jpg,vflip,vflip,2.178626673978429,74.44497953130885,180,58,180,58,1,3.103448275862069,3.103448275862069,872,2,2,1,2,2,1,1.0,vflip,1.0,vflip,hypodontia-39-_JPG.rf.b9bf4c1331b86dc8fa916e4a24eb9888.jpg,1,1,2,2,2,1,2,2,2,2,2,2,2,2,2,2,2,2,2,2,2
hypodontia-739-_JPG.rf.cf63ba835f26ce83c07db7ca6ba10416.jpg,hypodontia-600-_JPG.rf.4bd0b96d38124ec4d01c4de92d3b8dda.jpg,rot180,rot180,3.5223828278784253,56.0995254306134,175,59,175,59,1,2.9661016949152543,2.9661016949152543,873,2,3,1,1,1,0,0.4,identity,0.4,rot180,hypodontia-600-_JPG.rf.4bd0b96d38124ec4d01c4de92d3b8dda.jpg,1,1,1,1,3,0,3,3,3,1,2,3,0,3,2,2,3,3,2,3,3
hypodontia-740-_JPG.rf.6ad7a96a601d49b549270e9eb774c1b0.jpg,hypodontia-45-_JPG.rf.0f22089150b64af1b8624c90a798eb92.jpg,vflip,vflip,1.6731476975370219,73.20875559905595,346,183,346,183,1,1.8907103825136613,1.8907103825136613,874,1,1,1,0,0,0,0.0,identity,0.0,vflip,hypodontia-45-_JPG.rf.0f22089150b64af1b8624c90a798eb92.jpg,1,1,0,0,1,0,0,1,2,0,1,1,1,1,1,0,1,1,1,2,1
hypodontia-744-_JPG.rf.f414e65a19b39a5d42093385a482c5b9.jpg,hypodontia-605-_JPG.rf.d5dec4b251d033e073dd6b7e3de491e9.jpg,rot180,rot180,3.5283407194348273,79.50670072519094,203,78,203,78,1,2.6025641025641026,2.6025641025641026,2,1,1,1,1,1,1,1.0,rot180,1.0,rot180,hypodontia-605-_JPG.rf.d5dec4b251d033e073dd6b7e3de491e9.jpg,1,1,1,1,1,1,1,2,1,1,1,1,1,2,1,1,2,1,1,1,1
hypodontia-754-_JPG.rf.dba369d6ee8f88979bb0f5715e7cc66f.jpg,hypodontia-59-_JPG.rf.17567a547aeed79725ccf16777d63f7d.jpg,vflip,vflip,1.5740733493645356,78.87214754632548,270,215,270,215,1,1.255813953488372,1.255813953488372,875,4,3,1,2,2,0,0.5714285714285715,hflip,0.5714285714285715,vflip,hypodontia-59-_JPG.rf.17567a547aeed79725ccf16777d63f7d.jpg,1,1,2,2,3,0,2,2,4,2,4,3,2,2,4,1,2,3,2,4,3
hypodontia-756-_JPG.rf.9cf4f54c36688405f9ffd331f6cd37a0.jpg,hypodontia-61-_JPG.rf.b69d29b93eb22a17323bd268fdbb5386.jpg,vflip,vflip,1.4158041329129667,52.47410962356706,415,196,415,196,1,2.11734693877551,2.11734693877551,3,1,1,1,1,1,1,1.0,identity,1.0,vflip,hypodontia-61-_JPG.rf.b69d29b93eb22a17323bd268fdbb5386.jpg,1,1,1,1,1,1,1,1,1,1,1,1,1,1,1,1,1,1,1,1,1
hypodontia-761-_JPG.rf.8461bfba166c0e65305e70e8391b2762.jpg,hypodontia-66-_JPG.rf.53afc099bc1f1de0cd8617e52721d7c5.jpg,vflip,vflip,0.024394523431243743,56.12588914876323,363,168,363,168,1,2.1607142857142856,2.1607142857142856,876,2,2,1,2,2,1,1.0,vflip,1.0,vflip,hypodontia-66-_JPG.rf.53afc099bc1f1de0cd8617e52721d7c5.jpg,1,1,2,2,2,1,2,2,2,2,2,2,2,2,2,2,2,2,2,2,2
hypodontia-789-_JPG.rf.cd77e8755b23e575fbda87d601b75ccc.jpg,hypodontia-94-_JPG.rf.8794ee40c2e04c06947ea1e67ac7529c.jpg,vflip,vflip,1.4608330510790752,60.02804011948031,234,181,234,181,1,1.292817679558011,1.292817679558011,877,1,2,1,0,0,0,0.0,identity,0.0,vflip,hypodontia-94-_JPG.rf.8794ee40c2e04c06947ea1e67ac7529c.jpg,1,1,0,0,2,0,1,1,3,0,1,2,1,1,1,0,1,2,2,3,2
hypodontia-796-_JPG.rf.2f66de8b04c735b72827bbc0e5a498e6.jpg,hypodontia-657-_JPG.rf.5a976c206e9d86317158896c97528678.jpg,rot180,rot180,2.377388806876675,86.74418563486014,311,158,311,158,1,1.9683544303797469,1.9683544303797469,878,3,3,1,3,3,1,1.0,rot180,1.0,rot180,hypodontia-657-_JPG.rf.5a976c206e9d86317158896c97528678.jpg,1,1,3,3,3,1,3,3,3,3,3,3,3,3,3,3,3,3,3,3,3
hypodontia-82-_JPG.rf.d31cab7aef76b1f64345a995e1bed755.jpg,hypodontia-777-_JPG.rf.fa029fbffe9f0a54b07478bd4fe4bd62.jpg,vflip,vflip,1.4194476189591323,50.36643011684314,271,166,271,166,1,1.6325301204819278,1.6325301204819278,879,3,3,1,3,3,1,1.0,vflip,1.0,vflip,hypodontia-777-_JPG.rf.fa029fbffe9f0a54b07478bd4fe4bd62.jpg,1,1,3,3,3,1,3,3,3,3,3,3,3,3,3,3,3,3,3,3,3
hypodontia-823-_jpg.rf.db3959d928099f26557787ba0f9e315a.jpg,hypodontia-128-_jpg.rf.6fc7d34e5697dc800e5c1c5d8c119b7d.jpg,vflip,vflip,0.09734324839357118,78.64629702669251,612,408,612,408,1,1.5,1.5,50,3,2,1,2,2,0,0.8,vflip,0.8,vflip,hypodontia-128-_jpg.rf.6fc7d34e5697dc800e5c1c5d8c119b7d.jpg,1,1,2,2,2,0,0,1,2,2,3,2,0,1,3,0,1,2,2,2,2
hypodontia-85-_jpg.rf.0472d96117aff4a8869d7dca5eb4a890.jpg,hypodontia-780-_jpg.rf.32a68b230ad6ce3263b99fb166c5f275.jpg,vflip,vflip,0.13865811991639726,61.0623708077414,612,408,612,408,1,1.5,1.5,884,4,1,1,1,1,0,0.4,vflip,0.4,vflip,hypodontia-780-_jpg.rf.32a68b230ad6ce3263b99fb166c5f275.jpg,1,1,1,1,1,0,1,3,1,1,4,1,2,3,4,1,3,1,1,1,1
hypodontia-91-_JPG.rf.9bf0bb774336125f19ec04eaa226de14.jpg,hypodontia-647-_JPG.rf.07ed99387a9ff1e5422ab123c1d43619.jpg,hflip,hflip,2.414760846603461,58.56951152309289,266,141,266,141,1,1.8865248226950355,1.8865248226950355,893,2,2,1,2,2,1,1.0,hflip,1.0,hflip,hypodontia-647-_JPG.rf.07ed99387a9ff1e5422ab123c1d43619.jpg,1,1,2,2,2,1,2,2,2,2,2,2,2,2,2,2,2,2,2,2,2
hypodontia-92-_jpg.rf.071fc8b623e7a51b0e06e249f907393d.jpg,hypodontia-648-_jpg.rf.5d883d502051a65ab08ff761dbb8829b.jpg,hflip,hflip,0.9748578872792818,31.24870260978721,612,408,612,408,1,1.5,1.5,897,1,1,1,1,1,1,1.0,hflip,1.0,hflip,hypodontia-648-_jpg.rf.5d883d502051a65ab08ff761dbb8829b.jpg,1,1,1,1,1,1,1,1,1,1,1,1,1,1,1,1,1,1,1,1,1
hypodontia-93-_JPG.rf.9ee73132654d2581f909628837eda797.jpg,hypodontia-649-_JPG.rf.fe9d4e74fc7bfbbba86c51c2a9d92dd8.jpg,hflip,hflip,1.427898684543239,43.90595928923998,389,239,389,239,1,1.6276150627615062,1.6276150627615062,899,3,3,1,3,3,1,1.0,hflip,1.0,hflip,hypodontia-649-_JPG.rf.fe9d4e74fc7bfbbba86c51c2a9d92dd8.jpg,1,1,3,3,3,1,3,3,3,3,3,3,3,3,3,2,3,3,3,3,3
hypodontia-95-_JPG.rf.6141f9bd3c2d98be99dd7c39299c1a25.jpg,hypodontia-651-_JPG.rf.3038b32c8109a6876a32663dbb9664f4.jpg,hflip,hflip,1.5151316046129046,60.962768949565,319,97,319,97,1,3.288659793814433,3.288659793814433,903,3,2,1,1,1,0,0.4,hflip,0.4,hflip,hypodontia-651-_JPG.rf.3038b32c8109a6876a32663dbb9664f4.jpg,1,1,1,1,2,0,2,3,2,1,3,2,2,3,3,2,3,2,2,2,2
hypodontia-97-_JPG.rf.f7daf478afd7725a7110b57f709e79b2.jpg,hypodontia-653-_JPG.rf.cab188fcf07b18488ed42929005b0a7e.jpg,hflip,hflip,1.472682153286776,46.94857897085718,275,127,275,127,1,2.1653543307086616,2.1653543307086616,909,4,4,1,4,4,1,1.0,hflip,1.0,vflip,hypodontia-792-_JPG.rf.c89a6633453f516aa2a58a3c05bb5593.jpg,0,0,4,4,4,1,4,4,4,4,4,4,4,4,4,4,4,4,4,4,4
hypodontia-98-_jpg.rf.d80f4e645e37ed9e48d41a8d980ac4d7.jpg,hypodontia-793-_jpg.rf.329a7b3b0f28ae9e0a3e43d75b97ca4d.jpg,vflip,vflip,0.14299222826346192,43.00341534912609,612,408,612,408,1,1.5,1.5,911,1,1,1,1,1,1,1.0,vflip,1.0,vflip,hypodontia-793-_jpg.rf.329a7b3b0f28ae9e0a3e43d75b97ca4d.jpg,1,1,1,1,1,1,1,1,1,1,1,1,1,1,1,1,1,1,1,1,1
