test_image,train_image,rms_distance,test_source,train_source
calculus-1160-_jpg.rf.e4bf320a31bb09ba6e1dac644f42ad40.jpg,calculus-8-_jpg.rf.54d4c5d1105eeead2c34fdd8fb9f4191.jpg,0.4330,calculus-1160-_jpg,calculus-8-_jpg
gingivitis-206-_jpg.rf.4ea2ff6476be053f03b57f76df6b9d65.jpg,gingivitis-2294-_jpg.rf.6c8e47025d0df56e324f520f31865405.jpg,0.4463,gingivitis-206-_jpg,gingivitis-2294-_jpg
gingivitis-2205-_jpg.rf.3587c5298aee346973102d99f2e20602.jpg,gingivitis-117-_jpg.rf.7fc17b1afcd23bd46b609791588198d9.jpg,0.4921,gingivitis-2205-_jpg,gingivitis-117-_jpg
gingivitis-2192-_jpg.rf.9c20a72b10400123b431c8622207fc89.jpg,gingivitis-10-_jpg.rf.dd3a4ccef95f7269c3c3fd58e1049ec8.jpg,0.5039,gingivitis-2192-_jpg,gingivitis-10-_jpg
gingivitis-2281-_jpg.rf.17881ef46fb187c9bf489b968b0e3362.jpg,gingivitis-193-_jpg.rf.c0a6b129b742383a3caa7f3f131ab08c.jpg,0.5358,gingivitis-2281-_jpg,gingivitis-193-_jpg
calculus-1178-_jpg.rf.0f826f10eebd123b0406feb78725aad6.jpg,calculus-26-_jpg.rf.aaf881c348f362b2d5a2e7cd7bb8cd44.jpg,0.5376,calculus-1178-_jpg,calculus-26-_jpg
gingi-367-copy_jpg.rf.aeb0357aca525d75069f09392a887320.jpg,gingi-525-copy_jpg.rf.2c29bd68e756dcb037be494f068b1703.jpg,0.5449,gingi-367-copy_jpg,gingi-525-copy_jpg
calculus-1265-_jpg.rf.9e64b9006b7db7b221ad4c24ba91db0a.jpg,calculus-113-_jpg.rf.e9dd100d9a853acc3405d9424a9ce292.jpg,0.5728,calculus-1265-_jpg,calculus-113-_jpg
hypodontia-1193-_jpg.rf.957de2342c0bb39864f782b9349df8d4.jpg,hypodontia-81-_jpg.rf.e420370f7928b84d414193495cf1cec3.jpg,0.5728,hypodontia-1193-_jpg,hypodontia-81-_jpg
gingivitis-2216-_jpg.rf.d8bf0f8cb910da0231ef62e149c7823a.jpg,gingivitis-128-_jpg.rf.e6e8924510837b868ee1d6190baab5a9.jpg,0.5762,gingivitis-2216-_jpg,gingivitis-128-_jpg
gingivitis-2296-_jpg.rf.b8606655520057c5754a3b16524718cd.jpg,gingivitis-208-_jpg.rf.c506855a11c89f101b9af2d328b67d31.jpg,0.5796,gingivitis-2296-_jpg,gingivitis-208-_jpg
calculus-27-_jpg.rf.b7af3cac05abdd2c02ff5b2f1f321371.jpg,gingivitis-2107-_jpg.rf.d1aa837fb4e971a693bc0e6ea0a2a5b9.jpg,0.6060,calculus-27-_jpg,gingivitis-2107-_jpg
gingivitis-28-_jpg.rf.ed90cab481c93dcb9bd95cdbea35d17b.jpg,gingivitis-2120-_jpg.rf.0677a69d2929264ee675530a9136f545.jpg,0.6060,gingivitis-28-_jpg,gingivitis-2120-_jpg
gingi-179-copy_jpg.rf.511e1a3f2bb20311e42357f63d66172a.jpg,gingi-359-copy_jpg.rf.0be4d997bf913adac638a881d5476535.jpg,0.6076,gingi-179-copy_jpg,gingi-359-copy_jpg
gingivitis-205-_jpg.rf.9615fc0a2e1a72bcb418bbb9b99d26ad.jpg,gingivitis-2293-_jpg.rf.3b22c248c2f0ed9c2cda67f0c054ae32.jpg,0.6124,gingivitis-205-_jpg,gingivitis-2293-_jpg
gingivitis-2126-_jpg.rf.6efcf88cd751c5d3f76031980c5dedad.jpg,gingivitis-34-_jpg.rf.563bce0b8e31eb2a77d94f9037b2a893.jpg,0.6219,gingivitis-2126-_jpg,gingivitis-34-_jpg
calculus-1158-_jpg.rf.a7acdbb81b7c7221067ca43af0eacc1c.jpg,calculus-76-_jpg.rf.4714e373dfa58b823587c03a853106d9.jpg,0.6250,calculus-1158-_jpg,calculus-76-_jpg
hypodontia-1187-_JPG.rf.458ea78f48f188d603a311b145792253.jpg,hypodontia-75-_JPG.rf.3366ee1eb6949fd85d8713c71aa04c82.jpg,0.6250,hypodontia-1187-_JPG,hypodontia-75-_JPG
calculus-1264-_jpg.rf.543cc4dc80aaf23c236321f993b00071.jpg,calculus-112-_jpg.rf.c4fc89856a03785487c75e9ef4df91a5.jpg,0.6343,calculus-1264-_jpg,calculus-112-_jpg
gingivitis-2347-_jpg.rf.ca57bf7e674aa19b9d460a9317be2120.jpg,gingivitis-259-_jpg.rf.c0187089d8e9ed181378e4835cb7a283.jpg,0.6343,gingivitis-2347-_jpg,gingivitis-259-_jpg
calculus-91-_jpg.rf.0f10c8c76d0b3c1c040fcd53adbc31a1.jpg,calculus-1243-_jpg.rf.ca732c7cc52cac66ed77e99a6e899f75.jpg,0.6495,calculus-91-_jpg,calculus-1243-_jpg
gingivitis-49-_jpg.rf.fa3ad231a0e96067d385367033c5dfa4.jpg,gingivitis-2141-_jpg.rf.d87db803212a60438eab34775db1425d.jpg,0.6555,gingivitis-49-_jpg,gingivitis-2141-_jpg
calculus-1185-_jpg.rf.c4a5cbf162a0f507aa824deec252e448.jpg,calculus-33-_jpg.rf.57424519d5aeedf6db2d5ce8ea9dad26.jpg,0.6614,calculus-1185-_jpg,calculus-33-_jpg
gingivitis-164-_jpg.rf.ffffe7cd214c1ac12f77e0e35443de17.jpg,gingivitis-2252-_jpg.rf.cb16c44c942499778b668a604cf7cef2.jpg,0.6702,gingivitis-164-_jpg,gingivitis-2252-_jpg
hypodontia-133-_jpg.rf.07d42748e2286efb090174bc6542512d.jpg,hypodontia-1245-_jpg.rf.da535ef32a39dac8d2ec02020e42ddaf.jpg,0.6731,hypodontia-133-_jpg,hypodontia-1245-_jpg
hypodontia-93-_JPG.rf.9ee73132654d2581f909628837eda797.jpg,hypodontia-1205-_JPG.rf.973bca228819b6688b136d756668c863.jpg,0.6775,hypodontia-93-_JPG,hypodontia-1205-_JPG
calculus-16-_jpg.rf.67d4dbaa4b38556db9e18cea0704850a.jpg,gingivitis-2208-_jpg.rf.89797dacf54fe7a5e168a3fc30256a6f.jpg,0.6847,calculus-16-_jpg,gingivitis-2208-_jpg
calculus-106-_jpg.rf.642e519b7e7aff2de02f2ae9b6c9a165.jpg,calculus-1214-_jpg.rf.0f86e03c59cf892792815ab573dfd845.jpg,0.6875,calculus-106-_jpg,calculus-1214-_jpg
calculus-78-_jpg.rf.991fd7641752f22a2daea88800e53252.jpg,gingivitis-2280-_jpg.rf.88942f9f8dd243b579387f4aad06858f.jpg,0.6875,calculus-78-_jpg,gingivitis-2280-_jpg
gingivitis-2330-_jpg.rf.aeeebb91a42a04dde7fbb257a33cce01.jpg,gingivitis-242-_jpg.rf.4056eb5076b7f0a0012ecf85a560a099.jpg,0.6875,gingivitis-2330-_jpg,gingivitis-242-_jpg
gingi-369-copy_jpg.rf.25fdf7e0978e4d93f432aa0f53212427.jpg,gingi-193-copy_jpg.rf.abc04a650c2cea9be0bffc79363e1e85.jpg,0.6974,gingi-369-copy_jpg,gingi-193-copy_jpg
gingivitis-148-_jpg.rf.7fef27efa310f3e814a37b68d735c005.jpg,gingivitis-2236-_jpg.rf.1cef3f1a3ee0314fffe7188cf686bc83.jpg,0.6988,gingivitis-148-_jpg,gingivitis-2236-_jpg
gingivitis-162-_jpg.rf.f851385a6417356af78944f7fa7db11c.jpg,gingivitis-2250-_jpg.rf.a5ca11091422864829bff6af8273e19a.jpg,0.7016,gingivitis-162-_jpg,gingivitis-2250-_jpg
gingivitis-172-_jpg.rf.54572a4de8f2412788385d5140bca336.jpg,gingivitis-2147-_jpg.rf.10cb847e003088f0e9e8ab4214143a5f.jpg,0.7208,gingivitis-172-_jpg,gingivitis-2147-_jpg
calculus-31-_jpg.rf.063fc1c3ae4b985a5a4afb4527a9b894.jpg,calculus-1183-_jpg.rf.d91b814ef97d5c7a97e37c3c32e3d080.jpg,0.7295,calculus-31-_jpg,calculus-1183-_jpg
gingilagi-246-_jpg.rf.ba0e21eaf7f8a7b726217d055f93885b.jpg,gingilagi-245-_jpg.rf.e09480c0e78621ae2974d6e68237af15.jpg,0.7395,gingilagi-246-_jpg,gingilagi-245-_jpg
hypodontia-1173-_JPG.rf.9d97e75b8bb1f91c12ac6b7d34101ef5.jpg,hypodontia-61-_JPG.rf.b69d29b93eb22a17323bd268fdbb5386.jpg,0.7421,hypodontia-1173-_JPG,hypodontia-61-_JPG
gingilagi-98-_jpg.rf.227c7eb5ca64d77a8cc1f93fd88b96a2.jpg,gingilagi-38-_jpg.rf.3850f26b3895ddd9e80df57aef554e8e.jpg,0.7500,gingilagi-98-_jpg,gingilagi-38-_jpg
gingilagi-118-_jpg.rf.cd0d2b1043ed0222b42c04b894996004.jpg,gingilagi-165-_jpg.rf.bc7dbb2bf0cf81a705a87adb3027d2a3.jpg,0.7552,gingilagi-118-_jpg,gingilagi-165-_jpg
gingivitis-2235-_jpg.rf.a5137618aa9f5ed606009f7e53608443.jpg,gingivitis-147-_jpg.rf.665fad408f5113ecfbfa729ce0b575e1.jpg,0.7552,gingivitis-2235-_jpg,gingivitis-147-_jpg
gingilagi-106-_jpg.rf.2f6dd606382a362c15734197020e80e9.jpg,gingilagi-47-_jpg.rf.7ef13c2e444b8b3a44058f592378220e.jpg,0.7578,gingilagi-106-_jpg,gingilagi-47-_jpg
gingilagi-180-_jpg.rf.20fbdcf0818be49fea075d286289b0d6.jpg,gingilagi-204-_jpg.rf.89d4fdf5102e6f46601a5c66f5cd7500.jpg,0.7578,gingilagi-180-_jpg,gingilagi-204-_jpg
gingilagi-199-_jpg.rf.d9e09f67d88ef6c9fd9c7997c26969ee.jpg,gingilagi-200-_jpg.rf.c57ea79361359cca43aedc94823918e1.jpg,0.7578,gingilagi-199-_jpg,gingilagi-200-_jpg
gingivitis-2106-_jpg.rf.021b8e23bd98ed1d4f7bcf04091f8ae5.jpg,gingivitis-14-_jpg.rf.f8ec4f52b59b27364a9624e2ab47f032.jpg,0.7578,gingivitis-2106-_jpg,gingivitis-14-_jpg
gingilagi-103-_jpg.rf.f29a8bcc7f293da3131b786287dd5761.jpg,gingilagi-8-_jpg.rf.e16ad8cac9c35b1deeca55c523dcf723.jpg,0.7603,gingilagi-103-_jpg,gingilagi-8-_jpg
gingilagi-315-_jpg.rf.d51ba47ff99f326d0e7861a4ecce1625.jpg,gingilagi-328-_jpg.rf.410c1eb6e500ad4e3ec76b2485c60ae7.jpg,0.7603,gingilagi-315-_jpg,gingilagi-328-_jpg
hypodontia-119-_jpg.rf.7d1750cd201de86de6e6ece121db24bc.jpg,hypodontia-1231-_jpg.rf.6fbd006ace7569ccf8292d197e96df44.jpg,0.7603,hypodontia-119-_jpg,hypodontia-1231-_jpg
gingilagi-319-_jpg.rf.9abda0efe0d7debcdc217a287d8311a4.jpg,gingilagi-320-_jpg.rf.82227fa836a0d82b82b670ffc8a5aff2.jpg,0.7655,gingilagi-319-_jpg,gingilagi-320-_jpg
hypodontia-85-_jpg.rf.0472d96117aff4a8869d7dca5eb4a890.jpg,hypodontia-1197-_jpg.rf.c0cac5228636a2fa3971e0c3c5bc02e0.jpg,0.7706,hypodontia-85-_jpg,hypodontia-1197-_jpg
gingivitis-111-_jpg.rf.8309496c9fd80286039df006396c2faa.jpg,gingivitis-2200-_jpg.rf.c0507608bc53a8f26dc48b86253fea91.jpg,0.7731,gingivitis-111-_jpg,gingivitis-2200-_jpg
gingilagi-64-_jpg.rf.0c1d3c97e7990cf462ec96c510e8f6b4.jpg,gingilagi-35-_jpg.rf.c54747ceaa696fa632c06707fedcb41b.jpg,0.7756,gingilagi-64-_jpg,gingilagi-35-_jpg
gingivitis-51-_jpg.rf.663e953dda3d7c898d2a33dd309d8eaf.jpg,gingivitis-2143-_jpg.rf.ac2fe67a1934109b5e54dacec0e42e09.jpg,0.7769,gingivitis-51-_jpg,gingivitis-2143-_jpg
gingilagi-27-_jpg.rf.c953c51c142e2607f243d7331b9cfa7d.jpg,gingilagi-69-_jpg.rf.9a68becfa5d8ffbd8454a1b37069ad21.jpg,0.7781,gingilagi-27-_jpg,gingilagi-69-_jpg
gingilagi-331-_jpg.rf.9f6cdfaaa51b3a63525c44964db4d0dd.jpg,gingilagi-332-_jpg.rf.4b6084eeab5746d26fecc5dbcd164f02.jpg,0.7806,gingilagi-331-_jpg,gingilagi-332-_jpg
gingilagi-84-_jpg.rf.4f8a40780e7f4b62909630d73b08edf6.jpg,gingilagi-52-_jpg.rf.ddd5e0383a878ee2bdff5b9fd6fd5a98.jpg,0.7856,gingilagi-84-_jpg,gingilagi-52-_jpg
gingivitis-53-_jpg.rf.da0e557122269772ffc5309e3588df2a.jpg,gingivitis-2145-_jpg.rf.87547ce62867d16d78ea7a31d30b155f.jpg,0.7856,gingivitis-53-_jpg,gingivitis-2145-_jpg
gingilagi-201-_jpg.rf.abc8453cf4aa6e9ac86e94ce43910812.jpg,gingilagi-202-_jpg.rf.c97b60fc2b4d1bdac4d98b7888955f29.jpg,0.7906,gingilagi-201-_jpg,gingilagi-202-_jpg
gingivitis-17-_jpg.rf.abe68dfa78aaf3484716b78a63b78fc4.jpg,gingivitis-2109-_jpg.rf.c7b38e4e95a95e73c11ffb254a86e47d.jpg,0.7906,gingivitis-17-_jpg,gingivitis-2109-_jpg
gingilagi-224-_jpg.rf.74c297c887b1fdcc64972695100d0c26.jpg,gingilagi-223-_jpg.rf.37d64dbc4fa9ba3f6e4ed49fcc270f8b.jpg,0.8101,gingilagi-224-_jpg,gingilagi-223-_jpg
gingilagi-234-_jpg.rf.6cbc6e8d6fc668ad41dcbf68116a659c.jpg,gingilagi-248-_jpg.rf.c4f068e1a0b02671bbba7822229301da.jpg,0.8101,gingilagi-234-_jpg,gingilagi-248-_jpg
gingilagi-212-_jpg.rf.cabbcf40fc62f1adb79c2137afda7a89.jpg,gingilagi-211-_jpg.rf.5c78904823ca47ba21f15421dce27a28.jpg,0.8149,gingilagi-212-_jpg,gingilagi-211-_jpg
gingilagi-41-_jpg.rf.6bee8f4beb361222656520aa24a9b4bf.jpg,gingilagi-67-_jpg.rf.267abc22357daf7fc6967fa7458deda2.jpg,0.8173,gingilagi-41-_jpg,gingilagi-67-_jpg
gingilagi-277-_jpg.rf.9fe777d1d72d4eaa163064b92a2ed9b4.jpg,gingilagi-278-_jpg.rf.db0972a30465ece48eaabaad3cba0560.jpg,0.8197,gingilagi-277-_jpg,gingilagi-278-_jpg
gingivitis-2206-_jpg.rf.e736df2d7eb742ead8a6d49eb508cbbd.jpg,gingivitis-118-_jpg.rf.959c47b9f8d29f5fc7ab2cb07141787f.jpg,0.8268,gingivitis-2206-_jpg,gingivitis-118-_jpg
gingilagi-91-_jpg.rf.541bc639822bc4826ad073fba146ccab.jpg,gingilagi-72-_jpg.rf.f011465dfd8c9314a112858d22132cc0.jpg,0.8292,gingilagi-91-_jpg,gingilagi-72-_jpg
hypodontia-1222-_jpg.rf.c17bfc09852f077846d69eebe2bd8c55.jpg,hypodontia-110-_jpg.rf.1e955c977907e23d03408773ebe0c981.jpg,0.8397,hypodontia-1222-_jpg,hypodontia-110-_jpg
gingi-376-copy_jpg.rf.16d5906325d55ecb8e3218f782d9db66.jpg,calcu-230-copy_jpg.rf.6284aab823e498c44b466684e0da8a55.jpg,0.8432,gingi-376-copy_jpg,calcu-230-copy_jpg
calculus-103-_jpg.rf.1873a4bad0ff15290337af9651cd8cac.jpg,calculus-1255-_jpg.rf.e0aa83d1a81fedf9d0bda70daf7ea741.jpg,0.8478,calculus-103-_jpg,calculus-1255-_jpg
gingilagi-275-_jpg.rf.0ebb49078576b53595be42d8d9f32bc2.jpg,gingilagi-276-_jpg.rf.a0948d4663cdb140360f19bdf3783b1f.jpg,0.8478,gingilagi-275-_jpg,gingilagi-276-_jpg
hypodontia-1211-_JPG.rf.d941821df69ee8ef36efbda3713fb368.jpg,hypodontia-99-_JPG.rf.b8629193c80ef610f36caf3e25b82801.jpg,0.8501,hypodontia-1211-_JPG,hypodontia-99-_JPG
gingivitis-230-_jpg.rf.963d0ab371ad8b788fcf0e9e0049873d.jpg,gingivitis-2153-_jpg.rf.f1e25a39d537d6d141f638a92a903790.jpg,0.8524,gingivitis-230-_jpg,gingivitis-2153-_jpg
gingi-352-copy_jpg.rf.1eecf4db50462a9083e8ca58cca2e38d.jpg,gingi-161-copy_jpg.rf.28742aba667acea6291da2e883b4bc5a.jpg,0.8750,gingi-352-copy_jpg,gingi-161-copy_jpg
gingilagi-2-_jpg.rf.6a5835a8291df930790b19225b4f964c.jpg,gingilagi-105-_jpg.rf.c37e458adf88b3f116c53a102762699a.jpg,0.8772,gingilagi-2-_jpg,gingilagi-105-_jpg
calculus-47-_jpg.rf.9c057284fa8f323382349e47654e6fad.jpg,calculus-1199-_jpg.rf.d04ef3bf421e7bdc6c37973828b41382.jpg,0.8817,calculus-47-_jpg,calculus-1199-_jpg
gingilagi-269-_jpg.rf.fe8e075fd5235ad0a25b8c5518cc1e14.jpg,gingilagi-271-_jpg.rf.fd7b5e502cef1c32ba791072d1d08651.jpg,0.8817,gingilagi-269-_jpg,gingilagi-271-_jpg
gingilagi-251-_jpg.rf.e40005febfa4b347eecd2cce2e44a0e5.jpg,gingilagi-252-_jpg.rf.d1451cc40181cdd37a597a0fb7af9e0d.jpg,0.8949,gingilagi-251-_jpg,gingilagi-252-_jpg
gingilagi-209-_jpg.rf.394b465d595f7fd8e9edfec529842e8a.jpg,gingilagi-210-_jpg.rf.f5a7a474fe3762fd9be1fc6c0b6c02b2.jpg,0.9014,gingilagi-209-_jpg,gingilagi-210-_jpg
gingivitis-197-_jpg.rf.2dc990f827a6e157a03bb570d93353f5.jpg,gingivitis-2285-_jpg.rf.49bf3bbb3cbce8d2938a3e39e0c3593c.jpg,0.9249,gingivitis-197-_jpg,gingivitis-2285-_jpg
gingivitis-2134-_jpg.rf.c751e39ee306a0b626537f6636f46798.jpg,gingivitis-42-_jpg.rf.54c92c291ce298cb7eff5bb8b7843ed8.jpg,0.9354,gingivitis-2134-_jpg,gingivitis-42-_jpg
hypodontia-92-_jpg.rf.071fc8b623e7a51b0e06e249f907393d.jpg,hypodontia-1204-_jpg.rf.09a9f63ce8fed43e2f71c984c065fb87.jpg,0.9561,hypodontia-92-_jpg,hypodontia-1204-_jpg
gingilagi-190-_jpg.rf.270617b223a400acc7c6a56b10531e92.jpg,gingilagi-189-_jpg.rf.2008e0dac9b8d60cc9679baf1ae58568.jpg,0.9763,gingilagi-190-_jpg,gingilagi-189-_jpg
gingilagi-241-_jpg.rf.9adea343f5377d0b26edda016f3cdad1.jpg,gingilagi-242-_jpg.rf.2c4084ce91ac1b739ac8b180af18d10a.jpg,0.9803,gingilagi-241-_jpg,gingilagi-242-_jpg
hypodontia-97-_JPG.rf.f7daf478afd7725a7110b57f709e79b2.jpg,hypodontia-1209-_JPG.rf.615a0f62ff007ec00aec0841f5ca311a.jpg,0.9882,hypodontia-97-_JPG,hypodontia-1209-_JPG
gingilagi-255-_jpg.rf.da1ebb2575e3db398fdae8ce77e980bb.jpg,gingilagi-256-_jpg.rf.3c05f6d9476076015be026f0c25b8184.jpg,1.0000,gingilagi-255-_jpg,gingilagi-256-_jpg
gingivitis-31-_jpg.rf.865f542266a21b73e7036ab4fca2d2f9.jpg,gingivitis-2123-_jpg.rf.a79564f3ab0fe14c248f256ee3525219.jpg,1.0000,gingivitis-31-_jpg,gingivitis-2123-_jpg
gingi-354-copy_jpg.rf.622409a1a29abc28a5736a6821fbd4f4.jpg,gingi-410-copy_jpg.rf.cee6cdbf5ee34e0bf13e590fd12d0215.jpg,1.0097,gingi-354-copy_jpg,gingi-410-copy_jpg
gingivitis-2212-_jpg.rf.870970e4572e2b40941959f3a5945b92.jpg,gingivitis-124-_jpg.rf.827de423c96c422071c4e97cc1203971.jpg,1.0193,gingivitis-2212-_jpg,gingivitis-124-_jpg
calculus-66-_jpg.rf.8ca07c98e233f580b8032379f16a2eca.jpg,gingivitis-2217-_jpg.rf.a2e959cbd5c2764ba6633bdb1185de41.jpg,1.0308,calculus-66-_jpg,gingivitis-2217-_jpg
hypodontia-1185-_JPG.rf.43bfe9610e4e8a9825437428233e1dc7.jpg,hypodontia-73-_JPG.rf.e417e743dd9a4b791be96658e790cba3.jpg,1.0346,hypodontia-1185-_JPG,hypodontia-73-_JPG
gingi-403-copy_jpg.rf.afc36dcaa13395b5f4b3c7d7d9c99c8d.jpg,gingi-353-copy_jpg.rf.e128344e851031f5a5ee5acbb25dd535.jpg,1.0607,gingi-403-copy_jpg,gingi-353-copy_jpg
hypodontia-1228-_jpg.rf.f5401387e621ed5827b6dbb60a6c85f5.jpg,hypodontia-116-_jpg.rf.62de05d0c4ae9c120023047ea92b0f73.jpg,1.0717,hypodontia-1228-_jpg,hypodontia-116-_jpg
gingivitis-2268-_jpg.rf.fe502a940e2c14de41d88d08e885753c.jpg,gingivitis-180-_jpg.rf.884b7592746f33e9693e6d8f31b8d456.jpg,1.0897,gingivitis-2268-_jpg,gingivitis-180-_jpg
gingilagi-289-_jpg.rf.541b47807ac100ac931d8ad3b2ca5bb2.jpg,gingilagi-290-_jpg.rf.5fe4eae07a33f96735825a36c3d0af5d.jpg,1.1040,gingilagi-289-_jpg,gingilagi-290-_jpg
calculus-101-_jpg.rf.feb0ba2b80bef770be404833be6bce83.jpg,calculus-1291-_jpg.rf.f37e3b149b6266e62bae751726edc5f6.jpg,1.1128,calculus-101-_jpg,calculus-1291-_jpg
gingivitis-2342-_jpg.rf.9757b74aa5f6f8ef5f370d36366f7c7f.jpg,gingivitis-254-_jpg.rf.1a9889e1f078f020ba3c546382fd556b.jpg,1.1250,gingivitis-2342-_jpg,gingivitis-254-_jpg
gingivitis-21-_jpg.rf.62b265db32cf0521ac3545866bf7496d.jpg,gingivitis-2113-_jpg.rf.35cdd5d6d65ba1da8d7fdbbeb20cfc36.jpg,1.1541,gingivitis-21-_jpg,gingivitis-2113-_jpg
calculus-30-_jpg.rf.cc66d1cd34e1b5e8b423937cafd7327c.jpg,calculus-1182-_jpg.rf.fe4a67034fac5c3dd63316aeee2b3636.jpg,1.1859,calculus-30-_jpg,calculus-1182-_jpg
calculus-1235-_jpg.rf.110c26290f7ff1e2522a0c05b9b2f2dc.jpg,calculus-83-_jpg.rf.bb16e5abc93d3b3bcc137c9bfde67095.jpg,1.2885,calculus-1235-_jpg,calculus-83-_jpg
hypodontia-1243-_JPG.rf.13958425d7d5a358a50eb25cfb940710.jpg,hypodontia-131-_JPG.rf.4f6048f6e43d7c1ac0fa76b2f421211a.jpg,1.3405,hypodontia-1243-_JPG,hypodontia-131-_JPG
gingivitis-2295-_jpg.rf.8d6d0d04e02696811d1249f694779b4c.jpg,gingivitis-207-_jpg.rf.059c11d79c9d484e95cb81cb1f477f77.jpg,1.3521,gingivitis-2295-_jpg,gingivitis-207-_jpg
hypodontia-1119-_JPG.rf.2cc48a8786609c37e93ec6398ec62157.jpg,hypodontia-7-_JPG.rf.e93862d877f4feea90a76ca910cf4732.jpg,1.3665,hypodontia-1119-_JPG,hypodontia-7-_JPG
gingivitis-142-_jpg.rf.80f56a19b4f3535a90415dc4c7049939.jpg,gingivitis-2230-_jpg.rf.1f4bfeb032dbfe7554013459588691bd.jpg,1.3722,gingivitis-142-_jpg,gingivitis-2230-_jpg
gingi-370-copy_jpg.rf.92d7ec04e3249bd35e99e8220b705333.jpg,gingi-541-copy_jpg.rf.6a3e6460f610c9ee1457331bd5a0828d.jpg,1.3793,gingi-370-copy_jpg,gingi-541-copy_jpg
hypodontia-82-_JPG.rf.d31cab7aef76b1f64345a995e1bed755.jpg,hypodontia-1194-_JPG.rf.c43fc77860c4aec8d1d71a1fa56f2eba.jpg,1.3863,hypodontia-82-_JPG,hypodontia-1194-_JPG
hypodontia-95-_JPG.rf.6141f9bd3c2d98be99dd7c39299c1a25.jpg,hypodontia-1207-_JPG.rf.0b5e0a8995f6fa496d3e7235d00941a3.jpg,1.5799,hypodontia-95-_JPG,hypodontia-1207-_JPG
hypodontia-35-_JPG.rf.49b797b874fef284677b1b507d40de67.jpg,hypodontia-1147-_JPG.rf.c21f9d41fb1449edd42eb47fdd0bd50c.jpg,1.6044,hypodontia-35-_JPG,hypodontia-1147-_JPG
calculus-67-_jpg.rf.32b585f4a71e64286423fc5085177045.jpg,calculus-1219-_jpg.rf.ed5acf06497ebf4ff5bd7c4ade38a591.jpg,1.6069,calculus-67-_jpg,calculus-1219-_jpg
hypodontia-42-_JPG.rf.059aed5b8810981fcf7a8d28fc86127d.jpg,hypodontia-1154-_JPG.rf.6e75de80ca42abe533146df475a37730.jpg,1.6310,hypodontia-42-_JPG,hypodontia-1154-_JPG
calculus-84-_jpg.rf.68ff425ee218674f71c587d703c5493a.jpg,gingivitis-2174-_jpg.rf.5aa27756b1a42a7b7dba40bf1e399f3b.jpg,1.6979,calculus-84-_jpg,gingivitis-2174-_jpg
hypodontia-1121-_JPG.rf.cb9dec9281375c847251f16b4d591eba.jpg,hypodontia-9-_JPG.rf.8dc8421a1bbaa226d13dadea3c21518b.jpg,1.7105,hypodontia-1121-_JPG,hypodontia-9-_JPG
calculus-1177-_jpg.rf.21165275da55e604b595b3133e038842.jpg,calculus-25-_jpg.rf.2266f57c07d42c8cc15d86ee4b5d626f.jpg,1.8066,calculus-1177-_jpg,calculus-25-_jpg
hypodontia-1114-_JPG.rf.a42c08df9512af73609d4effbca32703.jpg,hypodontia-2-_JPG.rf.19101da5c1d533e9241a72c780cd7e1c.jpg,1.9254,hypodontia-1114-_JPG,hypodontia-2-_JPG
gingi-485-copy_jpg.rf.14f366cc70c68e0fa67efa9f78b5c3c6.jpg,gingi-363-copy_jpg.rf.429ccbad908f3e50028bffb1bc5ffb9d.jpg,1.9961,gingi-485-copy_jpg,gingi-363-copy_jpg
hypodontia-1149-_JPG.rf.8e616af798fcacc64d25e32ea3adaa47.jpg,hypodontia-37-_JPG.rf.dae2ddadd9edea4b37dd11c0cba39698.jpg,2.1378,hypodontia-1149-_JPG,hypodontia-37-_JPG
hypodontia-16-_JPG.rf.f32bbd45d206e5de5d902d09cfdbd901.jpg,hypodontia-1128-_JPG.rf.0ff7f3d7359148f317c2bca466bcb806.jpg,2.1812,hypodontia-16-_JPG,hypodontia-1128-_JPG
gingivitis-141-_jpg.rf.5fbb79a44c4d16bf7bff18524c44d0e0.jpg,gingivitis-2229-_jpg.rf.38ea0a50d70899fad8b2b29148420f96.jpg,2.3544,gingivitis-141-_jpg,gingivitis-2229-_jpg
hypodontia-109-_jpg.rf.bebef140f35ec10992b886d763fd07b0.jpg,hypodontia-1221-_jpg.rf.dc0cf8b41e5b61f5fcb251525e55a744.jpg,2.4367,hypodontia-109-_jpg,hypodontia-1221-_jpg
hypodontia-30-_JPG.rf.5dd87faf05ed72e998642e6c501f0e34.jpg,hypodontia-1142-_JPG.rf.082e8b1170230a64db78bcc1168f724d.jpg,2.5472,hypodontia-30-_JPG,hypodontia-1142-_JPG
hypodontia-38-_JPG.rf.7fc395053b2299173d43f056c29ae222.jpg,hypodontia-1150-_JPG.rf.5fe607b8cec1bb410cc2f45f171abd1c.jpg,2.6948,hypodontia-38-_JPG,hypodontia-1150-_JPG
calculus-36-_jpg.rf.b37f19215913f040aab538064df7de82.jpg,calculus-1188-_jpg.rf.d936ade59525b119ae7725eb63546559.jpg,2.7670,calculus-36-_jpg,calculus-1188-_jpg
calculus-221-_jpg.rf.63b1893be99add0607d23c4abf0ab244.jpg,-349_jpg.rf.3b23a23611a5f28971d3a436366e040f.jpg,2.8973,calculus-221-_jpg,-349_jpg
gingivitis-1153-_jpg.rf.a788041be196b19337d66c32fffd2071.jpg,calculus-662-_jpg.rf.eaba384a8e543bfce4dc7e2ca8348b90.jpg,3.4227,gingivitis-1153-_jpg,calculus-662-_jpg
calculus-1205-_jpg.rf.567a6d72a191557d12b133bd2f9d369a.jpg,calculus-53-_jpg.rf.067f08ce64a038291cd7f724628c6599.jpg,3.4815,calculus-1205-_jpg,calculus-53-_jpg
hypodontia-23-_JPG.rf.54a2ff3b8ff40d054cb5b690c7e01b3c.jpg,hypodontia-1135-_JPG.rf.7b77579cabc23b2c7485ed0ee39eed3a.jpg,3.9221,hypodontia-23-_JPG,hypodontia-1135-_JPG
