test_image,best_train_match,ransac_inliers,verdict,above_threshold_25,score_provenance
calculus-743-_jpg.rf.44c73e112e130a3cb5b090c79f5d759b.jpg,calculus-599-_jpg.rf.e910281a2a47fc61c130ed0ba4418112.jpg,1285,duplicate,yes,original_run
calculus-706-_jpg.rf.2b7ac30f0dfdc1d8cd0b9c64cfafc4ca.jpg,calculus-772-_jpg.rf.ee189a0335416e392159119f3ed61d9f.jpg,1100,duplicate,yes,original_run
calculus-681-_jpg.rf.73a12c16778fd4fa138a5aea1521e5a0.jpg,calculus-796-_jpg.rf.451361a8e421b6a51bb2df57be5f1ade.jpg,1064,duplicate,yes,original_run
calculus-704-_jpg.rf.a7b1e7e9f8bdb1163613625f3db6ec95.jpg,calculus-848-_jpg.rf.1bdbc0cc22c49322fdc776ca3ee2ebdc.jpg,1008,duplicate,yes,original_run
gingivitis-2295-_jpg.rf.8d6d0d04e02696811d1249f694779b4c.jpg,gingivitis-207-_jpg.rf.059c11d79c9d484e95cb81cb1f477f77.jpg,1008,duplicate,yes,original_run
calculus-793-_jpg.rf.e6877b99793a32e03741132f86d1790b.jpg,calculus-649-_jpg.rf.53e66a84f3f5dd5b36bb138783da740b.jpg,985,duplicate,yes,original_run
gingilagi-84-_jpg.rf.4f8a40780e7f4b62909630d73b08edf6.jpg,gingilagi-52-_jpg.rf.ddd5e0383a878ee2bdff5b9fd6fd5a98.jpg,982,duplicate,yes,original_run
gingivitis-1197-_jpg.rf.0debfef9d87128ff49b59849d326d43c.jpg,gingivitis-1457-_jpg.rf.6fde1f361eab89ecf7dcb56e7dbc2e31.jpg,887,duplicate,yes,original_run
gingilagi-98-_jpg.rf.227c7eb5ca64d77a8cc1f93fd88b96a2.jpg,gingilagi-38-_jpg.rf.3850f26b3895ddd9e80df57aef554e8e.jpg,844,duplicate,yes,original_run
calculus-750-_jpg.rf.7566372bac5b5c1449c1cdf107cc9ffc.jpg,calculus-606-_jpg.rf.b3d296d4e5b923b2e286bce187040576.jpg,827,duplicate,yes,original_run
calculus-741-_jpg.rf.3dab035ff489497255221c1bb2fd9b17.jpg,calculus-597-_jpg.rf.22b76b8b8594e76902ae6d4ff1c6ec0b.jpg,816,duplicate,yes,original_run
gingivitis-348-_jpg.rf.e425a918b41997dd49af8ad8411359c4.jpg,gingilagi-44-_jpg.rf.dfe1cf1df940ea9a1c1e29633ad116a7.jpg,815,duplicate,yes,original_run
gingi-632-copy_jpg.rf.7b4fc2f1ec53d1f4fc7512da6de646cf.jpg,gingi-632-copy_jpg.rf.e2916512c05ca592e87a6bbcb107ecd2.jpg,801,duplicate,yes,original_run
calculus-27-_jpg.rf.b7af3cac05abdd2c02ff5b2f1f321371.jpg,gingivitis-2107-_jpg.rf.d1aa837fb4e971a693bc0e6ea0a2a5b9.jpg,796,duplicate,yes,original_run
gingilagi-41-_jpg.rf.6bee8f4beb361222656520aa24a9b4bf.jpg,gingilagi-67-_jpg.rf.267abc22357daf7fc6967fa7458deda2.jpg,787,duplicate,yes,original_run
calculus-690-_jpg.rf.65fb41f1647028495d2bb475235c82ce.jpg,calculus-834-_jpg.rf.a4120a620e94d77a5ddde4af958d3ec0.jpg,759,duplicate,yes,original_run
gingi-283-copy_jpg.rf.7d57db9c97dd0ae9eee3733d09c05125.jpg,gingi-641-copy_jpg.rf.ecef9821330a54df9407c356efdad409.jpg,755,duplicate,yes,original_run
calculus-592-_jpg.rf.e1421f2becca84d60c3301a4d883d330.jpg,calculus-736-_jpg.rf.4801d0e8abab8ac1c41dd601d144481c.jpg,748,duplicate,yes,original_run
caries-2198-_jpeg.rf.c4e2eddf47d8949c81c43b2c2d204ee4.jpg,caries-2326-_jpeg.rf.cb295c318cbefdc6ea46070c312a4392.jpg,731,duplicate,yes,original_run
gingivitis-221-_jpg.rf.126284795d2c1c30f25733c7b714818e.jpg,gingivitis-2054-_jpg.rf.3aaa6794a082754db836a61970e52ad9.jpg,707,duplicate,yes,original_run
gingivitis-269-_jpg.rf.b73a5a6b500f271619139b9974e3e176.jpg,gingilagi-114-_jpg.rf.11add0324ad0f0fb6e4ddb80a448d1b0.jpg,682,duplicate,yes,original_run
gingivitis-2126-_jpg.rf.6efcf88cd751c5d3f76031980c5dedad.jpg,gingivitis-2120-_jpg.rf.0677a69d2929264ee675530a9136f545.jpg,641,duplicate,yes,original_run
calculus-843-_jpg.rf.435c6f1591b0bc3d1f59640dcfc79056.jpg,calculus-662-_jpg.rf.eaba384a8e543bfce4dc7e2ca8348b90.jpg,633,duplicate,yes,original_run
calculus-886-_jpg.rf.e29b64726f603ce69a1533ba1eaea0dc.jpg,calculus-22-_jpg.rf.1908d1f9cad05b7074e90aa1ec68ece2.jpg,602,duplicate,yes,original_run
gingivitis-1572-_jpg.rf.c04e5f90a4bda60757930cdacb5b2529.jpg,gingivitis-1312-_jpg.rf.e527fdddbee42d7a883fd191afff131e.jpg,597,duplicate,yes,original_run
calculus-416-_jpg.rf.0bb1de995892bcaa87e74280ea347ca1.jpg,calculus-560-_jpg.rf.21996a8f3347ca5a206f70b6a6e18ba0.jpg,546,duplicate,yes,original_run
gingi-337-copy_jpg.rf.5b44b1d583164db6a293dec473744ce1.jpg,gingi-337-copy_jpg.rf.f6728831c5cbcac903d0dd8cbb4061c8.jpg,527,duplicate,yes,original_run
hypodontia-1185-_JPG.rf.43bfe9610e4e8a9825437428233e1dc7.jpg,hypodontia-73-_JPG.rf.e417e743dd9a4b791be96658e790cba3.jpg,510,duplicate,yes,original_run
gingivitis-1449-_jpg.rf.2633604cce0b7251bcbe9b6d16ef679d.jpg,calculus-718-_jpg.rf.840b077306994ae18fb480c0f5f44dc1.jpg,508,duplicate,yes,original_run
gingivitis-1198-_jpg.rf.c7c0d74c7c9cb25cf038ff5dc4973678.jpg,gingi-244-copy_jpg.rf.20d24b10dbbb159fef6f74b241437d31.jpg,493,duplicate,yes,original_run
gingi-352-copy_jpg.rf.1eecf4db50462a9083e8ca58cca2e38d.jpg,gingi-161-copy_jpg.rf.28742aba667acea6291da2e883b4bc5a.jpg,489,duplicate,yes,original_run
gingivitis-1421-_jpg.rf.d0034d9d1ae7c85ab9f5a4d8b3f00da4.jpg,calcu-492-copy_jpg.rf.a786eff52bd589fe2a6fdc406c31f30d.jpg,477,duplicate,yes,original_run
gingivitis-1633-_jpg.rf.c42799e09ac1984acc19564b6a81e4dc.jpg,gingivitis-1893-_jpg.rf.b17d510d56754e0b465ba4954d88c8cb.jpg,475,duplicate,yes,original_run
hypodontia-119-_jpg.rf.7d1750cd201de86de6e6ece121db24bc.jpg,hypodontia-1231-_jpg.rf.6fbd006ace7569ccf8292d197e96df44.jpg,465,duplicate,yes,original_run
caries-1419-_jpeg.rf.2691ecc02eaf196b325139701d72aa73.jpg,caries-490-_jpeg.rf.2c581b36221b172fa425c1ca2bad755d.jpg,458,duplicate,yes,original_run
calcu-204-copy_jpg.rf.5dbd2b0133e95db07b3d090e7b2c81a4.jpg,calculus-870-_jpg.rf.f6df9123dbe40984042cf49ed8408f2f.jpg,451,duplicate,yes,original_run
caries-1813-_jpeg.rf.2dd9cccf97fded480e7bf0fc7765f503.jpg,caries-1332-_jpeg.rf.cf2b8f2d527e635ff9716de2e203842d.jpg,450,duplicate,yes,original_run
gingivitis-1743-_jpg.rf.2cca41ee8b96ebf18aacb952b3aab3fd.jpg,gingivitis-2258-_jpg.rf.1c58a044d815ac4ef4546e45b761990c.jpg,443,duplicate,yes,original_run
gingivitis-47-_jpg.rf.0446ed73aa5e4e9ca923d3f0e2ea6ad2.jpg,gingivitis-1621-_jpg.rf.f5fc30c516fa9e1dc98a69d752a8aebe.jpg,433,duplicate,yes,original_run
calculus-946-_jpg.rf.72a16ee27a2f26f2826ee55ce2e3c887.jpg,calculus-1234-_jpg.rf.380fe1bfde08b0ebb630d45840beab4d.jpg,425,duplicate,yes,original_run
gingivitis-1576-_jpg.rf.1adb57252953173f3f9c4c3ec55ee905.jpg,gingivitis-2095-_jpg.rf.64bf35ab1ded4cde6db4e793d333f357.jpg,383,duplicate,yes,original_run
calcu-551-copy_jpg.rf.204fcda672761384497b3b70d511326a.jpg,calculus-742-_jpg.rf.d187903173846bb84b01a697050fcded.jpg,382,duplicate,yes,original_run
tooth_discolation-573-_jpeg.rf.1bb675211f60143533cfd67b8d43f46d.jpg,tooth_discolation-1225-_jpeg.rf.3bd355ce56fcaca0d4120779fe9813ae.jpg,356,duplicate,yes,original_run
caries-1770-_jpeg.rf.48687fa204e1725dd5f33283911f9ea4.jpg,caries-148-_jpeg.rf.47cc9b6755fe3ae30d1ce1d9a408a474.jpg,339,duplicate,yes,original_run
gingivitis-210-_jpg.rf.62308790ba09ae512f5d13afede9a53d.jpg,gingi-534-copy_jpg.rf.c4029849a2be5abca0f8f110b7400d61.jpg,300,duplicate,yes,original_run
caries-203-_jpeg.rf.38c20adc71553536e5da0e5119e898a4.jpg,caries-2153-_jpeg.rf.cb46bdb24fb9f8964da190c263631084.jpg,274,duplicate,yes,original_run
caries-359-_jpeg.rf.7b21ba797bee62cbb48469acca7cdab1.jpg,caries-1437-_jpeg.rf.af5881fad5eb5817979a1c51421597a1.jpg,259,duplicate,yes,original_run
tooth_discolation-38-_jpeg.rf.031ac8f27cf6f5ca99342bfe26d693a0.jpg,tooth_discolation-178-_jpeg.rf.f73495a44976d1b71ec0372f6322ebab.jpg,255,duplicate,yes,original_run
caries-895-_jpeg.rf.7f2175d40592bad7f4e26c767d40b9bd.jpg,caries-2109-_jpeg.rf.95d0cb9c40819bfdd6db4a196efab6f1.jpg,251,duplicate,yes,original_run
tooth_discolation-456-_jpeg.rf.b7adcf5a0bd231bd86e4720feedbffcc.jpg,tooth_discolation-57-_jpeg.rf.1218312d281108e73d10bb58eba3ee9f.jpg,250,duplicate,yes,original_run
caries-1273-_jpeg.rf.3f4e56112ee51dc9dd61867a8754d23c.jpg,caries-710-_jpeg.rf.1ff342f0ec5db97f018299992032281e.jpg,246,duplicate,yes,original_run
caries-719-_jpeg.rf.1f22e9f3d1b3dbfbd1393c1c477f13cb.jpg,caries-1368-_jpeg.rf.6f769ea9dd661c5fd71eee1fb09b1876.jpg,236,duplicate,yes,original_run
tooth_discolation-474-_jpeg.rf.e80062447f411aa98ea13d79fefe9d14.jpg,tooth_discolation-88-_jpeg.rf.b5c10a4cc5aad2f1faf4c45326a4c526.jpg,236,duplicate,yes,original_run
hypodontia-839-_JPG.rf.07c56dd122da3977f850a8c5e5e06d6c.jpg,hypodontia-1117-_JPG.rf.497330048d126bc838204d53f8e32c94.jpg,234,duplicate,yes,original_run
hypodontia-754-_JPG.rf.dba369d6ee8f88979bb0f5715e7cc66f.jpg,hypodontia-615-_JPG.rf.350969093d11b33fd077542b02324e05.jpg,227,duplicate,yes,original_run
caries-261-_jpeg.rf.623ec90aee4fe47314e16d6e76f52c47.jpg,caries-2117-_jpeg.rf.0d4742df1c10fd5e285f083a0baaba8a.jpg,225,duplicate,yes,original_run
hypodontia-925-_JPG.rf.4107e48dbdbe0ea363c95c222563bcf2.jpg,hypodontia-923-_JPG.rf.942e1dda3e145809c2789b455be0a5ad.jpg,223,duplicate,yes,original_run
caries-869-_jpeg.rf.31f00ffb88dd09f60b164bc213d144bd.jpg,caries-752-_jpeg.rf.136a880e3dd34b7e41266c8ad0e46b7f.jpg,210,duplicate,yes,original_run
gingilagi-251-_jpg.rf.e40005febfa4b347eecd2cce2e44a0e5.jpg,gingilagi-252-_jpg.rf.d1451cc40181cdd37a597a0fb7af9e0d.jpg,209,duplicate,yes,original_run
tooth_discolation-215-_jpeg.rf.a2af1a95254c64981a6fdf72766065c7.jpg,tooth_discolation-556-_jpeg.rf.e4bf02b7088d3f07ee8c6222773b0e2b.jpg,209,duplicate,yes,original_run
tooth_discolation-1327-_jpeg.rf.a4a4d9f5faf8217b5089a61bf0a2910b.jpg,tooth_discolation-715-_jpeg.rf.808bf849162652cbe14ac5f84a4a5e75.jpg,204,duplicate,yes,original_run
hypodontia-1119-_JPG.rf.2cc48a8786609c37e93ec6398ec62157.jpg,hypodontia-7-_JPG.rf.e93862d877f4feea90a76ca910cf4732.jpg,203,duplicate,yes,original_run
caries-1565-_jpeg.rf.60e97b6b1e92e6bcde2d2f9c6088bb9d.jpg,caries-1515-_jpeg.rf.2e624f28c1851f5d92ff0f74ae44fc58.jpg,202,duplicate,yes,original_run
ulcer-1237-_jpeg.rf.4c5ba84d5011b2a382a93153534e9cbd.jpg,ulcer-531-_jpeg.rf.bd2433c213acbd378b7aaed1660bc115.jpg,198,duplicate,yes,original_run
caries-27-_jpeg.rf.f6d48215f7b16c1e68d08e0228d9b76b.jpg,caries-97-_jpeg.rf.7d40f77108ff4e7e38355d6d45ef575f.jpg,194,duplicate,yes,original_run
tooth_discolation-1353-_jpeg.rf.e55f1c2cd4d9cf28a74d524a80ee0b7d.jpg,tooth_discolation-1358-_jpeg.rf.cb362767942aac264e58c6ef86a56d3e.jpg,188,duplicate,yes,original_run
tooth_discolation-738-_jpeg.rf.e5d91688640b775fe0dfb055452d524a.jpg,tooth_discolation-930-_jpeg.rf.3001268290c9abafa5ee74fe0ec7e088.jpg,188,duplicate,yes,original_run
tooth_discolation-757-_jpeg.rf.2dda5741cf8ae2ddeb183840dd691842.jpg,tooth_discolation-220-_jpeg.rf.ee4a1f60dd7ff50e54f06b689dd59f8d.jpg,187,duplicate,yes,original_run
tooth_discolation-230-_jpeg.rf.09ad477ceb111fbf42244c2e51011312.jpg,tooth_discolation-9-_jpeg.rf.13bd82e172980960ad785d3b918deccb.jpg,182,duplicate,yes,original_run
gingilagi-246-_jpg.rf.ba0e21eaf7f8a7b726217d055f93885b.jpg,gingilagi-245-_jpg.rf.e09480c0e78621ae2974d6e68237af15.jpg,182,duplicate,yes,original_run
gingilagi-115-_jpg.rf.11e86b5601c148d774340bbd5cbc8481.jpg,gingilagi-129-_jpg.rf.0f15fe4ff8e911dcd6ea57eca4fd3e8b.jpg,181,duplicate,yes,original_run
hypodontia-1104-_JPG.rf.ef5f7246d4ba271e2073e4d7f912e845.jpg,hypodontia-965-_JPG.rf.d07ba53770740f15c33b2c59390661db.jpg,178,duplicate,yes,original_run
caries-1713-_jpeg.rf.d0a978001be145d01c63ec021637bdde.jpg,caries-1909-_jpeg.rf.ced1ed2243d600e53af9118a17f5505f.jpg,176,duplicate,yes,original_run
caries-78-_jpeg.rf.d1ac27ce24fdbebe54a49bc2fdf908dd.jpg,caries-591-_jpeg.rf.3d39edde7a5a95e60ee3de5b70ab2ad5.jpg,172,duplicate,yes,original_run
tooth_discolation-63-_jpeg.rf.36c26db48876ecf170380757db18be0f.jpg,tooth_discolation-597-_jpeg.rf.a99410e063a6e77c6a191d6067e3512b.jpg,165,duplicate,yes,original_run
gingilagi-289-_jpg.rf.541b47807ac100ac931d8ad3b2ca5bb2.jpg,gingilagi-290-_jpg.rf.5fe4eae07a33f96735825a36c3d0af5d.jpg,163,duplicate,yes,original_run
ulcer-713-_jpeg.rf.ef96f870476a554092bfae32662f78bd.jpg,ulcer-1590-_jpeg.rf.fb47219df316855f746e6f6ec4116f1b.jpg,161,duplicate,yes,original_run
ulcer-2262-_jpeg.rf.e626ce4be561aeea2d7acebb59abd5eb.jpg,ulcer-510-_jpeg.rf.ee7ae17a489096e3a879c15fab553360.jpg,161,duplicate,yes,original_run
caries-1080-_jpeg.rf.d5ce689c97eb08e1fb9467192589b5c0.jpg,caries-846-_jpeg.rf.6159c40ba245ce1f9be7d3319f5dc967.jpg,159,duplicate,yes,original_run
caries-1488-_jpeg.rf.04355cb315d591b412410c63f7a04521.jpg,caries-1096-_jpeg.rf.17472da15783aed54f8339f5466f778e.jpg,156,duplicate,yes,original_run
calculus-1082-_jpg.rf.f0eabeb4bd287afe129e72e1228bfabe.jpg,calculus-74-_jpg.rf.d8bc08c0de750cdda278e5597a0faba7.jpg,155,duplicate,yes,original_run
caries-1975-_jpeg.rf.b1b4d02e6c2d63bad3770443c3aefe26.jpg,caries-1880-_jpeg.rf.22f8c5cd4a5b879daf0b83a68c3a43d2.jpg,155,duplicate,yes,original_run
tooth_discolation-1476-_jpeg.rf.c374a62829165451d38b1421d547d80c.jpg,tooth_discolation-845-_jpeg.rf.2ec86bf73e6ea18aa6e0bd64e3214c3f.jpg,150,duplicate,yes,original_run
tooth_discolation-383-_jpeg.rf.d1376f92ffb78ec9cfda1d6258b08d7d.jpg,tooth_discolation-118-_jpeg.rf.ef6de8b3cba296f58fdfff7cff63073a.jpg,143,duplicate,yes,original_run
caries-2241-_jpeg.rf.e859c0735f6bc994090eeebda124e1e6.jpg,caries-846-_jpeg.rf.6159c40ba245ce1f9be7d3319f5dc967.jpg,140,duplicate,yes,original_run
caries-30-_jpeg.rf.db687db3ba9f5e05db6be7848352ddb9.jpg,caries-728-_jpeg.rf.c0bf8446c9db15626a611b12efa89bf7.jpg,140,duplicate,yes,original_run
tooth_discolation-660-_jpeg.rf.19da79d57c4613b8d8da2c8fa6f1e930.jpg,tooth_discolation-807-_jpeg.rf.be4d411b16d4411c14d340049e0eabb5.jpg,139,duplicate,yes,original_run
hypodontia-702-_JPG.rf.0bbab7cae3f2d308b7d5b99bb9a29d5e.jpg,hypodontia-563-_JPG.rf.3e4048d61970f69e30756b56862599b7.jpg,136,duplicate,yes,original_run
caries-2362-_jpeg.rf.578aa1b39eff9b2d7b43d899b3529c18.jpg,caries-1511-_jpeg.rf.4a00d421da9396c760a733abc56bfbf1.jpg,132,duplicate,yes,original_run
caries-1230-_jpeg.rf.655a72abca93d76aa596f66e756e93b2.jpg,caries-752-_jpeg.rf.136a880e3dd34b7e41266c8ad0e46b7f.jpg,130,duplicate,yes,original_run
caries-1643-_jpeg.rf.d0f1de90e4ad173c3731ea561461ab2c.jpg,caries-131-_jpeg.rf.2a90985d5e351964f95be9342d61e190.jpg,126,duplicate,yes,original_run
caries-394-_jpeg.rf.cf60716a257b6228166740f446646fcd.jpg,caries-2214-_jpeg.rf.4f87367260051dca8f828bd4fa5e1475.jpg,124,duplicate,yes,original_run
ulcer-1667-_jpeg.rf.109d9afb65c099fb3cee21b45cb30035.jpg,ulcer-375-_jpeg.rf.4a88cd29127bb2bfe4ea6050c032f98d.jpg,123,duplicate,yes,original_run
ulcer-1940-_jpeg.rf.97864ecc16dd931c1f1d03857d991a81.jpg,ulcer-1613-_jpeg.rf.74df036190ea5f225460e100743bbe2a.jpg,122,duplicate,yes,original_run
tooth_discolation-795-_jpeg.rf.4f6e34fba25859e3554ca3a1a7163c5d.jpg,tooth_discolation-409-_jpeg.rf.e1f70c7fa6e8afe5df102ced82e36829.jpg,122,duplicate,yes,original_run
caries-1127-_jpeg.rf.ec47ab13404b918d2736abadcd702268.jpg,caries-347-_jpeg.rf.d65278f270343624d892f40ef1906120.jpg,122,duplicate,yes,original_run
caries-887-_jpeg.rf.313969cbd1e8948d1db496a10edebd36.jpg,caries-1626-_jpeg.rf.c3be7c9e438131beaddb7aefaa61b25d.jpg,121,duplicate,yes,original_run
tooth_discolation-1002-_jpeg.rf.3e34783e83312bb61a862480d81797cf.jpg,tooth_discolation-503-_jpeg.rf.696f0c10201c94c1c891e4b1cde6702e.jpg,120,duplicate,yes,original_run
ulcer-442-_jpeg.rf.9f7658658c1b2bbab2cb2153daf05eeb.jpg,ulcer-1955-_jpeg.rf.9ee0172a913cbcc435dab5007ee86e59.jpg,119,duplicate,yes,original_run
tooth_discolation-558-_jpeg.rf.26e275feaf773e442e48ff2ed74e1779.jpg,tooth_discolation-681-_jpeg.rf.813ad0d3796b14119b64271ab55ba1b5.jpg,118,duplicate,yes,original_run
ulcer-199-_jpeg.rf.62eca50343173347d168eb24647fb5b8.jpg,ulcer-2316-_jpeg.rf.901420ed8fb7b4cfb6c0fe880e4ab8f4.jpg,118,duplicate,yes,original_run
ulcer-2034-_jpeg.rf.dde6feaf4ebb5fc05b26c47aca95dbb6.jpg,ulcer-1458-_jpeg.rf.e8d331f91abe71aa793763d55dc6357c.jpg,116,duplicate,yes,original_run
ulcer-47-_jpeg.rf.a777f9378e862a522acd66116b7e7e9e.jpg,ulcer-691-_jpeg.rf.70ee46b38c1e24ad95df415060e5fa1c.jpg,114,duplicate,yes,original_run
calculus-728-_jpg.rf.2ad04dd63bf8a90b65f35c9be931cc58.jpg,calculus-584-_jpg.rf.08d5d60cd1e0eed8d706f6b07a86e57c.jpg,113,duplicate,yes,original_run
ulcer-54-_jpeg.rf.c59deaae0749f833e592d93be41f2d19.jpg,ulcer-674-_jpeg.rf.b83fd4e89128db309932eff8db1cc264.jpg,113,duplicate,yes,original_run
hypodontia-1083-_jpg.rf.95bb5136cdd893415a4d5fcfebf36ebb.jpg,hypodontia-944-_jpg.rf.ce942581a8bf275e545c8c936a2589a4.jpg,113,duplicate,yes,original_run
ulcer-2429-_jpeg.rf.72f4e316c9b347edadba27c0de63a980.jpg,ulcer-1749-_jpeg.rf.4b533d6f2152b2efc94f62271d14bdac.jpg,99,duplicate,yes,original_run
tooth_discolation-1731-_jpeg.rf.3f037358a472ae0d9075a2d65401f141.jpg,tooth_discolation-641-_jpeg.rf.dcbc5b62fcf451ca52a6c74db0243c2c.jpg,96,duplicate,yes,original_run
ulcer-1408-_jpeg.rf.311202f887b92b1fc9c12f3523c2ca0a.jpg,ulcer-2316-_jpeg.rf.901420ed8fb7b4cfb6c0fe880e4ab8f4.jpg,94,duplicate,yes,original_run
calculus-454-_jpg.rf.97128a52980eabcecac2837c5b0d60fa.jpg,hypodontia-445-_JPG.rf.71ccdf3b906ec37b17d2cb2d98c63ac4.jpg,92,duplicate,yes,original_run
tooth_discolation-672-_jpeg.rf.8c717779b4f526d76b05e243d8ca884a.jpg,tooth_discolation-1433-_jpeg.rf.436c3318032c3442d743d48315ac9d1f.jpg,92,duplicate,yes,original_run
ulcer-2152-_jpeg.rf.f963d284dc8811d75fb78832263f14e4.jpg,ulcer-2393-_jpeg.rf.b2a2f3bcfae762492ba36e676753f0e7.jpg,92,duplicate,yes,original_run
caries-118-_jpeg.rf.296582ec1167bfa17f39fc061e225fea.jpg,caries-651-_jpeg.rf.a20a0c52031e3527d706e7c49609004c.jpg,89,duplicate,yes,original_run
gingivitis-959-_jpg.rf.2805ecf6b1188173704422f50c87cd1d.jpg,hypodontia-445-_JPG.rf.71ccdf3b906ec37b17d2cb2d98c63ac4.jpg,89,duplicate,yes,original_run
caries-1959-_jpeg.rf.bb942be1a3454491fbad26fe142e1a2c.jpg,caries-1354-_jpeg.rf.32a87331f4fba300ce9d3883ad1909f0.jpg,88,duplicate,yes,original_run
caries-1421-_jpeg.rf.2bba465d9b8cb7995e7832f94b365b8f.jpg,caries-580-_jpeg.rf.2de410c28fceef6fd5ee261556c76796.jpg,88,duplicate,yes,original_run
caries-669-_jpeg.rf.04325376221542065cde742c7d215de1.jpg,caries-2352-_jpeg.rf.4ddb5f98b785226710edc2d193dacef8.jpg,87,duplicate,yes,original_run
tooth_discolation-343-_jpeg.rf.540a95b9b2c89bf200c7e7819cfb625c.jpg,tooth_discolation-1355-_jpeg.rf.f4641fb8f62f558f16dfa85bd918d71f.jpg,86,duplicate,yes,original_run
caries-101-_jpeg.rf.5c101637d4df396023913bfba301620d.jpg,caries-547-_jpeg.rf.2f6360a8ff9eeb92921a5ec53bd34ef7.jpg,82,duplicate,yes,original_run
tooth_discolation-1137-_jpeg.rf.859adb61854bc7285ae485901baf4e8b.jpg,tooth_discolation-412-_jpeg.rf.1a26645fd643c9c26d9a99dd914b9bd5.jpg,82,duplicate,yes,original_run
tooth_discolation-286-_jpeg.rf.eed01bca0b18b8f4aaa4623d4efbf46d.jpg,tooth_discolation-1449-_jpeg.rf.2142aba29600b48b21f957cc340ca33b.jpg,80,duplicate,yes,original_run
hypodontia-248-_jpg.rf.26b958a811e0ac98e5284fa3a8f0b105.jpg,hypodontia-187-_JPG.rf.796b596fb4491cfb196b839cb5a8f25c.jpg,80,duplicate,yes,original_run
hypodontia-431-_JPG.rf.7c5bc684b3373196af0b21ec256be5e5.jpg,hypodontia-514-_JPG.rf.628881c5c1a732ad92893229ef398130.jpg,69,duplicate,yes,original_run
caries-1043-_jpeg.rf.fc1b5f8e9329b1401475472892e5a738.jpg,ulcer-1981-_jpeg.rf.99b6a94a8b242861b768ac31a9e9657c.jpg,68,duplicate,yes,original_run
ulcer-19-_jpeg.rf.1356c367a89de9c187187d2af7913d90.jpg,ulcer-930-_jpeg.rf.ee4a90f485172684216d7e393668f80c.jpg,68,duplicate,yes,original_run
tooth_discolation-717-_jpeg.rf.1af74a5a9820db5d6deda596884f3ae6.jpg,tooth_discolation-1226-_jpeg.rf.eabb4a3cf8055586bdf16935a2f3916a.jpg,67,duplicate,yes,original_run
caries-2213-_jpeg.rf.0f554a0d570b516730414bd9c6c6b5b0.jpg,caries-375-_jpeg.rf.8ac3845e09e91dbc295d0b1bb115fd9b.jpg,65,duplicate,yes,original_run
tooth_discolation-900-_jpeg.rf.7b3ece04558d144104455dee94e70e8b.jpg,tooth_discolation-1206-_jpeg.rf.7dc7da35b87edc28c529e47b47e28fa8.jpg,64,duplicate,yes,original_run
calculus-523-_jpg.rf.abf8652d77bead3dd7747de8e1507010.jpg,hypodontia-445-_JPG.rf.71ccdf3b906ec37b17d2cb2d98c63ac4.jpg,63,duplicate,yes,original_run
gingi-215-copy_jpg.rf.78914297fc853c72581d82054d0c3359.jpg,gingilagi-245-_jpg.rf.e09480c0e78621ae2974d6e68237af15.jpg,62,duplicate,yes,original_run
hypodontia-353-_JPG.rf.cbe7346efff32b0900ed92eb5caeea53.jpg,hypodontia-177-_JPG.rf.9294380512185a0cfade092af98ef684.jpg,58,duplicate,yes,original_run
ulcer-1529-_jpeg.rf.60fee3452e4561ef561f8799a6905f28.jpg,ulcer-484-_jpeg.rf.ac440ff056d81a82091997e7e5f2ab2d.jpg,57,duplicate,yes,original_run
tooth_discolation-1834-_jpeg.rf.9560f29dd26a7e02676d0ded9d4df05b.jpg,tooth_discolation-1709-_jpeg.rf.1d0aa06697fe1869f8d35a2cc655eec6.jpg,57,duplicate,yes,original_run
tooth_discolation-1534-_jpeg.rf.114cc099d19bb758fd1a128650b5c961.jpg,tooth_discolation-1808-_jpeg.rf.a261697d542187697b496d2dc01d8759.jpg,57,duplicate,yes,original_run
ulcer-1259-_jpeg.rf.018fa9884d90bc486240c3dde20b4fc5.jpg,ulcer-2229-_jpeg.rf.50f91f92be62fa367123dc880954929b.jpg,55,duplicate,yes,original_run
gingivitis-794-_jpg.rf.bcc574cd95997564f75a1c9c8f044f95.jpg,hypodontia-436-_JPG.rf.2f36d82bd89fe6024efda12e445a0431.jpg,54,duplicate,yes,original_run
ulcer-1777-_jpeg.rf.a02dade07e9746820afb3c8b5a6598b9.jpg,ulcer-1279-_jpeg.rf.980f33fbd9a331079cde665f61f01ecd.jpg,53,duplicate,yes,original_run
ulcer-1381-_jpeg.rf.e4c2cda1b057cd31f43945a1dc1e8f12.jpg,ulcer-2078-_jpeg.rf.1cd05eee9bdc77c94af26dfebbeea021.jpg,53,duplicate,yes,original_run
tooth_discolation-579-_jpeg.rf.0bc983ad735e47af285f6902905b4e33.jpg,tooth_discolation-837-_jpeg.rf.ff49ce915f810ecbb74de7b06ff74de6.jpg,53,duplicate,yes,original_run
calculus-463-_jpg.rf.c7184c58feaec04a67dfa9ed71c80c3d.jpg,hypodontia-1005-_JPG.rf.e178b2fb0f25b005286d4500e8bdd077.jpg,49,duplicate,yes,original_run
tooth_discolation-578-_jpeg.rf.c0410d497786591fc1caee284d9d241b.jpg,tooth_discolation-1375-_jpeg.rf.cca65635b5b8957d4ebe04874ee63aa5.jpg,48,duplicate,yes,original_run
hypodontia-1121-_JPG.rf.cb9dec9281375c847251f16b4d591eba.jpg,hypodontia-9-_JPG.rf.8dc8421a1bbaa226d13dadea3c21518b.jpg,45,duplicate,yes,original_run
ulcer-1084-_jpeg.rf.7e5efbf52db63f62b8b737115298e015.jpg,ulcer-1722-_jpeg.rf.0b4874e1d089852e3587ddd1c69999c0.jpg,44,duplicate,yes,original_run
caries-61-_jpeg.rf.293b12f1c4bab13afe6e1f302c91d2d5.jpg,caries-564-_jpeg.rf.280ee850c2cc5fcbfbd2c76c499838b4.jpg,42,duplicate,yes,original_run
caries-1416-_jpeg.rf.b5b3a35abe2d839f2da0d02297b876f6.jpg,caries-264-_jpeg.rf.c073566f0683fd9b6c1f3136c4749fd9.jpg,42,duplicate,yes,original_run
ulcer-1238-_jpeg.rf.1e8d5dca6bef084a068132255541b2e1.jpg,ulcer-2376-_jpeg.rf.a66fb9ba1327890fc27a24da5cab62af.jpg,41,duplicate,yes,original_run
gingivitis-592-_jpg.rf.50b1d956e0a69c35f6be2bc67aa8ac6c.jpg,hypodontia-312-_JPG.rf.bacc12c7b79fbd15598860224f13118f.jpg,40,duplicate,yes,original_run
caries-578-_jpeg.rf.0ae9765ec732272db07131e76612c2cb.jpg,caries-301-_jpeg.rf.327f5be046480fa27fcba55e68cb8774.jpg,40,duplicate,yes,original_run
gingivitis-306-_jpg.rf.f696008fb027539d9abcfe807268ac3e.jpg,gingilagi-235-_jpg.rf.72efa15b1c815f83f3cf7e2681ea496b.jpg,38,duplicate,yes,original_run
caries-1283-_jpeg.rf.79fa03047a9d5731a5a5ae78c5215ce7.jpg,caries-2122-_jpeg.rf.f7a4540ed15cce463b5dc5b799f73b13.jpg,36,duplicate,yes,original_run
calculus-306-_jpg.rf.142b99a4a56b4f0ef6a31ac33d65ffad.jpg,hypodontia-435-_JPG.rf.2ba58e8106681da1badb2f95fdd10a86.jpg,36,duplicate,yes,original_run
caries-2174-_jpeg.rf.a59dab256245a3e71167f5bdbd709f36.jpg,caries-126-_jpeg.rf.e39c45e3ff0b70c75a152341465157cf.jpg,36,duplicate,yes,original_run
tooth_discolation-387-_jpeg.rf.620f11702846b53dfd1127c0c9971b59.jpg,tooth_discolation-639-_jpeg.rf.1dd5f841daf449da08c0f5a64261317c.jpg,34,duplicate,yes,original_run
ulcer-413-_jpeg.rf.c9df4b8457dec22887614b23f561b101.jpg,ulcer-2073-_jpeg.rf.c1f205faeade1a4df19c37f2c7e0b79b.jpg,33,duplicate,yes,original_run
gingivitis-538-_jpg.rf.6f1cfd2ef282bd88e637f6895af7b2a7.jpg,hypodontia-435-_JPG.rf.2ba58e8106681da1badb2f95fdd10a86.jpg,32,duplicate,yes,original_run
tooth_discolation-816-_jpeg.rf.80f6609ad5336968a35545546547921c.jpg,tooth_discolation-1609-_jpeg.rf.4f86877d599a6c970b77b80ccb10b810.jpg,31,duplicate,yes,original_run
tooth_discolation-477-_jpeg.rf.befa9ad1a79b8e854a53267397cacd8f.jpg,tooth_discolation-241-_jpeg.rf.61096437be087dbc6075d0bbe7c423a2.jpg,30,duplicate,yes,original_run
ulcer-989-_jpeg.rf.b1ce795a64b032e20722c8de00834a7b.jpg,ulcer-1123-_jpeg.rf.7e471d0412cf7a29fb86543b836a8147.jpg,30,duplicate,yes,original_run
hypodontia-503-_JPG.rf.58152d06f1e7255913e924846d1bafa8.jpg,hypodontia-468-_JPG.rf.4800d3830696b2bf77ae33c6e627bd65.jpg,28,duplicate,yes,original_run
tooth_discolation-709-_jpeg.rf.472ac1ccc08ce65ed894609bdcd2ce27.jpg,tooth_discolation-718-_jpeg.rf.8557731226b5321e7f06e209a164c6f5.jpg,28,duplicate,yes,original_run
caries-1570-_jpeg.rf.c534ff60cf5fb6b41557ad2e65d9c657.jpg,caries-1051-_jpeg.rf.ae94776c8a1e03aa438e06ab2af8129d.jpg,28,duplicate,yes,original_run
hypodontia-1069-_JPG.rf.cc3f9a5b3e42448b9a4ca79598ea98dc.jpg,hypodontia-1001-_JPG.rf.6cf02d5d9cc572e7899fe945e0795b44.jpg,28,duplicate,yes,original_run
tooth_discolation-1603-_jpeg.rf.cb822aa4229570b189da600a1cda17d5.jpg,tooth_discolation-1754-_jpeg.rf.823f48ea2496fbd60160041708a6f954.jpg,27,duplicate,yes,original_run
ulcer-2383-_jpeg.rf.3731d9a801d98be1d29f3346f484fcc1.jpg,ulcer-2497-_jpeg.rf.e7fbfdbc7f92b9aff979ac0cdd86e169.jpg,27,duplicate,yes,original_run
hypodontia-1161-_JPG.rf.dc1fcda4f206a2cba31b4b68bbc81142.jpg,hypodontia-883-_JPG.rf.b2a81185a2b2124389ab7bb31bf730cb.jpg,25,duplicate,yes,original_run
tooth_discolation-454-_jpeg.rf.36d4c57cb47bc9f6b7a9d4dd9fe43afe.jpg,tooth_discolation-1733-_jpeg.rf.ec7e3bc8cdfaa57a29d23e49aee238b6.jpg,24,no_match,no,rescored_here
ulcer-2238-_jpeg.rf.c7256910df8da9b382300f57400dc468.jpg,ulcer-963-_jpeg.rf.6d3d9135ce7972ea65bb5e1ced884d4b.jpg,24,no_match,no,rescored_here
ulcer-616-_jpeg.rf.197548fc1ac16c40be1ddd5a510d5713.jpg,ulcer-1875-_jpeg.rf.5c6ba04db1540b61b60e2940d6714474.jpg,23,no_match,no,rescored_here
ulcer-2465-_jpeg.rf.c6a6bb897157aa609e9f0a57e51aea7a.jpg,ulcer-1364-_jpeg.rf.0a9bc7a5f645be6c8ab4fe62b8530719.jpg,23,no_match,no,rescored_here
tooth_discolation-119-_jpeg.rf.e7814b1ddd5e5c201bdcb6d7513250d6.jpg,tooth_discolation-290-_jpeg.rf.d5f37b4d8d84122ca6de22f825f9024d.jpg,23,no_match,no,rescored_here
ulcer-1620-_jpeg.rf.aeebb84bdd1f755699edefd6a968fafb.jpg,ulcer-631-_jpeg.rf.83f3d490ad56a4f158d03a613c88c056.jpg,21,no_match,no,rescored_here
tooth_discolation-975-_jpeg.rf.ea72722989c48345368c46f55ec0bca8.jpg,tooth_discolation-1011-_jpeg.rf.e162e8a8fe1dc861031487c4f0fbcb0c.jpg,21,no_match,no,rescored_here
hypodontia-823-_jpg.rf.db3959d928099f26557787ba0f9e315a.jpg,hypodontia-177-_JPG.rf.9294380512185a0cfade092af98ef684.jpg,18,no_match,no,rescored_here
ulcer-938-_jpeg.rf.deaed0fd07e43224128834c6890f9e77.jpg,ulcer-1093-_jpeg.rf.bbada6700fd1875dfc568c545fa27125.jpg,16,no_match,no,rescored_here
-278_jpg.rf.e47a79888890e1e75d72c976c96f6c67.jpg,caries-1321-_jpeg.rf.e9859c09c6211ffddaf2174ce7d661d7.jpg,16,no_match,no,rescored_here
caries-1105-_jpeg.rf.26d121deb789cf0ec4a416f8260ea7c7.jpg,caries-770-_jpeg.rf.666fd2ab54e1289d0923ca6c1b9adc24.jpg,15,no_match,no,rescored_here
gingilagi-77-_jpg.rf.aa7786346bafbe350ceedbcffc3d6514.jpg,tooth_discolation-320-_jpeg.rf.64a2c782a9f5a78dd7f11bd6cab0be53.jpg,15,no_match,no,rescored_here
calculus-769-_jpg.rf.91d0934cc3fb0ca30bcb125ede9e7a4a.jpg,caries-1114-_jpeg.rf.b9a92c0c6179d122e5709edf6ed5ba64.jpg,13,no_match,no,rescored_here
ulcer-244-_jpeg.rf.a291cb98f12a96192e33fb0e915d682b.jpg,ulcer-1535-_jpeg.rf.0e2e9752fd8b775b73c2a8660af15974.jpg,13,no_match,no,rescored_here
ulcer-777-_jpeg.rf.27775792d703d5e87fe312f8f45f6012.jpg,ulcer-32-_jpeg.rf.44c8fa5ee86e2d2cd273ac5c996b6fcd.jpg,13,no_match,no,rescored_here
hypodontia-671-_JPG.rf.704157d35204764a16b934ac89cd9e04.jpg,hypodontia-578-_JPG.rf.adf2e2d0f1b839e33a44db3a26b2cab7.jpg,12,no_match,no,rescored_here
caries-757-_jpeg.rf.d245a273ba7ca95089f2dc27a5803983.jpg,caries-1910-_jpeg.rf.081bca1ef6e447785ab2d9ea2bdceac5.jpg,11,no_match,no,rescored_here
caries-1673-_jpeg.rf.7d85db4d3922cfc59632970caab6903e.jpg,caries-1910-_jpeg.rf.081bca1ef6e447785ab2d9ea2bdceac5.jpg,11,no_match,no,rescored_here
hypodontia-1044-_JPG.rf.5abb7fe3bf867c1811a1ca988ff3e207.jpg,hypodontia-1051-_JPG.rf.3b74211ed6ca9dccede5010f4faff2d6.jpg,10,no_match,no,rescored_here
tooth_discolation-1332-_jpeg.rf.f264fb8520e3d0d955cd356ee03db9fb.jpg,tooth_discolation-1687-_jpeg.rf.c1b380d2be9cc716d4f12ec198dbb64d.jpg,9,no_match,no,rescored_here
hypodontia-1084-_jpg.rf.7a3b6485c0b2eec3d20fd40672128ea5.jpg,hypodontia-872-_JPG.rf.8da875cc4454bf193a26bfb94c2a825b.jpg,8,no_match,no,rescored_here
caries-1317-_jpeg.rf.d8cd4f4c2e1dc82acf277f383451273d.jpg,caries-337-_jpeg.rf.789b888198c5a33f6e71186085c0edaf.jpg,7,no_match,no,rescored_here
tooth_discolation-1348-_jpeg.rf.6cd4fa455ebdb5d977bf6f1a5922bcb1.jpg,tooth_discolation-705-_jpeg.rf.2b10309f9494b340e7cdb4757743679d.jpg,6,no_match,no,rescored_here
hypodontia-392-_JPG.rf.b5cfd3858ba2cc23e15f7e369bc6985a.jpg,gingivitis-565-_jpg.rf.10ab96aba2550b26d39d1716a37766f3.jpg,6,no_match,no,rescored_here
gingivitis-2057-_JPG.rf.b96830d95e294cf4b819a9e49e047b84.jpg,hypodontia-1051-_JPG.rf.3b74211ed6ca9dccede5010f4faff2d6.jpg,6,no_match,no,rescored_here
hypodontia-30-_JPG.rf.5dd87faf05ed72e998642e6c501f0e34.jpg,,0,no_match,no,rescored_here
hypodontia-38-_JPG.rf.7fc395053b2299173d43f056c29ae222.jpg,,0,no_match,no,rescored_here
hypodontia-308-_JPG.rf.647cbadbaa1ea334056419de797b4d94.jpg,,0,no_match,no,rescored_here
ulcer-2462-_jpeg.rf.4fc0d4bdd1a5b94ff5b8a370c89fa9e3.jpg,,0,no_match,no,rescored_here
caries-2040-_jpeg.rf.cda7b5f996bf21fb28077eb62ee073b3.jpg,,0,no_match,no,rescored_here
tooth_discolation-1227-_jpeg.rf.6cf3219a0f94dd23581d8b0f585d463a.jpg,,0,no_match,no,rescored_here
hypodontia-886-_JPG.rf.1f13f23b4aab2d02a9d7a7af93937432.jpg,,0,no_match,no,rescored_here
caries-2034-_jpeg.rf.8cbe76ea123f76c10bb228a7d7ba490f.jpg,,0,no_match,no,rescored_here
ulcer-320-_jpeg.rf.ea193878a7e6dc7f30ec6ed38672ef1c.jpg,,0,no_match,no,rescored_here
hypodontia-594-_JPG.rf.a7eeeb27563aeaba1cf8c668a82cdf23.jpg,,0,no_match,no,rescored_here
